[2026-08-25T11:54:21.291+0000] {processor.py:161} INFO - Started process (PID=25) to work on /opt/airflow/dags/news_pipeline_dag.py
[2026-08-25T11:54:21.294+0000] {processor.py:830} INFO - Processing file /opt/airflow/dags/news_pipeline_dag.py for tasks to queue
[2026-08-25T11:54:21.294+0000] {logging_mixin.py:188} INFO - [2026-08-25T11:54:21.294+0000] {dagbag.py:538} INFO - Filling up the DagBag from /opt/airflow/dags/news_pipeline_dag.py
[2026-08-25T11:54:21.316+0000] {logging_mixin.py:188} INFO - [2026-08-25T11:54:21.310+0000] {dagbag.py:348} ERROR - Failed to import: /opt/airflow/dags/news_pipeline_dag.py
Traceback (most recent call last):
  File "/home/airflow/.local/lib/python3.11/site-packages/airflow/models/dagbag.py", line 344, in parse
    loader.exec_module(new_module)
  File "<frozen importlib._bootstrap_external>", line 940, in exec_module
  File "<frozen importlib._bootstrap>", line 241, in _call_with_frames_removed
  File "/opt/airflow/dags/news_pipeline_dag.py", line 9, in <module>
    from data_ingestion.rss_fetcher import scrape_articles
  File "/opt/airflow/project_code/data_ingestion/rss_fetcher.py", line 1, in <module>
    import feedparser
ModuleNotFoundError: No module named 'feedparser'
[2026-08-25T11:54:21.316+0000] {processor.py:842} WARNING - No viable dags retrieved from /opt/airflow/dags/news_pipeline_dag.py
[2026-08-25T11:54:21.339+0000] {processor.py:183} INFO - Processing /opt/airflow/dags/news_pipeline_dag.py took 0.053 seconds
[2026-08-25T11:54:51.405+0000] {processor.py:161} INFO - Started process (PID=26) to work on /opt/airflow/dags/news_pipeline_dag.py
[2026-08-25T11:54:51.405+0000] {processor.py:830} INFO - Processing file /opt/airflow/dags/news_pipeline_dag.py for tasks to queue
[2026-08-25T11:54:51.406+0000] {logging_mixin.py:188} INFO - [2026-08-25T11:54:51.406+0000] {dagbag.py:538} INFO - Filling up the DagBag from /opt/airflow/dags/news_pipeline_dag.py
[2026-08-25T11:54:51.409+0000] {logging_mixin.py:188} INFO - [2026-08-25T11:54:51.408+0000] {dagbag.py:348} ERROR - Failed to import: /opt/airflow/dags/news_pipeline_dag.py
Traceback (most recent call last):
  File "/home/airflow/.local/lib/python3.11/site-packages/airflow/models/dagbag.py", line 344, in parse
    loader.exec_module(new_module)
  File "<frozen importlib._bootstrap_external>", line 940, in exec_module
  File "<frozen importlib._bootstrap>", line 241, in _call_with_frames_removed
  File "/opt/airflow/dags/news_pipeline_dag.py", line 9, in <module>
    from data_ingestion.rss_fetcher import scrape_articles
  File "/opt/airflow/project_code/data_ingestion/rss_fetcher.py", line 1, in <module>
    import feedparser
ModuleNotFoundError: No module named 'feedparser'
[2026-08-25T11:54:51.410+0000] {processor.py:842} WARNING - No viable dags retrieved from /opt/airflow/dags/news_pipeline_dag.py
[2026-08-25T11:54:51.428+0000] {processor.py:183} INFO - Processing /opt/airflow/dags/news_pipeline_dag.py took 0.027 seconds
[2026-08-25T11:55:21.545+0000] {processor.py:161} INFO - Started process (PID=27) to work on /opt/airflow/dags/news_pipeline_dag.py
[2026-08-25T11:55:21.546+0000] {processor.py:830} INFO - Processing file /opt/airflow/dags/news_pipeline_dag.py for tasks to queue
[2026-08-25T11:55:21.547+0000] {logging_mixin.py:188} INFO - [2026-08-25T11:55:21.546+0000] {dagbag.py:538} INFO - Filling up the DagBag from /opt/airflow/dags/news_pipeline_dag.py
[2026-08-25T11:55:21.550+0000] {logging_mixin.py:188} INFO - [2026-08-25T11:55:21.549+0000] {dagbag.py:348} ERROR - Failed to import: /opt/airflow/dags/news_pipeline_dag.py
Traceback (most recent call last):
  File "/home/airflow/.local/lib/python3.11/site-packages/airflow/models/dagbag.py", line 344, in parse
    loader.exec_module(new_module)
  File "<frozen importlib._bootstrap_external>", line 940, in exec_module
  File "<frozen importlib._bootstrap>", line 241, in _call_with_frames_removed
  File "/opt/airflow/dags/news_pipeline_dag.py", line 9, in <module>
    from data_ingestion.rss_fetcher import scrape_articles
  File "/opt/airflow/project_code/data_ingestion/rss_fetcher.py", line 1, in <module>
    import feedparser
ModuleNotFoundError: No module named 'feedparser'
[2026-08-25T11:55:21.551+0000] {processor.py:842} WARNING - No viable dags retrieved from /opt/airflow/dags/news_pipeline_dag.py
[2026-08-25T11:55:21.570+0000] {processor.py:183} INFO - Processing /opt/airflow/dags/news_pipeline_dag.py took 0.029 seconds
[2026-08-25T11:55:51.657+0000] {processor.py:161} INFO - Started process (PID=28) to work on /opt/airflow/dags/news_pipeline_dag.py
[2026-08-25T11:55:51.657+0000] {processor.py:830} INFO - Processing file /opt/airflow/dags/news_pipeline_dag.py for tasks to queue
[2026-08-25T11:55:51.658+0000] {logging_mixin.py:188} INFO - [2026-08-25T11:55:51.658+0000] {dagbag.py:538} INFO - Filling up the DagBag from /opt/airflow/dags/news_pipeline_dag.py
[2026-08-25T11:55:51.662+0000] {logging_mixin.py:188} INFO - [2026-08-25T11:55:51.661+0000] {dagbag.py:348} ERROR - Failed to import: /opt/airflow/dags/news_pipeline_dag.py
Traceback (most recent call last):
  File "/home/airflow/.local/lib/python3.11/site-packages/airflow/models/dagbag.py", line 344, in parse
    loader.exec_module(new_module)
  File "<frozen importlib._bootstrap_external>", line 940, in exec_module
  File "<frozen importlib._bootstrap>", line 241, in _call_with_frames_removed
  File "/opt/airflow/dags/news_pipeline_dag.py", line 9, in <module>
    from data_ingestion.rss_fetcher import scrape_articles
  File "/opt/airflow/project_code/data_ingestion/rss_fetcher.py", line 1, in <module>
    import feedparser
ModuleNotFoundError: No module named 'feedparser'
[2026-08-25T11:55:51.662+0000] {processor.py:842} WARNING - No viable dags retrieved from /opt/airflow/dags/news_pipeline_dag.py
[2026-08-25T11:55:51.692+0000] {processor.py:183} INFO - Processing /opt/airflow/dags/news_pipeline_dag.py took 0.038 seconds
[2026-08-25T11:56:21.798+0000] {processor.py:161} INFO - Started process (PID=29) to work on /opt/airflow/dags/news_pipeline_dag.py
[2026-08-25T11:56:21.799+0000] {processor.py:830} INFO - Processing file /opt/airflow/dags/news_pipeline_dag.py for tasks to queue
[2026-08-25T11:56:21.800+0000] {logging_mixin.py:188} INFO - [2026-08-25T11:56:21.800+0000] {dagbag.py:538} INFO - Filling up the DagBag from /opt/airflow/dags/news_pipeline_dag.py
[2026-08-25T11:56:21.805+0000] {logging_mixin.py:188} INFO - [2026-08-25T11:56:21.803+0000] {dagbag.py:348} ERROR - Failed to import: /opt/airflow/dags/news_pipeline_dag.py
Traceback (most recent call last):
  File "/home/airflow/.local/lib/python3.11/site-packages/airflow/models/dagbag.py", line 344, in parse
    loader.exec_module(new_module)
  File "<frozen importlib._bootstrap_external>", line 940, in exec_module
  File "<frozen importlib._bootstrap>", line 241, in _call_with_frames_removed
  File "/opt/airflow/dags/news_pipeline_dag.py", line 9, in <module>
    from data_ingestion.rss_fetcher import scrape_articles
  File "/opt/airflow/project_code/data_ingestion/rss_fetcher.py", line 1, in <module>
    import feedparser
ModuleNotFoundError: No module named 'feedparser'
[2026-08-25T11:56:21.805+0000] {processor.py:842} WARNING - No viable dags retrieved from /opt/airflow/dags/news_pipeline_dag.py
[2026-08-25T11:56:21.824+0000] {processor.py:183} INFO - Processing /opt/airflow/dags/news_pipeline_dag.py took 0.029 seconds
[2026-08-25T11:56:51.940+0000] {processor.py:161} INFO - Started process (PID=30) to work on /opt/airflow/dags/news_pipeline_dag.py
[2026-08-25T11:56:51.941+0000] {processor.py:830} INFO - Processing file /opt/airflow/dags/news_pipeline_dag.py for tasks to queue
[2026-08-25T11:56:51.944+0000] {logging_mixin.py:188} INFO - [2026-08-25T11:56:51.944+0000] {dagbag.py:538} INFO - Filling up the DagBag from /opt/airflow/dags/news_pipeline_dag.py
[2026-08-25T11:56:51.950+0000] {logging_mixin.py:188} INFO - [2026-08-25T11:56:51.948+0000] {dagbag.py:348} ERROR - Failed to import: /opt/airflow/dags/news_pipeline_dag.py
Traceback (most recent call last):
  File "/home/airflow/.local/lib/python3.11/site-packages/airflow/models/dagbag.py", line 344, in parse
    loader.exec_module(new_module)
  File "<frozen importlib._bootstrap_external>", line 940, in exec_module
  File "<frozen importlib._bootstrap>", line 241, in _call_with_frames_removed
  File "/opt/airflow/dags/news_pipeline_dag.py", line 9, in <module>
    from data_ingestion.rss_fetcher import scrape_articles
  File "/opt/airflow/project_code/data_ingestion/rss_fetcher.py", line 1, in <module>
    import feedparser
ModuleNotFoundError: No module named 'feedparser'
[2026-08-25T11:56:51.951+0000] {processor.py:842} WARNING - No viable dags retrieved from /opt/airflow/dags/news_pipeline_dag.py
[2026-08-25T11:56:51.980+0000] {processor.py:183} INFO - Processing /opt/airflow/dags/news_pipeline_dag.py took 0.058 seconds
[2026-08-25T11:57:22.051+0000] {processor.py:161} INFO - Started process (PID=31) to work on /opt/airflow/dags/news_pipeline_dag.py
[2026-08-25T11:57:22.051+0000] {processor.py:830} INFO - Processing file /opt/airflow/dags/news_pipeline_dag.py for tasks to queue
[2026-08-25T11:57:22.052+0000] {logging_mixin.py:188} INFO - [2026-08-25T11:57:22.052+0000] {dagbag.py:538} INFO - Filling up the DagBag from /opt/airflow/dags/news_pipeline_dag.py
[2026-08-25T11:57:22.055+0000] {logging_mixin.py:188} INFO - [2026-08-25T11:57:22.054+0000] {dagbag.py:348} ERROR - Failed to import: /opt/airflow/dags/news_pipeline_dag.py
Traceback (most recent call last):
  File "/home/airflow/.local/lib/python3.11/site-packages/airflow/models/dagbag.py", line 344, in parse
    loader.exec_module(new_module)
  File "<frozen importlib._bootstrap_external>", line 940, in exec_module
  File "<frozen importlib._bootstrap>", line 241, in _call_with_frames_removed
  File "/opt/airflow/dags/news_pipeline_dag.py", line 9, in <module>
    from data_ingestion.rss_fetcher import scrape_articles
  File "/opt/airflow/project_code/data_ingestion/rss_fetcher.py", line 1, in <module>
    import feedparser
ModuleNotFoundError: No module named 'feedparser'
[2026-08-25T11:57:22.056+0000] {processor.py:842} WARNING - No viable dags retrieved from /opt/airflow/dags/news_pipeline_dag.py
[2026-08-25T11:57:22.080+0000] {processor.py:183} INFO - Processing /opt/airflow/dags/news_pipeline_dag.py took 0.032 seconds
[2026-08-25T11:57:52.187+0000] {processor.py:161} INFO - Started process (PID=32) to work on /opt/airflow/dags/news_pipeline_dag.py
[2026-08-25T11:57:52.188+0000] {processor.py:830} INFO - Processing file /opt/airflow/dags/news_pipeline_dag.py for tasks to queue
[2026-08-25T11:57:52.189+0000] {logging_mixin.py:188} INFO - [2026-08-25T11:57:52.189+0000] {dagbag.py:538} INFO - Filling up the DagBag from /opt/airflow/dags/news_pipeline_dag.py
[2026-08-25T11:57:52.193+0000] {logging_mixin.py:188} INFO - [2026-08-25T11:57:52.192+0000] {dagbag.py:348} ERROR - Failed to import: /opt/airflow/dags/news_pipeline_dag.py
Traceback (most recent call last):
  File "/home/airflow/.local/lib/python3.11/site-packages/airflow/models/dagbag.py", line 344, in parse
    loader.exec_module(new_module)
  File "<frozen importlib._bootstrap_external>", line 940, in exec_module
  File "<frozen importlib._bootstrap>", line 241, in _call_with_frames_removed
  File "/opt/airflow/dags/news_pipeline_dag.py", line 9, in <module>
    from data_ingestion.rss_fetcher import scrape_articles
  File "/opt/airflow/project_code/data_ingestion/rss_fetcher.py", line 1, in <module>
    import feedparser
ModuleNotFoundError: No module named 'feedparser'
[2026-08-25T11:57:52.194+0000] {processor.py:842} WARNING - No viable dags retrieved from /opt/airflow/dags/news_pipeline_dag.py
[2026-08-25T11:57:52.213+0000] {processor.py:183} INFO - Processing /opt/airflow/dags/news_pipeline_dag.py took 0.029 seconds
[2026-08-25T11:58:22.300+0000] {processor.py:161} INFO - Started process (PID=33) to work on /opt/airflow/dags/news_pipeline_dag.py
[2026-08-25T11:58:22.301+0000] {processor.py:830} INFO - Processing file /opt/airflow/dags/news_pipeline_dag.py for tasks to queue
[2026-08-25T11:58:22.302+0000] {logging_mixin.py:188} INFO - [2026-08-25T11:58:22.301+0000] {dagbag.py:538} INFO - Filling up the DagBag from /opt/airflow/dags/news_pipeline_dag.py
[2026-08-25T11:58:22.305+0000] {logging_mixin.py:188} INFO - [2026-08-25T11:58:22.304+0000] {dagbag.py:348} ERROR - Failed to import: /opt/airflow/dags/news_pipeline_dag.py
Traceback (most recent call last):
  File "/home/airflow/.local/lib/python3.11/site-packages/airflow/models/dagbag.py", line 344, in parse
    loader.exec_module(new_module)
  File "<frozen importlib._bootstrap_external>", line 940, in exec_module
  File "<frozen importlib._bootstrap>", line 241, in _call_with_frames_removed
  File "/opt/airflow/dags/news_pipeline_dag.py", line 9, in <module>
    from data_ingestion.rss_fetcher import scrape_articles
  File "/opt/airflow/project_code/data_ingestion/rss_fetcher.py", line 1, in <module>
    import feedparser
ModuleNotFoundError: No module named 'feedparser'
[2026-08-25T11:58:22.305+0000] {processor.py:842} WARNING - No viable dags retrieved from /opt/airflow/dags/news_pipeline_dag.py
[2026-08-25T11:58:22.323+0000] {processor.py:183} INFO - Processing /opt/airflow/dags/news_pipeline_dag.py took 0.028 seconds
[2026-08-25T11:58:52.413+0000] {processor.py:161} INFO - Started process (PID=34) to work on /opt/airflow/dags/news_pipeline_dag.py
[2026-08-25T11:58:52.413+0000] {processor.py:830} INFO - Processing file /opt/airflow/dags/news_pipeline_dag.py for tasks to queue
[2026-08-25T11:58:52.414+0000] {logging_mixin.py:188} INFO - [2026-08-25T11:58:52.414+0000] {dagbag.py:538} INFO - Filling up the DagBag from /opt/airflow/dags/news_pipeline_dag.py
[2026-08-25T11:58:52.418+0000] {logging_mixin.py:188} INFO - [2026-08-25T11:58:52.417+0000] {dagbag.py:348} ERROR - Failed to import: /opt/airflow/dags/news_pipeline_dag.py
Traceback (most recent call last):
  File "/home/airflow/.local/lib/python3.11/site-packages/airflow/models/dagbag.py", line 344, in parse
    loader.exec_module(new_module)
  File "<frozen importlib._bootstrap_external>", line 940, in exec_module
  File "<frozen importlib._bootstrap>", line 241, in _call_with_frames_removed
  File "/opt/airflow/dags/news_pipeline_dag.py", line 9, in <module>
    from data_ingestion.rss_fetcher import scrape_articles
  File "/opt/airflow/project_code/data_ingestion/rss_fetcher.py", line 1, in <module>
    import feedparser
ModuleNotFoundError: No module named 'feedparser'
[2026-08-25T11:58:52.418+0000] {processor.py:842} WARNING - No viable dags retrieved from /opt/airflow/dags/news_pipeline_dag.py
[2026-08-25T11:58:52.436+0000] {processor.py:183} INFO - Processing /opt/airflow/dags/news_pipeline_dag.py took 0.026 seconds
[2026-08-25T11:59:22.531+0000] {processor.py:161} INFO - Started process (PID=35) to work on /opt/airflow/dags/news_pipeline_dag.py
[2026-08-25T11:59:22.531+0000] {processor.py:830} INFO - Processing file /opt/airflow/dags/news_pipeline_dag.py for tasks to queue
[2026-08-25T11:59:22.532+0000] {logging_mixin.py:188} INFO - [2026-08-25T11:59:22.532+0000] {dagbag.py:538} INFO - Filling up the DagBag from /opt/airflow/dags/news_pipeline_dag.py
[2026-08-25T11:59:22.535+0000] {logging_mixin.py:188} INFO - [2026-08-25T11:59:22.534+0000] {dagbag.py:348} ERROR - Failed to import: /opt/airflow/dags/news_pipeline_dag.py
Traceback (most recent call last):
  File "/home/airflow/.local/lib/python3.11/site-packages/airflow/models/dagbag.py", line 344, in parse
    loader.exec_module(new_module)
  File "<frozen importlib._bootstrap_external>", line 940, in exec_module
  File "<frozen importlib._bootstrap>", line 241, in _call_with_frames_removed
  File "/opt/airflow/dags/news_pipeline_dag.py", line 9, in <module>
    from data_ingestion.rss_fetcher import scrape_articles
  File "/opt/airflow/project_code/data_ingestion/rss_fetcher.py", line 1, in <module>
    import feedparser
ModuleNotFoundError: No module named 'feedparser'
[2026-08-25T11:59:22.536+0000] {processor.py:842} WARNING - No viable dags retrieved from /opt/airflow/dags/news_pipeline_dag.py
[2026-08-25T11:59:22.553+0000] {processor.py:183} INFO - Processing /opt/airflow/dags/news_pipeline_dag.py took 0.025 seconds
[2026-08-25T11:59:52.639+0000] {processor.py:161} INFO - Started process (PID=36) to work on /opt/airflow/dags/news_pipeline_dag.py
[2026-08-25T11:59:52.640+0000] {processor.py:830} INFO - Processing file /opt/airflow/dags/news_pipeline_dag.py for tasks to queue
[2026-08-25T11:59:52.640+0000] {logging_mixin.py:188} INFO - [2026-08-25T11:59:52.640+0000] {dagbag.py:538} INFO - Filling up the DagBag from /opt/airflow/dags/news_pipeline_dag.py
[2026-08-25T11:59:52.644+0000] {logging_mixin.py:188} INFO - [2026-08-25T11:59:52.643+0000] {dagbag.py:348} ERROR - Failed to import: /opt/airflow/dags/news_pipeline_dag.py
Traceback (most recent call last):
  File "/home/airflow/.local/lib/python3.11/site-packages/airflow/models/dagbag.py", line 344, in parse
    loader.exec_module(new_module)
  File "<frozen importlib._bootstrap_external>", line 940, in exec_module
  File "<frozen importlib._bootstrap>", line 241, in _call_with_frames_removed
  File "/opt/airflow/dags/news_pipeline_dag.py", line 9, in <module>
    from data_ingestion.rss_fetcher import scrape_articles
  File "/opt/airflow/project_code/data_ingestion/rss_fetcher.py", line 1, in <module>
    import feedparser
ModuleNotFoundError: No module named 'feedparser'
[2026-08-25T11:59:52.644+0000] {processor.py:842} WARNING - No viable dags retrieved from /opt/airflow/dags/news_pipeline_dag.py
[2026-08-25T11:59:52.661+0000] {processor.py:183} INFO - Processing /opt/airflow/dags/news_pipeline_dag.py took 0.026 seconds
[2026-08-25T12:00:22.756+0000] {processor.py:161} INFO - Started process (PID=37) to work on /opt/airflow/dags/news_pipeline_dag.py
[2026-08-25T12:00:22.757+0000] {processor.py:830} INFO - Processing file /opt/airflow/dags/news_pipeline_dag.py for tasks to queue
[2026-08-25T12:00:22.758+0000] {logging_mixin.py:188} INFO - [2026-08-25T12:00:22.758+0000] {dagbag.py:538} INFO - Filling up the DagBag from /opt/airflow/dags/news_pipeline_dag.py
[2026-08-25T12:00:22.764+0000] {logging_mixin.py:188} INFO - [2026-08-25T12:00:22.763+0000] {dagbag.py:348} ERROR - Failed to import: /opt/airflow/dags/news_pipeline_dag.py
Traceback (most recent call last):
  File "/home/airflow/.local/lib/python3.11/site-packages/airflow/models/dagbag.py", line 344, in parse
    loader.exec_module(new_module)
  File "<frozen importlib._bootstrap_external>", line 940, in exec_module
  File "<frozen importlib._bootstrap>", line 241, in _call_with_frames_removed
  File "/opt/airflow/dags/news_pipeline_dag.py", line 9, in <module>
    from data_ingestion.rss_fetcher import scrape_articles
  File "/opt/airflow/project_code/data_ingestion/rss_fetcher.py", line 1, in <module>
    import feedparser
ModuleNotFoundError: No module named 'feedparser'
[2026-08-25T12:00:22.765+0000] {processor.py:842} WARNING - No viable dags retrieved from /opt/airflow/dags/news_pipeline_dag.py
[2026-08-25T12:00:22.811+0000] {processor.py:183} INFO - Processing /opt/airflow/dags/news_pipeline_dag.py took 0.058 seconds
[2026-08-25T12:00:52.887+0000] {processor.py:161} INFO - Started process (PID=38) to work on /opt/airflow/dags/news_pipeline_dag.py
[2026-08-25T12:00:52.888+0000] {processor.py:830} INFO - Processing file /opt/airflow/dags/news_pipeline_dag.py for tasks to queue
[2026-08-25T12:00:52.889+0000] {logging_mixin.py:188} INFO - [2026-08-25T12:00:52.889+0000] {dagbag.py:538} INFO - Filling up the DagBag from /opt/airflow/dags/news_pipeline_dag.py
[2026-08-25T12:00:52.893+0000] {logging_mixin.py:188} INFO - [2026-08-25T12:00:52.892+0000] {dagbag.py:348} ERROR - Failed to import: /opt/airflow/dags/news_pipeline_dag.py
Traceback (most recent call last):
  File "/home/airflow/.local/lib/python3.11/site-packages/airflow/models/dagbag.py", line 344, in parse
    loader.exec_module(new_module)
  File "<frozen importlib._bootstrap_external>", line 940, in exec_module
  File "<frozen importlib._bootstrap>", line 241, in _call_with_frames_removed
  File "/opt/airflow/dags/news_pipeline_dag.py", line 9, in <module>
    from data_ingestion.rss_fetcher import scrape_articles
  File "/opt/airflow/project_code/data_ingestion/rss_fetcher.py", line 1, in <module>
    import feedparser
ModuleNotFoundError: No module named 'feedparser'
[2026-08-25T12:00:52.893+0000] {processor.py:842} WARNING - No viable dags retrieved from /opt/airflow/dags/news_pipeline_dag.py
[2026-08-25T12:00:52.912+0000] {processor.py:183} INFO - Processing /opt/airflow/dags/news_pipeline_dag.py took 0.028 seconds
[2026-08-25T12:01:23.003+0000] {processor.py:161} INFO - Started process (PID=39) to work on /opt/airflow/dags/news_pipeline_dag.py
[2026-08-25T12:01:23.004+0000] {processor.py:830} INFO - Processing file /opt/airflow/dags/news_pipeline_dag.py for tasks to queue
[2026-08-25T12:01:23.004+0000] {logging_mixin.py:188} INFO - [2026-08-25T12:01:23.004+0000] {dagbag.py:538} INFO - Filling up the DagBag from /opt/airflow/dags/news_pipeline_dag.py
[2026-08-25T12:01:23.008+0000] {logging_mixin.py:188} INFO - [2026-08-25T12:01:23.007+0000] {dagbag.py:348} ERROR - Failed to import: /opt/airflow/dags/news_pipeline_dag.py
Traceback (most recent call last):
  File "/home/airflow/.local/lib/python3.11/site-packages/airflow/models/dagbag.py", line 344, in parse
    loader.exec_module(new_module)
  File "<frozen importlib._bootstrap_external>", line 940, in exec_module
  File "<frozen importlib._bootstrap>", line 241, in _call_with_frames_removed
  File "/opt/airflow/dags/news_pipeline_dag.py", line 9, in <module>
    from data_ingestion.rss_fetcher import scrape_articles
  File "/opt/airflow/project_code/data_ingestion/rss_fetcher.py", line 1, in <module>
    import feedparser
ModuleNotFoundError: No module named 'feedparser'
[2026-08-25T12:01:23.008+0000] {processor.py:842} WARNING - No viable dags retrieved from /opt/airflow/dags/news_pipeline_dag.py
[2026-08-25T12:01:23.026+0000] {processor.py:183} INFO - Processing /opt/airflow/dags/news_pipeline_dag.py took 0.026 seconds
[2026-08-25T12:02:39.211+0000] {processor.py:161} INFO - Started process (PID=37) to work on /opt/airflow/dags/news_pipeline_dag.py
[2026-08-25T12:02:39.216+0000] {processor.py:830} INFO - Processing file /opt/airflow/dags/news_pipeline_dag.py for tasks to queue
[2026-08-25T12:02:39.222+0000] {logging_mixin.py:188} INFO - [2026-08-25T12:02:39.217+0000] {dagbag.py:538} INFO - Filling up the DagBag from /opt/airflow/dags/news_pipeline_dag.py
[2026-08-25T12:02:39.393+0000] {logging_mixin.py:188} INFO - [2026-08-25T12:02:39.390+0000] {dagbag.py:348} ERROR - Failed to import: /opt/airflow/dags/news_pipeline_dag.py
Traceback (most recent call last):
  File "/home/airflow/.local/lib/python3.11/site-packages/airflow/models/dagbag.py", line 344, in parse
    loader.exec_module(new_module)
  File "<frozen importlib._bootstrap_external>", line 940, in exec_module
  File "<frozen importlib._bootstrap>", line 241, in _call_with_frames_removed
  File "/opt/airflow/dags/news_pipeline_dag.py", line 9, in <module>
    from data_ingestion.rss_fetcher import scrape_articles
ImportError: cannot import name 'scrape_articles' from 'data_ingestion.rss_fetcher' (/opt/airflow/project_code/data_ingestion/rss_fetcher.py)
[2026-08-25T12:02:39.394+0000] {processor.py:842} WARNING - No viable dags retrieved from /opt/airflow/dags/news_pipeline_dag.py
[2026-08-25T12:02:39.450+0000] {processor.py:183} INFO - Processing /opt/airflow/dags/news_pipeline_dag.py took 0.255 seconds
[2026-08-25T12:03:09.600+0000] {processor.py:161} INFO - Started process (PID=38) to work on /opt/airflow/dags/news_pipeline_dag.py
[2026-08-25T12:03:09.602+0000] {processor.py:830} INFO - Processing file /opt/airflow/dags/news_pipeline_dag.py for tasks to queue
[2026-08-25T12:03:09.603+0000] {logging_mixin.py:188} INFO - [2026-08-25T12:03:09.603+0000] {dagbag.py:538} INFO - Filling up the DagBag from /opt/airflow/dags/news_pipeline_dag.py
[2026-08-25T12:03:09.643+0000] {logging_mixin.py:188} INFO - [2026-08-25T12:03:09.641+0000] {dagbag.py:348} ERROR - Failed to import: /opt/airflow/dags/news_pipeline_dag.py
Traceback (most recent call last):
  File "/home/airflow/.local/lib/python3.11/site-packages/airflow/models/dagbag.py", line 344, in parse
    loader.exec_module(new_module)
  File "<frozen importlib._bootstrap_external>", line 940, in exec_module
  File "<frozen importlib._bootstrap>", line 241, in _call_with_frames_removed
  File "/opt/airflow/dags/news_pipeline_dag.py", line 9, in <module>
    from data_ingestion.rss_fetcher import scrape_articles
ImportError: cannot import name 'scrape_articles' from 'data_ingestion.rss_fetcher' (/opt/airflow/project_code/data_ingestion/rss_fetcher.py)
[2026-08-25T12:03:09.643+0000] {processor.py:842} WARNING - No viable dags retrieved from /opt/airflow/dags/news_pipeline_dag.py
[2026-08-25T12:03:09.663+0000] {processor.py:183} INFO - Processing /opt/airflow/dags/news_pipeline_dag.py took 0.066 seconds
[2026-08-25T12:03:39.716+0000] {processor.py:161} INFO - Started process (PID=46) to work on /opt/airflow/dags/news_pipeline_dag.py
[2026-08-25T12:03:39.719+0000] {processor.py:830} INFO - Processing file /opt/airflow/dags/news_pipeline_dag.py for tasks to queue
[2026-08-25T12:03:39.719+0000] {logging_mixin.py:188} INFO - [2026-08-25T12:03:39.719+0000] {dagbag.py:538} INFO - Filling up the DagBag from /opt/airflow/dags/news_pipeline_dag.py
[2026-08-25T12:03:39.765+0000] {logging_mixin.py:188} INFO - [2026-08-25T12:03:39.763+0000] {dagbag.py:348} ERROR - Failed to import: /opt/airflow/dags/news_pipeline_dag.py
Traceback (most recent call last):
  File "/home/airflow/.local/lib/python3.11/site-packages/airflow/models/dagbag.py", line 344, in parse
    loader.exec_module(new_module)
  File "<frozen importlib._bootstrap_external>", line 940, in exec_module
  File "<frozen importlib._bootstrap>", line 241, in _call_with_frames_removed
  File "/opt/airflow/dags/news_pipeline_dag.py", line 9, in <module>
    from data_ingestion.rss_fetcher import scrape_articles
ImportError: cannot import name 'scrape_articles' from 'data_ingestion.rss_fetcher' (/opt/airflow/project_code/data_ingestion/rss_fetcher.py)
[2026-08-25T12:03:39.766+0000] {processor.py:842} WARNING - No viable dags retrieved from /opt/airflow/dags/news_pipeline_dag.py
[2026-08-25T12:03:39.783+0000] {processor.py:183} INFO - Processing /opt/airflow/dags/news_pipeline_dag.py took 0.076 seconds
[2026-08-25T12:04:09.862+0000] {processor.py:161} INFO - Started process (PID=47) to work on /opt/airflow/dags/news_pipeline_dag.py
[2026-08-25T12:04:09.862+0000] {processor.py:830} INFO - Processing file /opt/airflow/dags/news_pipeline_dag.py for tasks to queue
[2026-08-25T12:04:09.863+0000] {logging_mixin.py:188} INFO - [2026-08-25T12:04:09.863+0000] {dagbag.py:538} INFO - Filling up the DagBag from /opt/airflow/dags/news_pipeline_dag.py
[2026-08-25T12:04:09.908+0000] {logging_mixin.py:188} INFO - [2026-08-25T12:04:09.906+0000] {dagbag.py:348} ERROR - Failed to import: /opt/airflow/dags/news_pipeline_dag.py
Traceback (most recent call last):
  File "/home/airflow/.local/lib/python3.11/site-packages/airflow/models/dagbag.py", line 344, in parse
    loader.exec_module(new_module)
  File "<frozen importlib._bootstrap_external>", line 940, in exec_module
  File "<frozen importlib._bootstrap>", line 241, in _call_with_frames_removed
  File "/opt/airflow/dags/news_pipeline_dag.py", line 9, in <module>
    from data_ingestion.rss_fetcher import scrape_articles
ImportError: cannot import name 'scrape_articles' from 'data_ingestion.rss_fetcher' (/opt/airflow/project_code/data_ingestion/rss_fetcher.py)
[2026-08-25T12:04:09.908+0000] {processor.py:842} WARNING - No viable dags retrieved from /opt/airflow/dags/news_pipeline_dag.py
[2026-08-25T12:04:09.925+0000] {processor.py:183} INFO - Processing /opt/airflow/dags/news_pipeline_dag.py took 0.067 seconds
[2026-08-25T12:04:39.999+0000] {processor.py:161} INFO - Started process (PID=48) to work on /opt/airflow/dags/news_pipeline_dag.py
[2026-08-25T12:04:40.000+0000] {processor.py:830} INFO - Processing file /opt/airflow/dags/news_pipeline_dag.py for tasks to queue
[2026-08-25T12:04:40.001+0000] {logging_mixin.py:188} INFO - [2026-08-25T12:04:40.000+0000] {dagbag.py:538} INFO - Filling up the DagBag from /opt/airflow/dags/news_pipeline_dag.py
[2026-08-25T12:04:40.078+0000] {logging_mixin.py:188} INFO - [2026-08-25T12:04:40.076+0000] {dagbag.py:348} ERROR - Failed to import: /opt/airflow/dags/news_pipeline_dag.py
Traceback (most recent call last):
  File "/home/airflow/.local/lib/python3.11/site-packages/airflow/models/dagbag.py", line 344, in parse
    loader.exec_module(new_module)
  File "<frozen importlib._bootstrap_external>", line 940, in exec_module
  File "<frozen importlib._bootstrap>", line 241, in _call_with_frames_removed
  File "/opt/airflow/dags/news_pipeline_dag.py", line 9, in <module>
    from data_ingestion.rss_fetcher import scrape_articles
ImportError: cannot import name 'scrape_articles' from 'data_ingestion.rss_fetcher' (/opt/airflow/project_code/data_ingestion/rss_fetcher.py)
[2026-08-25T12:04:40.079+0000] {processor.py:842} WARNING - No viable dags retrieved from /opt/airflow/dags/news_pipeline_dag.py
[2026-08-25T12:04:40.099+0000] {processor.py:183} INFO - Processing /opt/airflow/dags/news_pipeline_dag.py took 0.104 seconds
[2026-08-25T12:05:10.133+0000] {processor.py:161} INFO - Started process (PID=49) to work on /opt/airflow/dags/news_pipeline_dag.py
[2026-08-25T12:05:10.134+0000] {processor.py:830} INFO - Processing file /opt/airflow/dags/news_pipeline_dag.py for tasks to queue
[2026-08-25T12:05:10.134+0000] {logging_mixin.py:188} INFO - [2026-08-25T12:05:10.134+0000] {dagbag.py:538} INFO - Filling up the DagBag from /opt/airflow/dags/news_pipeline_dag.py
[2026-08-25T12:05:10.164+0000] {logging_mixin.py:188} INFO - [2026-08-25T12:05:10.163+0000] {dagbag.py:348} ERROR - Failed to import: /opt/airflow/dags/news_pipeline_dag.py
Traceback (most recent call last):
  File "/home/airflow/.local/lib/python3.11/site-packages/airflow/models/dagbag.py", line 344, in parse
    loader.exec_module(new_module)
  File "<frozen importlib._bootstrap_external>", line 940, in exec_module
  File "<frozen importlib._bootstrap>", line 241, in _call_with_frames_removed
  File "/opt/airflow/dags/news_pipeline_dag.py", line 9, in <module>
    from data_ingestion.rss_fetcher import scrape_articles
ImportError: cannot import name 'scrape_articles' from 'data_ingestion.rss_fetcher' (/opt/airflow/project_code/data_ingestion/rss_fetcher.py)
[2026-08-25T12:05:10.164+0000] {processor.py:842} WARNING - No viable dags retrieved from /opt/airflow/dags/news_pipeline_dag.py
[2026-08-25T12:05:10.185+0000] {processor.py:183} INFO - Processing /opt/airflow/dags/news_pipeline_dag.py took 0.055 seconds
[2026-08-25T12:05:40.307+0000] {processor.py:161} INFO - Started process (PID=50) to work on /opt/airflow/dags/news_pipeline_dag.py
[2026-08-25T12:05:40.308+0000] {processor.py:830} INFO - Processing file /opt/airflow/dags/news_pipeline_dag.py for tasks to queue
[2026-08-25T12:05:40.309+0000] {logging_mixin.py:188} INFO - [2026-08-25T12:05:40.309+0000] {dagbag.py:538} INFO - Filling up the DagBag from /opt/airflow/dags/news_pipeline_dag.py
[2026-08-25T12:05:40.340+0000] {logging_mixin.py:188} INFO - [2026-08-25T12:05:40.339+0000] {dagbag.py:348} ERROR - Failed to import: /opt/airflow/dags/news_pipeline_dag.py
Traceback (most recent call last):
  File "/home/airflow/.local/lib/python3.11/site-packages/airflow/models/dagbag.py", line 344, in parse
    loader.exec_module(new_module)
  File "<frozen importlib._bootstrap_external>", line 940, in exec_module
  File "<frozen importlib._bootstrap>", line 241, in _call_with_frames_removed
  File "/opt/airflow/dags/news_pipeline_dag.py", line 9, in <module>
    from data_ingestion.rss_fetcher import scrape_articles
ImportError: cannot import name 'scrape_articles' from 'data_ingestion.rss_fetcher' (/opt/airflow/project_code/data_ingestion/rss_fetcher.py)
[2026-08-25T12:05:40.341+0000] {processor.py:842} WARNING - No viable dags retrieved from /opt/airflow/dags/news_pipeline_dag.py
[2026-08-25T12:05:40.358+0000] {processor.py:183} INFO - Processing /opt/airflow/dags/news_pipeline_dag.py took 0.054 seconds
[2026-08-25T12:06:10.417+0000] {processor.py:161} INFO - Started process (PID=51) to work on /opt/airflow/dags/news_pipeline_dag.py
[2026-08-25T12:06:10.418+0000] {processor.py:830} INFO - Processing file /opt/airflow/dags/news_pipeline_dag.py for tasks to queue
[2026-08-25T12:06:10.418+0000] {logging_mixin.py:188} INFO - [2026-08-25T12:06:10.418+0000] {dagbag.py:538} INFO - Filling up the DagBag from /opt/airflow/dags/news_pipeline_dag.py
[2026-08-25T12:06:10.449+0000] {logging_mixin.py:188} INFO - [2026-08-25T12:06:10.448+0000] {dagbag.py:348} ERROR - Failed to import: /opt/airflow/dags/news_pipeline_dag.py
Traceback (most recent call last):
  File "/home/airflow/.local/lib/python3.11/site-packages/airflow/models/dagbag.py", line 344, in parse
    loader.exec_module(new_module)
  File "<frozen importlib._bootstrap_external>", line 940, in exec_module
  File "<frozen importlib._bootstrap>", line 241, in _call_with_frames_removed
  File "/opt/airflow/dags/news_pipeline_dag.py", line 9, in <module>
    from data_ingestion.rss_fetcher import scrape_articles
ImportError: cannot import name 'scrape_articles' from 'data_ingestion.rss_fetcher' (/opt/airflow/project_code/data_ingestion/rss_fetcher.py)
[2026-08-25T12:06:10.449+0000] {processor.py:842} WARNING - No viable dags retrieved from /opt/airflow/dags/news_pipeline_dag.py
[2026-08-25T12:06:10.466+0000] {processor.py:183} INFO - Processing /opt/airflow/dags/news_pipeline_dag.py took 0.052 seconds
[2026-08-25T12:06:40.562+0000] {processor.py:161} INFO - Started process (PID=52) to work on /opt/airflow/dags/news_pipeline_dag.py
[2026-08-25T12:06:40.562+0000] {processor.py:830} INFO - Processing file /opt/airflow/dags/news_pipeline_dag.py for tasks to queue
[2026-08-25T12:06:40.563+0000] {logging_mixin.py:188} INFO - [2026-08-25T12:06:40.563+0000] {dagbag.py:538} INFO - Filling up the DagBag from /opt/airflow/dags/news_pipeline_dag.py
[2026-08-25T12:06:40.602+0000] {logging_mixin.py:188} INFO - [2026-08-25T12:06:40.601+0000] {dagbag.py:348} ERROR - Failed to import: /opt/airflow/dags/news_pipeline_dag.py
Traceback (most recent call last):
  File "/home/airflow/.local/lib/python3.11/site-packages/airflow/models/dagbag.py", line 344, in parse
    loader.exec_module(new_module)
  File "<frozen importlib._bootstrap_external>", line 940, in exec_module
  File "<frozen importlib._bootstrap>", line 241, in _call_with_frames_removed
  File "/opt/airflow/dags/news_pipeline_dag.py", line 9, in <module>
    from data_ingestion.rss_fetcher import scrape_articles
ImportError: cannot import name 'scrape_articles' from 'data_ingestion.rss_fetcher' (/opt/airflow/project_code/data_ingestion/rss_fetcher.py)
[2026-08-25T12:06:40.603+0000] {processor.py:842} WARNING - No viable dags retrieved from /opt/airflow/dags/news_pipeline_dag.py
[2026-08-25T12:06:40.628+0000] {processor.py:183} INFO - Processing /opt/airflow/dags/news_pipeline_dag.py took 0.069 seconds
[2026-08-25T12:07:10.687+0000] {processor.py:161} INFO - Started process (PID=53) to work on /opt/airflow/dags/news_pipeline_dag.py
[2026-08-25T12:07:10.687+0000] {processor.py:830} INFO - Processing file /opt/airflow/dags/news_pipeline_dag.py for tasks to queue
[2026-08-25T12:07:10.688+0000] {logging_mixin.py:188} INFO - [2026-08-25T12:07:10.688+0000] {dagbag.py:538} INFO - Filling up the DagBag from /opt/airflow/dags/news_pipeline_dag.py
[2026-08-25T12:07:10.721+0000] {logging_mixin.py:188} INFO - [2026-08-25T12:07:10.720+0000] {dagbag.py:348} ERROR - Failed to import: /opt/airflow/dags/news_pipeline_dag.py
Traceback (most recent call last):
  File "/home/airflow/.local/lib/python3.11/site-packages/airflow/models/dagbag.py", line 344, in parse
    loader.exec_module(new_module)
  File "<frozen importlib._bootstrap_external>", line 940, in exec_module
  File "<frozen importlib._bootstrap>", line 241, in _call_with_frames_removed
  File "/opt/airflow/dags/news_pipeline_dag.py", line 9, in <module>
    from data_ingestion.rss_fetcher import scrape_articles
ImportError: cannot import name 'scrape_articles' from 'data_ingestion.rss_fetcher' (/opt/airflow/project_code/data_ingestion/rss_fetcher.py)
[2026-08-25T12:07:10.721+0000] {processor.py:842} WARNING - No viable dags retrieved from /opt/airflow/dags/news_pipeline_dag.py
[2026-08-25T12:07:10.740+0000] {processor.py:183} INFO - Processing /opt/airflow/dags/news_pipeline_dag.py took 0.057 seconds
[2026-08-25T12:07:40.844+0000] {processor.py:161} INFO - Started process (PID=54) to work on /opt/airflow/dags/news_pipeline_dag.py
[2026-08-25T12:07:40.845+0000] {processor.py:830} INFO - Processing file /opt/airflow/dags/news_pipeline_dag.py for tasks to queue
[2026-08-25T12:07:40.846+0000] {logging_mixin.py:188} INFO - [2026-08-25T12:07:40.845+0000] {dagbag.py:538} INFO - Filling up the DagBag from /opt/airflow/dags/news_pipeline_dag.py
[2026-08-25T12:07:40.876+0000] {logging_mixin.py:188} INFO - [2026-08-25T12:07:40.875+0000] {dagbag.py:348} ERROR - Failed to import: /opt/airflow/dags/news_pipeline_dag.py
Traceback (most recent call last):
  File "/home/airflow/.local/lib/python3.11/site-packages/airflow/models/dagbag.py", line 344, in parse
    loader.exec_module(new_module)
  File "<frozen importlib._bootstrap_external>", line 940, in exec_module
  File "<frozen importlib._bootstrap>", line 241, in _call_with_frames_removed
  File "/opt/airflow/dags/news_pipeline_dag.py", line 9, in <module>
    from data_ingestion.rss_fetcher import scrape_articles
ImportError: cannot import name 'scrape_articles' from 'data_ingestion.rss_fetcher' (/opt/airflow/project_code/data_ingestion/rss_fetcher.py)
[2026-08-25T12:07:40.877+0000] {processor.py:842} WARNING - No viable dags retrieved from /opt/airflow/dags/news_pipeline_dag.py
[2026-08-25T12:07:40.899+0000] {processor.py:183} INFO - Processing /opt/airflow/dags/news_pipeline_dag.py took 0.058 seconds
[2026-08-25T12:08:10.959+0000] {processor.py:161} INFO - Started process (PID=55) to work on /opt/airflow/dags/news_pipeline_dag.py
[2026-08-25T12:08:10.960+0000] {processor.py:830} INFO - Processing file /opt/airflow/dags/news_pipeline_dag.py for tasks to queue
[2026-08-25T12:08:10.960+0000] {logging_mixin.py:188} INFO - [2026-08-25T12:08:10.960+0000] {dagbag.py:538} INFO - Filling up the DagBag from /opt/airflow/dags/news_pipeline_dag.py
[2026-08-25T12:08:10.998+0000] {logging_mixin.py:188} INFO - [2026-08-25T12:08:10.998+0000] {dagbag.py:348} ERROR - Failed to import: /opt/airflow/dags/news_pipeline_dag.py
Traceback (most recent call last):
  File "/home/airflow/.local/lib/python3.11/site-packages/airflow/models/dagbag.py", line 344, in parse
    loader.exec_module(new_module)
  File "<frozen importlib._bootstrap_external>", line 940, in exec_module
  File "<frozen importlib._bootstrap>", line 241, in _call_with_frames_removed
  File "/opt/airflow/dags/news_pipeline_dag.py", line 9, in <module>
    from data_ingestion.rss_fetcher import scrape_articles
ImportError: cannot import name 'scrape_articles' from 'data_ingestion.rss_fetcher' (/opt/airflow/project_code/data_ingestion/rss_fetcher.py)
[2026-08-25T12:08:10.999+0000] {processor.py:842} WARNING - No viable dags retrieved from /opt/airflow/dags/news_pipeline_dag.py
[2026-08-25T12:08:11.016+0000] {processor.py:183} INFO - Processing /opt/airflow/dags/news_pipeline_dag.py took 0.060 seconds
[2026-08-25T12:08:41.106+0000] {processor.py:161} INFO - Started process (PID=56) to work on /opt/airflow/dags/news_pipeline_dag.py
[2026-08-25T12:08:41.107+0000] {processor.py:830} INFO - Processing file /opt/airflow/dags/news_pipeline_dag.py for tasks to queue
[2026-08-25T12:08:41.108+0000] {logging_mixin.py:188} INFO - [2026-08-25T12:08:41.108+0000] {dagbag.py:538} INFO - Filling up the DagBag from /opt/airflow/dags/news_pipeline_dag.py
[2026-08-25T12:08:41.140+0000] {logging_mixin.py:188} INFO - [2026-08-25T12:08:41.139+0000] {dagbag.py:348} ERROR - Failed to import: /opt/airflow/dags/news_pipeline_dag.py
Traceback (most recent call last):
  File "/home/airflow/.local/lib/python3.11/site-packages/airflow/models/dagbag.py", line 344, in parse
    loader.exec_module(new_module)
  File "<frozen importlib._bootstrap_external>", line 940, in exec_module
  File "<frozen importlib._bootstrap>", line 241, in _call_with_frames_removed
  File "/opt/airflow/dags/news_pipeline_dag.py", line 9, in <module>
    from data_ingestion.rss_fetcher import scrape_articles
ImportError: cannot import name 'scrape_articles' from 'data_ingestion.rss_fetcher' (/opt/airflow/project_code/data_ingestion/rss_fetcher.py)
[2026-08-25T12:08:41.140+0000] {processor.py:842} WARNING - No viable dags retrieved from /opt/airflow/dags/news_pipeline_dag.py
[2026-08-25T12:08:41.159+0000] {processor.py:183} INFO - Processing /opt/airflow/dags/news_pipeline_dag.py took 0.056 seconds
[2026-08-25T12:09:11.258+0000] {processor.py:161} INFO - Started process (PID=57) to work on /opt/airflow/dags/news_pipeline_dag.py
[2026-08-25T12:09:11.259+0000] {processor.py:830} INFO - Processing file /opt/airflow/dags/news_pipeline_dag.py for tasks to queue
[2026-08-25T12:09:11.260+0000] {logging_mixin.py:188} INFO - [2026-08-25T12:09:11.260+0000] {dagbag.py:538} INFO - Filling up the DagBag from /opt/airflow/dags/news_pipeline_dag.py
[2026-08-25T12:09:11.296+0000] {logging_mixin.py:188} INFO - [2026-08-25T12:09:11.295+0000] {dagbag.py:348} ERROR - Failed to import: /opt/airflow/dags/news_pipeline_dag.py
Traceback (most recent call last):
  File "/home/airflow/.local/lib/python3.11/site-packages/airflow/models/dagbag.py", line 344, in parse
    loader.exec_module(new_module)
  File "<frozen importlib._bootstrap_external>", line 940, in exec_module
  File "<frozen importlib._bootstrap>", line 241, in _call_with_frames_removed
  File "/opt/airflow/dags/news_pipeline_dag.py", line 9, in <module>
    from data_ingestion.rss_fetcher import scrape_articles
ImportError: cannot import name 'scrape_articles' from 'data_ingestion.rss_fetcher' (/opt/airflow/project_code/data_ingestion/rss_fetcher.py)
[2026-08-25T12:09:11.296+0000] {processor.py:842} WARNING - No viable dags retrieved from /opt/airflow/dags/news_pipeline_dag.py
[2026-08-25T12:09:11.314+0000] {processor.py:183} INFO - Processing /opt/airflow/dags/news_pipeline_dag.py took 0.059 seconds
[2026-08-25T12:10:24.968+0000] {processor.py:161} INFO - Started process (PID=37) to work on /opt/airflow/dags/news_pipeline_dag.py
[2026-08-25T12:10:24.972+0000] {processor.py:830} INFO - Processing file /opt/airflow/dags/news_pipeline_dag.py for tasks to queue
[2026-08-25T12:10:24.973+0000] {logging_mixin.py:188} INFO - [2026-08-25T12:10:24.972+0000] {dagbag.py:538} INFO - Filling up the DagBag from /opt/airflow/dags/news_pipeline_dag.py
[2026-08-25T12:10:25.060+0000] {logging_mixin.py:188} INFO - [2026-08-25T12:10:25.055+0000] {dagbag.py:348} ERROR - Failed to import: /opt/airflow/dags/news_pipeline_dag.py
Traceback (most recent call last):
  File "/home/airflow/.local/lib/python3.11/site-packages/airflow/models/dagbag.py", line 344, in parse
    loader.exec_module(new_module)
  File "<frozen importlib._bootstrap_external>", line 940, in exec_module
  File "<frozen importlib._bootstrap>", line 241, in _call_with_frames_removed
  File "/opt/airflow/dags/news_pipeline_dag.py", line 9, in <module>
    from data_ingestion.rss_fetcher import scrape_articles
ImportError: cannot import name 'scrape_articles' from 'data_ingestion.rss_fetcher' (/opt/airflow/project_code/data_ingestion/rss_fetcher.py)
[2026-08-25T12:10:25.060+0000] {processor.py:842} WARNING - No viable dags retrieved from /opt/airflow/dags/news_pipeline_dag.py
[2026-08-25T12:10:25.096+0000] {processor.py:183} INFO - Processing /opt/airflow/dags/news_pipeline_dag.py took 0.141 seconds
[2026-08-25T12:10:55.218+0000] {processor.py:161} INFO - Started process (PID=38) to work on /opt/airflow/dags/news_pipeline_dag.py
[2026-08-25T12:10:55.218+0000] {processor.py:830} INFO - Processing file /opt/airflow/dags/news_pipeline_dag.py for tasks to queue
[2026-08-25T12:10:55.219+0000] {logging_mixin.py:188} INFO - [2026-08-25T12:10:55.219+0000] {dagbag.py:538} INFO - Filling up the DagBag from /opt/airflow/dags/news_pipeline_dag.py
[2026-08-25T12:10:55.271+0000] {logging_mixin.py:188} INFO - [2026-08-25T12:10:55.270+0000] {dagbag.py:348} ERROR - Failed to import: /opt/airflow/dags/news_pipeline_dag.py
Traceback (most recent call last):
  File "/home/airflow/.local/lib/python3.11/site-packages/airflow/models/dagbag.py", line 344, in parse
    loader.exec_module(new_module)
  File "<frozen importlib._bootstrap_external>", line 940, in exec_module
  File "<frozen importlib._bootstrap>", line 241, in _call_with_frames_removed
  File "/opt/airflow/dags/news_pipeline_dag.py", line 9, in <module>
    from data_ingestion.rss_fetcher import scrape_articles
ImportError: cannot import name 'scrape_articles' from 'data_ingestion.rss_fetcher' (/opt/airflow/project_code/data_ingestion/rss_fetcher.py)
[2026-08-25T12:10:55.271+0000] {processor.py:842} WARNING - No viable dags retrieved from /opt/airflow/dags/news_pipeline_dag.py
[2026-08-25T12:10:55.294+0000] {processor.py:183} INFO - Processing /opt/airflow/dags/news_pipeline_dag.py took 0.080 seconds
[2026-08-25T12:11:25.366+0000] {processor.py:161} INFO - Started process (PID=39) to work on /opt/airflow/dags/news_pipeline_dag.py
[2026-08-25T12:11:25.366+0000] {processor.py:830} INFO - Processing file /opt/airflow/dags/news_pipeline_dag.py for tasks to queue
[2026-08-25T12:11:25.367+0000] {logging_mixin.py:188} INFO - [2026-08-25T12:11:25.367+0000] {dagbag.py:538} INFO - Filling up the DagBag from /opt/airflow/dags/news_pipeline_dag.py
[2026-08-25T12:11:25.407+0000] {logging_mixin.py:188} INFO - [2026-08-25T12:11:25.406+0000] {dagbag.py:348} ERROR - Failed to import: /opt/airflow/dags/news_pipeline_dag.py
Traceback (most recent call last):
  File "/home/airflow/.local/lib/python3.11/site-packages/airflow/models/dagbag.py", line 344, in parse
    loader.exec_module(new_module)
  File "<frozen importlib._bootstrap_external>", line 940, in exec_module
  File "<frozen importlib._bootstrap>", line 241, in _call_with_frames_removed
  File "/opt/airflow/dags/news_pipeline_dag.py", line 9, in <module>
    from data_ingestion.rss_fetcher import scrape_articles
ImportError: cannot import name 'scrape_articles' from 'data_ingestion.rss_fetcher' (/opt/airflow/project_code/data_ingestion/rss_fetcher.py)
[2026-08-25T12:11:25.407+0000] {processor.py:842} WARNING - No viable dags retrieved from /opt/airflow/dags/news_pipeline_dag.py
[2026-08-25T12:11:25.429+0000] {processor.py:183} INFO - Processing /opt/airflow/dags/news_pipeline_dag.py took 0.066 seconds
[2026-08-25T12:11:55.511+0000] {processor.py:161} INFO - Started process (PID=40) to work on /opt/airflow/dags/news_pipeline_dag.py
[2026-08-25T12:11:55.511+0000] {processor.py:830} INFO - Processing file /opt/airflow/dags/news_pipeline_dag.py for tasks to queue
[2026-08-25T12:11:55.512+0000] {logging_mixin.py:188} INFO - [2026-08-25T12:11:55.512+0000] {dagbag.py:538} INFO - Filling up the DagBag from /opt/airflow/dags/news_pipeline_dag.py
[2026-08-25T12:11:55.543+0000] {logging_mixin.py:188} INFO - [2026-08-25T12:11:55.542+0000] {dagbag.py:348} ERROR - Failed to import: /opt/airflow/dags/news_pipeline_dag.py
Traceback (most recent call last):
  File "/home/airflow/.local/lib/python3.11/site-packages/airflow/models/dagbag.py", line 344, in parse
    loader.exec_module(new_module)
  File "<frozen importlib._bootstrap_external>", line 940, in exec_module
  File "<frozen importlib._bootstrap>", line 241, in _call_with_frames_removed
  File "/opt/airflow/dags/news_pipeline_dag.py", line 9, in <module>
    from data_ingestion.rss_fetcher import scrape_articles
ImportError: cannot import name 'scrape_articles' from 'data_ingestion.rss_fetcher' (/opt/airflow/project_code/data_ingestion/rss_fetcher.py)
[2026-08-25T12:11:55.543+0000] {processor.py:842} WARNING - No viable dags retrieved from /opt/airflow/dags/news_pipeline_dag.py
[2026-08-25T12:11:55.564+0000] {processor.py:183} INFO - Processing /opt/airflow/dags/news_pipeline_dag.py took 0.055 seconds
[2026-08-25T12:12:25.636+0000] {processor.py:161} INFO - Started process (PID=41) to work on /opt/airflow/dags/news_pipeline_dag.py
[2026-08-25T12:12:25.637+0000] {processor.py:830} INFO - Processing file /opt/airflow/dags/news_pipeline_dag.py for tasks to queue
[2026-08-25T12:12:25.637+0000] {logging_mixin.py:188} INFO - [2026-08-25T12:12:25.637+0000] {dagbag.py:538} INFO - Filling up the DagBag from /opt/airflow/dags/news_pipeline_dag.py
[2026-08-25T12:12:25.674+0000] {logging_mixin.py:188} INFO - [2026-08-25T12:12:25.673+0000] {dagbag.py:348} ERROR - Failed to import: /opt/airflow/dags/news_pipeline_dag.py
Traceback (most recent call last):
  File "/home/airflow/.local/lib/python3.11/site-packages/airflow/models/dagbag.py", line 344, in parse
    loader.exec_module(new_module)
  File "<frozen importlib._bootstrap_external>", line 940, in exec_module
  File "<frozen importlib._bootstrap>", line 241, in _call_with_frames_removed
  File "/opt/airflow/dags/news_pipeline_dag.py", line 9, in <module>
    from data_ingestion.rss_fetcher import scrape_articles
ImportError: cannot import name 'scrape_articles' from 'data_ingestion.rss_fetcher' (/opt/airflow/project_code/data_ingestion/rss_fetcher.py)
[2026-08-25T12:12:25.675+0000] {processor.py:842} WARNING - No viable dags retrieved from /opt/airflow/dags/news_pipeline_dag.py
[2026-08-25T12:12:25.702+0000] {processor.py:183} INFO - Processing /opt/airflow/dags/news_pipeline_dag.py took 0.069 seconds
[2026-08-25T12:12:55.779+0000] {processor.py:161} INFO - Started process (PID=42) to work on /opt/airflow/dags/news_pipeline_dag.py
[2026-08-25T12:12:55.782+0000] {processor.py:830} INFO - Processing file /opt/airflow/dags/news_pipeline_dag.py for tasks to queue
[2026-08-25T12:12:55.782+0000] {logging_mixin.py:188} INFO - [2026-08-25T12:12:55.782+0000] {dagbag.py:538} INFO - Filling up the DagBag from /opt/airflow/dags/news_pipeline_dag.py
[2026-08-25T12:12:55.816+0000] {logging_mixin.py:188} INFO - [2026-08-25T12:12:55.815+0000] {dagbag.py:348} ERROR - Failed to import: /opt/airflow/dags/news_pipeline_dag.py
Traceback (most recent call last):
  File "/home/airflow/.local/lib/python3.11/site-packages/airflow/models/dagbag.py", line 344, in parse
    loader.exec_module(new_module)
  File "<frozen importlib._bootstrap_external>", line 940, in exec_module
  File "<frozen importlib._bootstrap>", line 241, in _call_with_frames_removed
  File "/opt/airflow/dags/news_pipeline_dag.py", line 9, in <module>
    from data_ingestion.rss_fetcher import scrape_articles
ImportError: cannot import name 'scrape_articles' from 'data_ingestion.rss_fetcher' (/opt/airflow/project_code/data_ingestion/rss_fetcher.py)
[2026-08-25T12:12:55.817+0000] {processor.py:842} WARNING - No viable dags retrieved from /opt/airflow/dags/news_pipeline_dag.py
[2026-08-25T12:12:55.835+0000] {processor.py:183} INFO - Processing /opt/airflow/dags/news_pipeline_dag.py took 0.059 seconds
[2026-08-25T12:13:25.933+0000] {processor.py:161} INFO - Started process (PID=43) to work on /opt/airflow/dags/news_pipeline_dag.py
[2026-08-25T12:13:25.933+0000] {processor.py:830} INFO - Processing file /opt/airflow/dags/news_pipeline_dag.py for tasks to queue
[2026-08-25T12:13:25.934+0000] {logging_mixin.py:188} INFO - [2026-08-25T12:13:25.934+0000] {dagbag.py:538} INFO - Filling up the DagBag from /opt/airflow/dags/news_pipeline_dag.py
[2026-08-25T12:13:25.966+0000] {logging_mixin.py:188} INFO - [2026-08-25T12:13:25.965+0000] {dagbag.py:348} ERROR - Failed to import: /opt/airflow/dags/news_pipeline_dag.py
Traceback (most recent call last):
  File "/home/airflow/.local/lib/python3.11/site-packages/airflow/models/dagbag.py", line 344, in parse
    loader.exec_module(new_module)
  File "<frozen importlib._bootstrap_external>", line 940, in exec_module
  File "<frozen importlib._bootstrap>", line 241, in _call_with_frames_removed
  File "/opt/airflow/dags/news_pipeline_dag.py", line 9, in <module>
    from data_ingestion.rss_fetcher import scrape_articles
ImportError: cannot import name 'scrape_articles' from 'data_ingestion.rss_fetcher' (/opt/airflow/project_code/data_ingestion/rss_fetcher.py)
[2026-08-25T12:13:25.967+0000] {processor.py:842} WARNING - No viable dags retrieved from /opt/airflow/dags/news_pipeline_dag.py
[2026-08-25T12:13:25.990+0000] {processor.py:183} INFO - Processing /opt/airflow/dags/news_pipeline_dag.py took 0.060 seconds
[2026-08-25T12:13:56.048+0000] {processor.py:161} INFO - Started process (PID=44) to work on /opt/airflow/dags/news_pipeline_dag.py
[2026-08-25T12:13:56.048+0000] {processor.py:830} INFO - Processing file /opt/airflow/dags/news_pipeline_dag.py for tasks to queue
[2026-08-25T12:13:56.049+0000] {logging_mixin.py:188} INFO - [2026-08-25T12:13:56.049+0000] {dagbag.py:538} INFO - Filling up the DagBag from /opt/airflow/dags/news_pipeline_dag.py
[2026-08-25T12:13:56.083+0000] {logging_mixin.py:188} INFO - [2026-08-25T12:13:56.082+0000] {dagbag.py:348} ERROR - Failed to import: /opt/airflow/dags/news_pipeline_dag.py
Traceback (most recent call last):
  File "/home/airflow/.local/lib/python3.11/site-packages/airflow/models/dagbag.py", line 344, in parse
    loader.exec_module(new_module)
  File "<frozen importlib._bootstrap_external>", line 940, in exec_module
  File "<frozen importlib._bootstrap>", line 241, in _call_with_frames_removed
  File "/opt/airflow/dags/news_pipeline_dag.py", line 9, in <module>
    from data_ingestion.rss_fetcher import scrape_articles
ImportError: cannot import name 'scrape_articles' from 'data_ingestion.rss_fetcher' (/opt/airflow/project_code/data_ingestion/rss_fetcher.py)
[2026-08-25T12:13:56.084+0000] {processor.py:842} WARNING - No viable dags retrieved from /opt/airflow/dags/news_pipeline_dag.py
[2026-08-25T12:13:56.105+0000] {processor.py:183} INFO - Processing /opt/airflow/dags/news_pipeline_dag.py took 0.060 seconds
[2026-08-25T12:14:26.203+0000] {processor.py:161} INFO - Started process (PID=45) to work on /opt/airflow/dags/news_pipeline_dag.py
[2026-08-25T12:14:26.204+0000] {processor.py:830} INFO - Processing file /opt/airflow/dags/news_pipeline_dag.py for tasks to queue
[2026-08-25T12:14:26.205+0000] {logging_mixin.py:188} INFO - [2026-08-25T12:14:26.204+0000] {dagbag.py:538} INFO - Filling up the DagBag from /opt/airflow/dags/news_pipeline_dag.py
[2026-08-25T12:14:26.233+0000] {logging_mixin.py:188} INFO - [2026-08-25T12:14:26.233+0000] {dagbag.py:348} ERROR - Failed to import: /opt/airflow/dags/news_pipeline_dag.py
Traceback (most recent call last):
  File "/home/airflow/.local/lib/python3.11/site-packages/airflow/models/dagbag.py", line 344, in parse
    loader.exec_module(new_module)
  File "<frozen importlib._bootstrap_external>", line 940, in exec_module
  File "<frozen importlib._bootstrap>", line 241, in _call_with_frames_removed
  File "/opt/airflow/dags/news_pipeline_dag.py", line 9, in <module>
    from data_ingestion.rss_fetcher import scrape_articles
ImportError: cannot import name 'scrape_articles' from 'data_ingestion.rss_fetcher' (/opt/airflow/project_code/data_ingestion/rss_fetcher.py)
[2026-08-25T12:14:26.234+0000] {processor.py:842} WARNING - No viable dags retrieved from /opt/airflow/dags/news_pipeline_dag.py
[2026-08-25T12:14:26.250+0000] {processor.py:183} INFO - Processing /opt/airflow/dags/news_pipeline_dag.py took 0.051 seconds
[2026-08-25T12:14:56.318+0000] {processor.py:161} INFO - Started process (PID=46) to work on /opt/airflow/dags/news_pipeline_dag.py
[2026-08-25T12:14:56.318+0000] {processor.py:830} INFO - Processing file /opt/airflow/dags/news_pipeline_dag.py for tasks to queue
[2026-08-25T12:14:56.319+0000] {logging_mixin.py:188} INFO - [2026-08-25T12:14:56.318+0000] {dagbag.py:538} INFO - Filling up the DagBag from /opt/airflow/dags/news_pipeline_dag.py
[2026-08-25T12:14:56.349+0000] {logging_mixin.py:188} INFO - [2026-08-25T12:14:56.348+0000] {dagbag.py:348} ERROR - Failed to import: /opt/airflow/dags/news_pipeline_dag.py
Traceback (most recent call last):
  File "/home/airflow/.local/lib/python3.11/site-packages/airflow/models/dagbag.py", line 344, in parse
    loader.exec_module(new_module)
  File "<frozen importlib._bootstrap_external>", line 940, in exec_module
  File "<frozen importlib._bootstrap>", line 241, in _call_with_frames_removed
  File "/opt/airflow/dags/news_pipeline_dag.py", line 9, in <module>
    from data_ingestion.rss_fetcher import scrape_articles
ImportError: cannot import name 'scrape_articles' from 'data_ingestion.rss_fetcher' (/opt/airflow/project_code/data_ingestion/rss_fetcher.py)
[2026-08-25T12:14:56.349+0000] {processor.py:842} WARNING - No viable dags retrieved from /opt/airflow/dags/news_pipeline_dag.py
[2026-08-25T12:14:56.366+0000] {processor.py:183} INFO - Processing /opt/airflow/dags/news_pipeline_dag.py took 0.051 seconds
[2026-08-25T12:15:26.455+0000] {processor.py:161} INFO - Started process (PID=47) to work on /opt/airflow/dags/news_pipeline_dag.py
[2026-08-25T12:15:26.455+0000] {processor.py:830} INFO - Processing file /opt/airflow/dags/news_pipeline_dag.py for tasks to queue
[2026-08-25T12:15:26.456+0000] {logging_mixin.py:188} INFO - [2026-08-25T12:15:26.455+0000] {dagbag.py:538} INFO - Filling up the DagBag from /opt/airflow/dags/news_pipeline_dag.py
[2026-08-25T12:15:26.497+0000] {logging_mixin.py:188} INFO - [2026-08-25T12:15:26.496+0000] {dagbag.py:348} ERROR - Failed to import: /opt/airflow/dags/news_pipeline_dag.py
Traceback (most recent call last):
  File "/home/airflow/.local/lib/python3.11/site-packages/airflow/models/dagbag.py", line 344, in parse
    loader.exec_module(new_module)
  File "<frozen importlib._bootstrap_external>", line 940, in exec_module
  File "<frozen importlib._bootstrap>", line 241, in _call_with_frames_removed
  File "/opt/airflow/dags/news_pipeline_dag.py", line 9, in <module>
    from data_ingestion.rss_fetcher import scrape_articles
ImportError: cannot import name 'scrape_articles' from 'data_ingestion.rss_fetcher' (/opt/airflow/project_code/data_ingestion/rss_fetcher.py)
[2026-08-25T12:15:26.497+0000] {processor.py:842} WARNING - No viable dags retrieved from /opt/airflow/dags/news_pipeline_dag.py
[2026-08-25T12:15:26.514+0000] {processor.py:183} INFO - Processing /opt/airflow/dags/news_pipeline_dag.py took 0.063 seconds
[2026-08-25T12:15:56.572+0000] {processor.py:161} INFO - Started process (PID=48) to work on /opt/airflow/dags/news_pipeline_dag.py
[2026-08-25T12:15:56.572+0000] {processor.py:830} INFO - Processing file /opt/airflow/dags/news_pipeline_dag.py for tasks to queue
[2026-08-25T12:15:56.573+0000] {logging_mixin.py:188} INFO - [2026-08-25T12:15:56.573+0000] {dagbag.py:538} INFO - Filling up the DagBag from /opt/airflow/dags/news_pipeline_dag.py
[2026-08-25T12:15:56.609+0000] {logging_mixin.py:188} INFO - [2026-08-25T12:15:56.608+0000] {dagbag.py:348} ERROR - Failed to import: /opt/airflow/dags/news_pipeline_dag.py
Traceback (most recent call last):
  File "/home/airflow/.local/lib/python3.11/site-packages/airflow/models/dagbag.py", line 344, in parse
    loader.exec_module(new_module)
  File "<frozen importlib._bootstrap_external>", line 940, in exec_module
  File "<frozen importlib._bootstrap>", line 241, in _call_with_frames_removed
  File "/opt/airflow/dags/news_pipeline_dag.py", line 9, in <module>
    from data_ingestion.rss_fetcher import scrape_articles
ImportError: cannot import name 'scrape_articles' from 'data_ingestion.rss_fetcher' (/opt/airflow/project_code/data_ingestion/rss_fetcher.py)
[2026-08-25T12:15:56.609+0000] {processor.py:842} WARNING - No viable dags retrieved from /opt/airflow/dags/news_pipeline_dag.py
[2026-08-25T12:15:56.628+0000] {processor.py:183} INFO - Processing /opt/airflow/dags/news_pipeline_dag.py took 0.059 seconds
[2026-08-25T12:16:26.712+0000] {processor.py:161} INFO - Started process (PID=49) to work on /opt/airflow/dags/news_pipeline_dag.py
[2026-08-25T12:16:26.712+0000] {processor.py:830} INFO - Processing file /opt/airflow/dags/news_pipeline_dag.py for tasks to queue
[2026-08-25T12:16:26.713+0000] {logging_mixin.py:188} INFO - [2026-08-25T12:16:26.713+0000] {dagbag.py:538} INFO - Filling up the DagBag from /opt/airflow/dags/news_pipeline_dag.py
[2026-08-25T12:16:26.747+0000] {logging_mixin.py:188} INFO - [2026-08-25T12:16:26.746+0000] {dagbag.py:348} ERROR - Failed to import: /opt/airflow/dags/news_pipeline_dag.py
Traceback (most recent call last):
  File "/home/airflow/.local/lib/python3.11/site-packages/airflow/models/dagbag.py", line 344, in parse
    loader.exec_module(new_module)
  File "<frozen importlib._bootstrap_external>", line 940, in exec_module
  File "<frozen importlib._bootstrap>", line 241, in _call_with_frames_removed
  File "/opt/airflow/dags/news_pipeline_dag.py", line 9, in <module>
    from data_ingestion.rss_fetcher import scrape_articles
ImportError: cannot import name 'scrape_articles' from 'data_ingestion.rss_fetcher' (/opt/airflow/project_code/data_ingestion/rss_fetcher.py)
[2026-08-25T12:16:26.747+0000] {processor.py:842} WARNING - No viable dags retrieved from /opt/airflow/dags/news_pipeline_dag.py
[2026-08-25T12:16:26.765+0000] {processor.py:183} INFO - Processing /opt/airflow/dags/news_pipeline_dag.py took 0.056 seconds
[2026-08-25T12:16:56.828+0000] {processor.py:161} INFO - Started process (PID=50) to work on /opt/airflow/dags/news_pipeline_dag.py
[2026-08-25T12:16:56.828+0000] {processor.py:830} INFO - Processing file /opt/airflow/dags/news_pipeline_dag.py for tasks to queue
[2026-08-25T12:16:56.829+0000] {logging_mixin.py:188} INFO - [2026-08-25T12:16:56.829+0000] {dagbag.py:538} INFO - Filling up the DagBag from /opt/airflow/dags/news_pipeline_dag.py
[2026-08-25T12:16:56.859+0000] {logging_mixin.py:188} INFO - [2026-08-25T12:16:56.858+0000] {dagbag.py:348} ERROR - Failed to import: /opt/airflow/dags/news_pipeline_dag.py
Traceback (most recent call last):
  File "/home/airflow/.local/lib/python3.11/site-packages/airflow/models/dagbag.py", line 344, in parse
    loader.exec_module(new_module)
  File "<frozen importlib._bootstrap_external>", line 940, in exec_module
  File "<frozen importlib._bootstrap>", line 241, in _call_with_frames_removed
  File "/opt/airflow/dags/news_pipeline_dag.py", line 9, in <module>
    from data_ingestion.rss_fetcher import scrape_articles
ImportError: cannot import name 'scrape_articles' from 'data_ingestion.rss_fetcher' (/opt/airflow/project_code/data_ingestion/rss_fetcher.py)
[2026-08-25T12:16:56.859+0000] {processor.py:842} WARNING - No viable dags retrieved from /opt/airflow/dags/news_pipeline_dag.py
[2026-08-25T12:16:56.882+0000] {processor.py:183} INFO - Processing /opt/airflow/dags/news_pipeline_dag.py took 0.057 seconds
[2026-08-25T12:17:26.964+0000] {processor.py:161} INFO - Started process (PID=51) to work on /opt/airflow/dags/news_pipeline_dag.py
[2026-08-25T12:17:26.965+0000] {processor.py:830} INFO - Processing file /opt/airflow/dags/news_pipeline_dag.py for tasks to queue
[2026-08-25T12:17:26.966+0000] {logging_mixin.py:188} INFO - [2026-08-25T12:17:26.965+0000] {dagbag.py:538} INFO - Filling up the DagBag from /opt/airflow/dags/news_pipeline_dag.py
[2026-08-25T12:17:27.001+0000] {logging_mixin.py:188} INFO - [2026-08-25T12:17:27.000+0000] {dagbag.py:348} ERROR - Failed to import: /opt/airflow/dags/news_pipeline_dag.py
Traceback (most recent call last):
  File "/home/airflow/.local/lib/python3.11/site-packages/airflow/models/dagbag.py", line 344, in parse
    loader.exec_module(new_module)
  File "<frozen importlib._bootstrap_external>", line 940, in exec_module
  File "<frozen importlib._bootstrap>", line 241, in _call_with_frames_removed
  File "/opt/airflow/dags/news_pipeline_dag.py", line 9, in <module>
    from data_ingestion.rss_fetcher import scrape_articles
ImportError: cannot import name 'scrape_articles' from 'data_ingestion.rss_fetcher' (/opt/airflow/project_code/data_ingestion/rss_fetcher.py)
[2026-08-25T12:17:27.001+0000] {processor.py:842} WARNING - No viable dags retrieved from /opt/airflow/dags/news_pipeline_dag.py
[2026-08-25T12:17:27.019+0000] {processor.py:183} INFO - Processing /opt/airflow/dags/news_pipeline_dag.py took 0.058 seconds
[2026-08-25T12:17:57.083+0000] {processor.py:161} INFO - Started process (PID=52) to work on /opt/airflow/dags/news_pipeline_dag.py
[2026-08-25T12:17:57.084+0000] {processor.py:830} INFO - Processing file /opt/airflow/dags/news_pipeline_dag.py for tasks to queue
[2026-08-25T12:17:57.085+0000] {logging_mixin.py:188} INFO - [2026-08-25T12:17:57.084+0000] {dagbag.py:538} INFO - Filling up the DagBag from /opt/airflow/dags/news_pipeline_dag.py
[2026-08-25T12:17:57.121+0000] {logging_mixin.py:188} INFO - [2026-08-25T12:17:57.120+0000] {dagbag.py:348} ERROR - Failed to import: /opt/airflow/dags/news_pipeline_dag.py
Traceback (most recent call last):
  File "/home/airflow/.local/lib/python3.11/site-packages/airflow/models/dagbag.py", line 344, in parse
    loader.exec_module(new_module)
  File "<frozen importlib._bootstrap_external>", line 940, in exec_module
  File "<frozen importlib._bootstrap>", line 241, in _call_with_frames_removed
  File "/opt/airflow/dags/news_pipeline_dag.py", line 9, in <module>
    from data_ingestion.rss_fetcher import scrape_articles
ImportError: cannot import name 'scrape_articles' from 'data_ingestion.rss_fetcher' (/opt/airflow/project_code/data_ingestion/rss_fetcher.py)
[2026-08-25T12:17:57.121+0000] {processor.py:842} WARNING - No viable dags retrieved from /opt/airflow/dags/news_pipeline_dag.py
[2026-08-25T12:17:57.151+0000] {processor.py:183} INFO - Processing /opt/airflow/dags/news_pipeline_dag.py took 0.071 seconds
[2026-08-25T12:18:27.229+0000] {processor.py:161} INFO - Started process (PID=53) to work on /opt/airflow/dags/news_pipeline_dag.py
[2026-08-25T12:18:27.230+0000] {processor.py:830} INFO - Processing file /opt/airflow/dags/news_pipeline_dag.py for tasks to queue
[2026-08-25T12:18:27.231+0000] {logging_mixin.py:188} INFO - [2026-08-25T12:18:27.230+0000] {dagbag.py:538} INFO - Filling up the DagBag from /opt/airflow/dags/news_pipeline_dag.py
[2026-08-25T12:18:27.262+0000] {logging_mixin.py:188} INFO - [2026-08-25T12:18:27.261+0000] {dagbag.py:348} ERROR - Failed to import: /opt/airflow/dags/news_pipeline_dag.py
Traceback (most recent call last):
  File "/home/airflow/.local/lib/python3.11/site-packages/airflow/models/dagbag.py", line 344, in parse
    loader.exec_module(new_module)
  File "<frozen importlib._bootstrap_external>", line 940, in exec_module
  File "<frozen importlib._bootstrap>", line 241, in _call_with_frames_removed
  File "/opt/airflow/dags/news_pipeline_dag.py", line 9, in <module>
    from data_ingestion.rss_fetcher import scrape_articles
ImportError: cannot import name 'scrape_articles' from 'data_ingestion.rss_fetcher' (/opt/airflow/project_code/data_ingestion/rss_fetcher.py)
[2026-08-25T12:18:27.262+0000] {processor.py:842} WARNING - No viable dags retrieved from /opt/airflow/dags/news_pipeline_dag.py
[2026-08-25T12:18:27.282+0000] {processor.py:183} INFO - Processing /opt/airflow/dags/news_pipeline_dag.py took 0.055 seconds
[2026-08-25T12:18:57.355+0000] {processor.py:161} INFO - Started process (PID=54) to work on /opt/airflow/dags/news_pipeline_dag.py
[2026-08-25T12:18:57.356+0000] {processor.py:830} INFO - Processing file /opt/airflow/dags/news_pipeline_dag.py for tasks to queue
[2026-08-25T12:18:57.357+0000] {logging_mixin.py:188} INFO - [2026-08-25T12:18:57.356+0000] {dagbag.py:538} INFO - Filling up the DagBag from /opt/airflow/dags/news_pipeline_dag.py
[2026-08-25T12:18:57.394+0000] {logging_mixin.py:188} INFO - [2026-08-25T12:18:57.393+0000] {dagbag.py:348} ERROR - Failed to import: /opt/airflow/dags/news_pipeline_dag.py
Traceback (most recent call last):
  File "/home/airflow/.local/lib/python3.11/site-packages/airflow/models/dagbag.py", line 344, in parse
    loader.exec_module(new_module)
  File "<frozen importlib._bootstrap_external>", line 940, in exec_module
  File "<frozen importlib._bootstrap>", line 241, in _call_with_frames_removed
  File "/opt/airflow/dags/news_pipeline_dag.py", line 9, in <module>
    from data_ingestion.rss_fetcher import scrape_articles
ImportError: cannot import name 'scrape_articles' from 'data_ingestion.rss_fetcher' (/opt/airflow/project_code/data_ingestion/rss_fetcher.py)
[2026-08-25T12:18:57.394+0000] {processor.py:842} WARNING - No viable dags retrieved from /opt/airflow/dags/news_pipeline_dag.py
[2026-08-25T12:18:57.412+0000] {processor.py:183} INFO - Processing /opt/airflow/dags/news_pipeline_dag.py took 0.059 seconds
[2026-08-25T12:19:27.496+0000] {processor.py:161} INFO - Started process (PID=55) to work on /opt/airflow/dags/news_pipeline_dag.py
[2026-08-25T12:19:27.497+0000] {processor.py:830} INFO - Processing file /opt/airflow/dags/news_pipeline_dag.py for tasks to queue
[2026-08-25T12:19:27.497+0000] {logging_mixin.py:188} INFO - [2026-08-25T12:19:27.497+0000] {dagbag.py:538} INFO - Filling up the DagBag from /opt/airflow/dags/news_pipeline_dag.py
[2026-08-25T12:19:27.527+0000] {logging_mixin.py:188} INFO - [2026-08-25T12:19:27.527+0000] {dagbag.py:348} ERROR - Failed to import: /opt/airflow/dags/news_pipeline_dag.py
Traceback (most recent call last):
  File "/home/airflow/.local/lib/python3.11/site-packages/airflow/models/dagbag.py", line 344, in parse
    loader.exec_module(new_module)
  File "<frozen importlib._bootstrap_external>", line 940, in exec_module
  File "<frozen importlib._bootstrap>", line 241, in _call_with_frames_removed
  File "/opt/airflow/dags/news_pipeline_dag.py", line 9, in <module>
    from data_ingestion.rss_fetcher import scrape_articles
ImportError: cannot import name 'scrape_articles' from 'data_ingestion.rss_fetcher' (/opt/airflow/project_code/data_ingestion/rss_fetcher.py)
[2026-08-25T12:19:27.528+0000] {processor.py:842} WARNING - No viable dags retrieved from /opt/airflow/dags/news_pipeline_dag.py
[2026-08-25T12:19:27.545+0000] {processor.py:183} INFO - Processing /opt/airflow/dags/news_pipeline_dag.py took 0.051 seconds
[2026-08-25T12:19:57.615+0000] {processor.py:161} INFO - Started process (PID=56) to work on /opt/airflow/dags/news_pipeline_dag.py
[2026-08-25T12:19:57.615+0000] {processor.py:830} INFO - Processing file /opt/airflow/dags/news_pipeline_dag.py for tasks to queue
[2026-08-25T12:19:57.616+0000] {logging_mixin.py:188} INFO - [2026-08-25T12:19:57.616+0000] {dagbag.py:538} INFO - Filling up the DagBag from /opt/airflow/dags/news_pipeline_dag.py
[2026-08-25T12:19:57.646+0000] {logging_mixin.py:188} INFO - [2026-08-25T12:19:57.645+0000] {dagbag.py:348} ERROR - Failed to import: /opt/airflow/dags/news_pipeline_dag.py
Traceback (most recent call last):
  File "/home/airflow/.local/lib/python3.11/site-packages/airflow/models/dagbag.py", line 344, in parse
    loader.exec_module(new_module)
  File "<frozen importlib._bootstrap_external>", line 940, in exec_module
  File "<frozen importlib._bootstrap>", line 241, in _call_with_frames_removed
  File "/opt/airflow/dags/news_pipeline_dag.py", line 9, in <module>
    from data_ingestion.rss_fetcher import scrape_articles
ImportError: cannot import name 'scrape_articles' from 'data_ingestion.rss_fetcher' (/opt/airflow/project_code/data_ingestion/rss_fetcher.py)
[2026-08-25T12:19:57.647+0000] {processor.py:842} WARNING - No viable dags retrieved from /opt/airflow/dags/news_pipeline_dag.py
[2026-08-25T12:19:57.664+0000] {processor.py:183} INFO - Processing /opt/airflow/dags/news_pipeline_dag.py took 0.052 seconds
[2026-08-25T12:20:20.724+0000] {processor.py:161} INFO - Started process (PID=57) to work on /opt/airflow/dags/news_pipeline_dag.py
[2026-08-25T12:20:20.724+0000] {processor.py:830} INFO - Processing file /opt/airflow/dags/news_pipeline_dag.py for tasks to queue
[2026-08-25T12:20:20.725+0000] {logging_mixin.py:188} INFO - [2026-08-25T12:20:20.725+0000] {dagbag.py:538} INFO - Filling up the DagBag from /opt/airflow/dags/news_pipeline_dag.py
[2026-08-25T12:20:23.644+0000] {processor.py:840} INFO - DAG(s) 'news_bronze_pipeline' retrieved from /opt/airflow/dags/news_pipeline_dag.py
[2026-08-25T12:20:24.059+0000] {logging_mixin.py:188} INFO - [2026-08-25T12:20:24.058+0000] {override.py:1769} INFO - Created Permission View: can delete on DAG:news_bronze_pipeline
[2026-08-25T12:20:24.067+0000] {logging_mixin.py:188} INFO - [2026-08-25T12:20:24.066+0000] {override.py:1769} INFO - Created Permission View: can edit on DAG:news_bronze_pipeline
[2026-08-25T12:20:24.074+0000] {logging_mixin.py:188} INFO - [2026-08-25T12:20:24.074+0000] {override.py:1769} INFO - Created Permission View: can read on DAG:news_bronze_pipeline
[2026-08-25T12:20:24.075+0000] {logging_mixin.py:188} INFO - [2026-08-25T12:20:24.074+0000] {dag.py:3036} INFO - Sync 1 DAGs
[2026-08-25T12:20:24.084+0000] {logging_mixin.py:188} INFO - [2026-08-25T12:20:24.084+0000] {dag.py:3058} INFO - Creating ORM DAG for news_bronze_pipeline
[2026-08-25T12:20:24.094+0000] {logging_mixin.py:188} INFO - [2026-08-25T12:20:24.094+0000] {dag.py:3823} INFO - Setting next_dagrun for news_bronze_pipeline to 2026-08-24 00:00:00+00:00, run_after=2026-08-25 00:00:00+00:00
[2026-08-25T12:20:24.107+0000] {processor.py:183} INFO - Processing /opt/airflow/dags/news_pipeline_dag.py took 3.386 seconds
[2026-08-25T12:20:54.229+0000] {processor.py:161} INFO - Started process (PID=60) to work on /opt/airflow/dags/news_pipeline_dag.py
[2026-08-25T12:20:54.230+0000] {processor.py:830} INFO - Processing file /opt/airflow/dags/news_pipeline_dag.py for tasks to queue
[2026-08-25T12:20:54.231+0000] {logging_mixin.py:188} INFO - [2026-08-25T12:20:54.231+0000] {dagbag.py:538} INFO - Filling up the DagBag from /opt/airflow/dags/news_pipeline_dag.py
[2026-08-25T12:20:54.843+0000] {processor.py:840} INFO - DAG(s) 'news_bronze_pipeline' retrieved from /opt/airflow/dags/news_pipeline_dag.py
[2026-08-25T12:20:54.865+0000] {logging_mixin.py:188} INFO - [2026-08-25T12:20:54.865+0000] {dag.py:3036} INFO - Sync 1 DAGs
[2026-08-25T12:20:54.886+0000] {logging_mixin.py:188} INFO - [2026-08-25T12:20:54.886+0000] {dag.py:3823} INFO - Setting next_dagrun for news_bronze_pipeline to 2026-08-24 00:00:00+00:00, run_after=2026-08-25 00:00:00+00:00
[2026-08-25T12:20:54.901+0000] {processor.py:183} INFO - Processing /opt/airflow/dags/news_pipeline_dag.py took 0.674 seconds
[2026-08-25T12:21:25.005+0000] {processor.py:161} INFO - Started process (PID=63) to work on /opt/airflow/dags/news_pipeline_dag.py
[2026-08-25T12:21:25.006+0000] {processor.py:830} INFO - Processing file /opt/airflow/dags/news_pipeline_dag.py for tasks to queue
[2026-08-25T12:21:25.007+0000] {logging_mixin.py:188} INFO - [2026-08-25T12:21:25.006+0000] {dagbag.py:538} INFO - Filling up the DagBag from /opt/airflow/dags/news_pipeline_dag.py
[2026-08-25T12:21:25.553+0000] {processor.py:840} INFO - DAG(s) 'news_bronze_pipeline' retrieved from /opt/airflow/dags/news_pipeline_dag.py
[2026-08-25T12:21:25.577+0000] {logging_mixin.py:188} INFO - [2026-08-25T12:21:25.577+0000] {dag.py:3036} INFO - Sync 1 DAGs
[2026-08-25T12:21:25.597+0000] {logging_mixin.py:188} INFO - [2026-08-25T12:21:25.596+0000] {dag.py:3823} INFO - Setting next_dagrun for news_bronze_pipeline to 2026-08-24 00:00:00+00:00, run_after=2026-08-25 00:00:00+00:00
[2026-08-25T12:21:25.758+0000] {processor.py:183} INFO - Processing /opt/airflow/dags/news_pipeline_dag.py took 0.756 seconds
[2026-08-25T12:21:55.882+0000] {processor.py:161} INFO - Started process (PID=66) to work on /opt/airflow/dags/news_pipeline_dag.py
[2026-08-25T12:21:55.883+0000] {processor.py:830} INFO - Processing file /opt/airflow/dags/news_pipeline_dag.py for tasks to queue
[2026-08-25T12:21:55.884+0000] {logging_mixin.py:188} INFO - [2026-08-25T12:21:55.883+0000] {dagbag.py:538} INFO - Filling up the DagBag from /opt/airflow/dags/news_pipeline_dag.py
[2026-08-25T12:21:56.432+0000] {processor.py:840} INFO - DAG(s) 'news_bronze_pipeline' retrieved from /opt/airflow/dags/news_pipeline_dag.py
[2026-08-25T12:21:56.452+0000] {logging_mixin.py:188} INFO - [2026-08-25T12:21:56.452+0000] {dag.py:3036} INFO - Sync 1 DAGs
[2026-08-25T12:21:56.615+0000] {logging_mixin.py:188} INFO - [2026-08-25T12:21:56.615+0000] {dag.py:3823} INFO - Setting next_dagrun for news_bronze_pipeline to 2026-08-24 00:00:00+00:00, run_after=2026-08-25 00:00:00+00:00
[2026-08-25T12:21:56.627+0000] {processor.py:183} INFO - Processing /opt/airflow/dags/news_pipeline_dag.py took 0.749 seconds
[2026-08-25T12:22:26.739+0000] {processor.py:161} INFO - Started process (PID=69) to work on /opt/airflow/dags/news_pipeline_dag.py
[2026-08-25T12:22:26.739+0000] {processor.py:830} INFO - Processing file /opt/airflow/dags/news_pipeline_dag.py for tasks to queue
[2026-08-25T12:22:26.740+0000] {logging_mixin.py:188} INFO - [2026-08-25T12:22:26.740+0000] {dagbag.py:538} INFO - Filling up the DagBag from /opt/airflow/dags/news_pipeline_dag.py
[2026-08-25T12:22:27.340+0000] {processor.py:840} INFO - DAG(s) 'news_bronze_pipeline' retrieved from /opt/airflow/dags/news_pipeline_dag.py
[2026-08-25T12:22:27.368+0000] {logging_mixin.py:188} INFO - [2026-08-25T12:22:27.367+0000] {dag.py:3036} INFO - Sync 1 DAGs
[2026-08-25T12:22:27.524+0000] {logging_mixin.py:188} INFO - [2026-08-25T12:22:27.524+0000] {dag.py:3823} INFO - Setting next_dagrun for news_bronze_pipeline to 2026-08-24 00:00:00+00:00, run_after=2026-08-25 00:00:00+00:00
[2026-08-25T12:22:27.537+0000] {processor.py:183} INFO - Processing /opt/airflow/dags/news_pipeline_dag.py took 0.801 seconds
[2026-08-25T12:22:57.651+0000] {processor.py:161} INFO - Started process (PID=72) to work on /opt/airflow/dags/news_pipeline_dag.py
[2026-08-25T12:22:57.652+0000] {processor.py:830} INFO - Processing file /opt/airflow/dags/news_pipeline_dag.py for tasks to queue
[2026-08-25T12:22:57.653+0000] {logging_mixin.py:188} INFO - [2026-08-25T12:22:57.653+0000] {dagbag.py:538} INFO - Filling up the DagBag from /opt/airflow/dags/news_pipeline_dag.py
[2026-08-25T12:22:58.194+0000] {processor.py:840} INFO - DAG(s) 'news_bronze_pipeline' retrieved from /opt/airflow/dags/news_pipeline_dag.py
[2026-08-25T12:22:58.368+0000] {logging_mixin.py:188} INFO - [2026-08-25T12:22:58.367+0000] {dag.py:3036} INFO - Sync 1 DAGs
[2026-08-25T12:22:58.388+0000] {logging_mixin.py:188} INFO - [2026-08-25T12:22:58.388+0000] {dag.py:3823} INFO - Setting next_dagrun for news_bronze_pipeline to 2026-08-24 00:00:00+00:00, run_after=2026-08-25 00:00:00+00:00
[2026-08-25T12:22:58.405+0000] {processor.py:183} INFO - Processing /opt/airflow/dags/news_pipeline_dag.py took 0.756 seconds
[2026-08-25T12:23:28.522+0000] {processor.py:161} INFO - Started process (PID=75) to work on /opt/airflow/dags/news_pipeline_dag.py
[2026-08-25T12:23:28.522+0000] {processor.py:830} INFO - Processing file /opt/airflow/dags/news_pipeline_dag.py for tasks to queue
[2026-08-25T12:23:28.523+0000] {logging_mixin.py:188} INFO - [2026-08-25T12:23:28.523+0000] {dagbag.py:538} INFO - Filling up the DagBag from /opt/airflow/dags/news_pipeline_dag.py
[2026-08-25T12:23:29.066+0000] {processor.py:840} INFO - DAG(s) 'news_bronze_pipeline' retrieved from /opt/airflow/dags/news_pipeline_dag.py
[2026-08-25T12:23:29.093+0000] {logging_mixin.py:188} INFO - [2026-08-25T12:23:29.093+0000] {dag.py:3036} INFO - Sync 1 DAGs
[2026-08-25T12:23:29.110+0000] {logging_mixin.py:188} INFO - [2026-08-25T12:23:29.110+0000] {dag.py:3823} INFO - Setting next_dagrun for news_bronze_pipeline to 2026-08-24 00:00:00+00:00, run_after=2026-08-25 00:00:00+00:00
[2026-08-25T12:23:29.128+0000] {processor.py:183} INFO - Processing /opt/airflow/dags/news_pipeline_dag.py took 0.609 seconds
[2026-08-25T12:23:59.255+0000] {processor.py:161} INFO - Started process (PID=78) to work on /opt/airflow/dags/news_pipeline_dag.py
[2026-08-25T12:23:59.256+0000] {processor.py:830} INFO - Processing file /opt/airflow/dags/news_pipeline_dag.py for tasks to queue
[2026-08-25T12:23:59.256+0000] {logging_mixin.py:188} INFO - [2026-08-25T12:23:59.256+0000] {dagbag.py:538} INFO - Filling up the DagBag from /opt/airflow/dags/news_pipeline_dag.py
[2026-08-25T12:23:59.825+0000] {processor.py:840} INFO - DAG(s) 'news_bronze_pipeline' retrieved from /opt/airflow/dags/news_pipeline_dag.py
[2026-08-25T12:23:59.846+0000] {logging_mixin.py:188} INFO - [2026-08-25T12:23:59.846+0000] {dag.py:3036} INFO - Sync 1 DAGs
[2026-08-25T12:23:59.863+0000] {logging_mixin.py:188} INFO - [2026-08-25T12:23:59.862+0000] {dag.py:3823} INFO - Setting next_dagrun for news_bronze_pipeline to 2026-08-24 00:00:00+00:00, run_after=2026-08-25 00:00:00+00:00
[2026-08-25T12:23:59.877+0000] {processor.py:183} INFO - Processing /opt/airflow/dags/news_pipeline_dag.py took 0.625 seconds
[2026-08-25T12:24:30.003+0000] {processor.py:161} INFO - Started process (PID=81) to work on /opt/airflow/dags/news_pipeline_dag.py
[2026-08-25T12:24:30.004+0000] {processor.py:830} INFO - Processing file /opt/airflow/dags/news_pipeline_dag.py for tasks to queue
[2026-08-25T12:24:30.004+0000] {logging_mixin.py:188} INFO - [2026-08-25T12:24:30.004+0000] {dagbag.py:538} INFO - Filling up the DagBag from /opt/airflow/dags/news_pipeline_dag.py
[2026-08-25T12:24:30.573+0000] {processor.py:840} INFO - DAG(s) 'news_bronze_pipeline' retrieved from /opt/airflow/dags/news_pipeline_dag.py
[2026-08-25T12:24:30.598+0000] {logging_mixin.py:188} INFO - [2026-08-25T12:24:30.597+0000] {dag.py:3036} INFO - Sync 1 DAGs
[2026-08-25T12:24:30.615+0000] {logging_mixin.py:188} INFO - [2026-08-25T12:24:30.615+0000] {dag.py:3823} INFO - Setting next_dagrun for news_bronze_pipeline to 2026-08-24 00:00:00+00:00, run_after=2026-08-25 00:00:00+00:00
[2026-08-25T12:24:30.774+0000] {processor.py:183} INFO - Processing /opt/airflow/dags/news_pipeline_dag.py took 0.775 seconds
[2026-08-25T12:25:00.832+0000] {processor.py:161} INFO - Started process (PID=84) to work on /opt/airflow/dags/news_pipeline_dag.py
[2026-08-25T12:25:00.832+0000] {processor.py:830} INFO - Processing file /opt/airflow/dags/news_pipeline_dag.py for tasks to queue
[2026-08-25T12:25:00.833+0000] {logging_mixin.py:188} INFO - [2026-08-25T12:25:00.833+0000] {dagbag.py:538} INFO - Filling up the DagBag from /opt/airflow/dags/news_pipeline_dag.py
[2026-08-25T12:25:01.418+0000] {processor.py:840} INFO - DAG(s) 'news_bronze_pipeline' retrieved from /opt/airflow/dags/news_pipeline_dag.py
[2026-08-25T12:25:01.446+0000] {logging_mixin.py:188} INFO - [2026-08-25T12:25:01.446+0000] {dag.py:3036} INFO - Sync 1 DAGs
[2026-08-25T12:25:01.623+0000] {logging_mixin.py:188} INFO - [2026-08-25T12:25:01.623+0000] {dag.py:3823} INFO - Setting next_dagrun for news_bronze_pipeline to 2026-08-24 00:00:00+00:00, run_after=2026-08-25 00:00:00+00:00
[2026-08-25T12:25:01.637+0000] {processor.py:183} INFO - Processing /opt/airflow/dags/news_pipeline_dag.py took 0.808 seconds
[2026-08-25T12:25:31.757+0000] {processor.py:161} INFO - Started process (PID=87) to work on /opt/airflow/dags/news_pipeline_dag.py
[2026-08-25T12:25:31.758+0000] {processor.py:830} INFO - Processing file /opt/airflow/dags/news_pipeline_dag.py for tasks to queue
[2026-08-25T12:25:31.759+0000] {logging_mixin.py:188} INFO - [2026-08-25T12:25:31.758+0000] {dagbag.py:538} INFO - Filling up the DagBag from /opt/airflow/dags/news_pipeline_dag.py
[2026-08-25T12:25:32.347+0000] {processor.py:840} INFO - DAG(s) 'news_bronze_pipeline' retrieved from /opt/airflow/dags/news_pipeline_dag.py
[2026-08-25T12:25:32.376+0000] {logging_mixin.py:188} INFO - [2026-08-25T12:25:32.375+0000] {dag.py:3036} INFO - Sync 1 DAGs
[2026-08-25T12:25:32.548+0000] {logging_mixin.py:188} INFO - [2026-08-25T12:25:32.547+0000] {dag.py:3823} INFO - Setting next_dagrun for news_bronze_pipeline to 2026-08-24 00:00:00+00:00, run_after=2026-08-25 00:00:00+00:00
[2026-08-25T12:25:32.560+0000] {processor.py:183} INFO - Processing /opt/airflow/dags/news_pipeline_dag.py took 0.806 seconds
[2026-08-25T12:26:02.689+0000] {processor.py:161} INFO - Started process (PID=90) to work on /opt/airflow/dags/news_pipeline_dag.py
[2026-08-25T12:26:02.690+0000] {processor.py:830} INFO - Processing file /opt/airflow/dags/news_pipeline_dag.py for tasks to queue
[2026-08-25T12:26:02.691+0000] {logging_mixin.py:188} INFO - [2026-08-25T12:26:02.690+0000] {dagbag.py:538} INFO - Filling up the DagBag from /opt/airflow/dags/news_pipeline_dag.py
[2026-08-25T12:26:03.244+0000] {processor.py:840} INFO - DAG(s) 'news_bronze_pipeline' retrieved from /opt/airflow/dags/news_pipeline_dag.py
[2026-08-25T12:26:03.467+0000] {logging_mixin.py:188} INFO - [2026-08-25T12:26:03.466+0000] {dag.py:3036} INFO - Sync 1 DAGs
[2026-08-25T12:26:03.488+0000] {logging_mixin.py:188} INFO - [2026-08-25T12:26:03.488+0000] {dag.py:3823} INFO - Setting next_dagrun for news_bronze_pipeline to 2026-08-24 00:00:00+00:00, run_after=2026-08-25 00:00:00+00:00
[2026-08-25T12:26:03.503+0000] {processor.py:183} INFO - Processing /opt/airflow/dags/news_pipeline_dag.py took 0.818 seconds
[2026-08-25T12:26:33.622+0000] {processor.py:161} INFO - Started process (PID=93) to work on /opt/airflow/dags/news_pipeline_dag.py
[2026-08-25T12:26:33.623+0000] {processor.py:830} INFO - Processing file /opt/airflow/dags/news_pipeline_dag.py for tasks to queue
[2026-08-25T12:26:33.624+0000] {logging_mixin.py:188} INFO - [2026-08-25T12:26:33.623+0000] {dagbag.py:538} INFO - Filling up the DagBag from /opt/airflow/dags/news_pipeline_dag.py
[2026-08-25T12:26:34.271+0000] {processor.py:840} INFO - DAG(s) 'news_bronze_pipeline' retrieved from /opt/airflow/dags/news_pipeline_dag.py
[2026-08-25T12:26:34.298+0000] {logging_mixin.py:188} INFO - [2026-08-25T12:26:34.297+0000] {dag.py:3036} INFO - Sync 1 DAGs
[2026-08-25T12:26:34.318+0000] {logging_mixin.py:188} INFO - [2026-08-25T12:26:34.318+0000] {dag.py:3823} INFO - Setting next_dagrun for news_bronze_pipeline to 2026-08-24 00:00:00+00:00, run_after=2026-08-25 00:00:00+00:00
[2026-08-25T12:26:34.331+0000] {processor.py:183} INFO - Processing /opt/airflow/dags/news_pipeline_dag.py took 0.712 seconds
[2026-08-25T12:27:04.446+0000] {processor.py:161} INFO - Started process (PID=96) to work on /opt/airflow/dags/news_pipeline_dag.py
[2026-08-25T12:27:04.447+0000] {processor.py:830} INFO - Processing file /opt/airflow/dags/news_pipeline_dag.py for tasks to queue
[2026-08-25T12:27:04.448+0000] {logging_mixin.py:188} INFO - [2026-08-25T12:27:04.448+0000] {dagbag.py:538} INFO - Filling up the DagBag from /opt/airflow/dags/news_pipeline_dag.py
[2026-08-25T12:27:05.023+0000] {processor.py:840} INFO - DAG(s) 'news_bronze_pipeline' retrieved from /opt/airflow/dags/news_pipeline_dag.py
[2026-08-25T12:27:05.044+0000] {logging_mixin.py:188} INFO - [2026-08-25T12:27:05.044+0000] {dag.py:3036} INFO - Sync 1 DAGs
[2026-08-25T12:27:05.062+0000] {logging_mixin.py:188} INFO - [2026-08-25T12:27:05.061+0000] {dag.py:3823} INFO - Setting next_dagrun for news_bronze_pipeline to 2026-08-24 00:00:00+00:00, run_after=2026-08-25 00:00:00+00:00
[2026-08-25T12:27:05.081+0000] {processor.py:183} INFO - Processing /opt/airflow/dags/news_pipeline_dag.py took 0.638 seconds
[2026-08-25T12:27:35.207+0000] {processor.py:161} INFO - Started process (PID=99) to work on /opt/airflow/dags/news_pipeline_dag.py
[2026-08-25T12:27:35.208+0000] {processor.py:830} INFO - Processing file /opt/airflow/dags/news_pipeline_dag.py for tasks to queue
[2026-08-25T12:27:35.209+0000] {logging_mixin.py:188} INFO - [2026-08-25T12:27:35.208+0000] {dagbag.py:538} INFO - Filling up the DagBag from /opt/airflow/dags/news_pipeline_dag.py
[2026-08-25T12:27:35.755+0000] {processor.py:840} INFO - DAG(s) 'news_bronze_pipeline' retrieved from /opt/airflow/dags/news_pipeline_dag.py
[2026-08-25T12:27:35.779+0000] {logging_mixin.py:188} INFO - [2026-08-25T12:27:35.779+0000] {dag.py:3036} INFO - Sync 1 DAGs
[2026-08-25T12:27:35.798+0000] {logging_mixin.py:188} INFO - [2026-08-25T12:27:35.798+0000] {dag.py:3823} INFO - Setting next_dagrun for news_bronze_pipeline to 2026-08-24 00:00:00+00:00, run_after=2026-08-25 00:00:00+00:00
[2026-08-25T12:27:36.006+0000] {processor.py:183} INFO - Processing /opt/airflow/dags/news_pipeline_dag.py took 0.802 seconds
[2026-08-25T12:28:06.156+0000] {processor.py:161} INFO - Started process (PID=102) to work on /opt/airflow/dags/news_pipeline_dag.py
[2026-08-25T12:28:06.157+0000] {processor.py:830} INFO - Processing file /opt/airflow/dags/news_pipeline_dag.py for tasks to queue
[2026-08-25T12:28:06.158+0000] {logging_mixin.py:188} INFO - [2026-08-25T12:28:06.157+0000] {dagbag.py:538} INFO - Filling up the DagBag from /opt/airflow/dags/news_pipeline_dag.py
[2026-08-25T12:28:06.860+0000] {processor.py:840} INFO - DAG(s) 'news_bronze_pipeline' retrieved from /opt/airflow/dags/news_pipeline_dag.py
[2026-08-25T12:28:06.886+0000] {logging_mixin.py:188} INFO - [2026-08-25T12:28:06.885+0000] {dag.py:3036} INFO - Sync 1 DAGs
[2026-08-25T12:28:07.064+0000] {logging_mixin.py:188} INFO - [2026-08-25T12:28:07.064+0000] {dag.py:3823} INFO - Setting next_dagrun for news_bronze_pipeline to 2026-08-24 00:00:00+00:00, run_after=2026-08-25 00:00:00+00:00
[2026-08-25T12:28:07.080+0000] {processor.py:183} INFO - Processing /opt/airflow/dags/news_pipeline_dag.py took 0.926 seconds
[2026-08-25T12:28:37.207+0000] {processor.py:161} INFO - Started process (PID=105) to work on /opt/airflow/dags/news_pipeline_dag.py
[2026-08-25T12:28:37.208+0000] {processor.py:830} INFO - Processing file /opt/airflow/dags/news_pipeline_dag.py for tasks to queue
[2026-08-25T12:28:37.209+0000] {logging_mixin.py:188} INFO - [2026-08-25T12:28:37.209+0000] {dagbag.py:538} INFO - Filling up the DagBag from /opt/airflow/dags/news_pipeline_dag.py
[2026-08-25T12:28:37.841+0000] {processor.py:840} INFO - DAG(s) 'news_bronze_pipeline' retrieved from /opt/airflow/dags/news_pipeline_dag.py
[2026-08-25T12:28:37.862+0000] {logging_mixin.py:188} INFO - [2026-08-25T12:28:37.861+0000] {dag.py:3036} INFO - Sync 1 DAGs
[2026-08-25T12:28:38.020+0000] {logging_mixin.py:188} INFO - [2026-08-25T12:28:38.020+0000] {dag.py:3823} INFO - Setting next_dagrun for news_bronze_pipeline to 2026-08-24 00:00:00+00:00, run_after=2026-08-25 00:00:00+00:00
[2026-08-25T12:28:38.033+0000] {processor.py:183} INFO - Processing /opt/airflow/dags/news_pipeline_dag.py took 0.830 seconds
[2026-08-25T12:29:08.183+0000] {processor.py:161} INFO - Started process (PID=108) to work on /opt/airflow/dags/news_pipeline_dag.py
[2026-08-25T12:29:08.184+0000] {processor.py:830} INFO - Processing file /opt/airflow/dags/news_pipeline_dag.py for tasks to queue
[2026-08-25T12:29:08.185+0000] {logging_mixin.py:188} INFO - [2026-08-25T12:29:08.185+0000] {dagbag.py:538} INFO - Filling up the DagBag from /opt/airflow/dags/news_pipeline_dag.py
[2026-08-25T12:29:08.762+0000] {processor.py:840} INFO - DAG(s) 'news_bronze_pipeline' retrieved from /opt/airflow/dags/news_pipeline_dag.py
[2026-08-25T12:29:08.939+0000] {logging_mixin.py:188} INFO - [2026-08-25T12:29:08.938+0000] {dag.py:3036} INFO - Sync 1 DAGs
[2026-08-25T12:29:08.953+0000] {logging_mixin.py:188} INFO - [2026-08-25T12:29:08.953+0000] {dag.py:3823} INFO - Setting next_dagrun for news_bronze_pipeline to 2026-08-24 00:00:00+00:00, run_after=2026-08-25 00:00:00+00:00
[2026-08-25T12:29:08.965+0000] {processor.py:183} INFO - Processing /opt/airflow/dags/news_pipeline_dag.py took 0.792 seconds
[2026-08-25T12:29:09.865+0000] {processor.py:161} INFO - Started process (PID=111) to work on /opt/airflow/dags/news_pipeline_dag.py
[2026-08-25T12:29:09.865+0000] {processor.py:830} INFO - Processing file /opt/airflow/dags/news_pipeline_dag.py for tasks to queue
[2026-08-25T12:29:09.866+0000] {logging_mixin.py:188} INFO - [2026-08-25T12:29:09.866+0000] {dagbag.py:538} INFO - Filling up the DagBag from /opt/airflow/dags/news_pipeline_dag.py
[2026-08-25T12:29:09.869+0000] {logging_mixin.py:188} INFO - [2026-08-25T12:29:09.868+0000] {dagbag.py:348} ERROR - Failed to import: /opt/airflow/dags/news_pipeline_dag.py
Traceback (most recent call last):
  File "/home/airflow/.local/lib/python3.11/site-packages/airflow/models/dagbag.py", line 344, in parse
    loader.exec_module(new_module)
  File "<frozen importlib._bootstrap_external>", line 936, in exec_module
  File "<frozen importlib._bootstrap_external>", line 1074, in get_code
  File "<frozen importlib._bootstrap_external>", line 1004, in source_to_code
  File "<frozen importlib._bootstrap>", line 241, in _call_with_frames_removed
  File "/opt/airflow/dags/news_pipeline_dag.py", line 44
    start_date=datetime(2026, 1, 1),
              ^
SyntaxError: positional argument follows keyword argument
[2026-08-25T12:29:09.870+0000] {processor.py:842} WARNING - No viable dags retrieved from /opt/airflow/dags/news_pipeline_dag.py
[2026-08-25T12:29:09.903+0000] {processor.py:183} INFO - Processing /opt/airflow/dags/news_pipeline_dag.py took 0.041 seconds
[2026-08-25T12:29:12.943+0000] {processor.py:161} INFO - Started process (PID=112) to work on /opt/airflow/dags/news_pipeline_dag.py
[2026-08-25T12:29:12.945+0000] {processor.py:830} INFO - Processing file /opt/airflow/dags/news_pipeline_dag.py for tasks to queue
[2026-08-25T12:29:12.946+0000] {logging_mixin.py:188} INFO - [2026-08-25T12:29:12.946+0000] {dagbag.py:538} INFO - Filling up the DagBag from /opt/airflow/dags/news_pipeline_dag.py
[2026-08-25T12:29:13.701+0000] {processor.py:840} INFO - DAG(s) 'news_bronze_pipeline' retrieved from /opt/airflow/dags/news_pipeline_dag.py
[2026-08-25T12:29:13.725+0000] {logging_mixin.py:188} INFO - [2026-08-25T12:29:13.725+0000] {dag.py:3036} INFO - Sync 1 DAGs
[2026-08-25T12:29:13.760+0000] {logging_mixin.py:188} INFO - [2026-08-25T12:29:13.760+0000] {dag.py:3823} INFO - Setting next_dagrun for news_bronze_pipeline to 2026-08-24 00:00:00+00:00, run_after=2026-08-25 00:00:00+00:00
[2026-08-25T12:29:13.793+0000] {processor.py:183} INFO - Processing /opt/airflow/dags/news_pipeline_dag.py took 0.854 seconds
[2026-08-25T12:29:22.852+0000] {processor.py:161} INFO - Started process (PID=115) to work on /opt/airflow/dags/news_pipeline_dag.py
[2026-08-25T12:29:22.853+0000] {processor.py:830} INFO - Processing file /opt/airflow/dags/news_pipeline_dag.py for tasks to queue
[2026-08-25T12:29:22.854+0000] {logging_mixin.py:188} INFO - [2026-08-25T12:29:22.853+0000] {dagbag.py:538} INFO - Filling up the DagBag from /opt/airflow/dags/news_pipeline_dag.py
[2026-08-25T12:29:23.412+0000] {processor.py:840} INFO - DAG(s) 'news_bronze_pipeline' retrieved from /opt/airflow/dags/news_pipeline_dag.py
[2026-08-25T12:29:23.438+0000] {logging_mixin.py:188} INFO - [2026-08-25T12:29:23.437+0000] {dag.py:3036} INFO - Sync 1 DAGs
[2026-08-25T12:29:23.458+0000] {logging_mixin.py:188} INFO - [2026-08-25T12:29:23.457+0000] {dag.py:3823} INFO - Setting next_dagrun for news_bronze_pipeline to 2026-08-24 00:00:00+00:00, run_after=2026-08-25 00:00:00+00:00
[2026-08-25T12:29:23.471+0000] {processor.py:183} INFO - Processing /opt/airflow/dags/news_pipeline_dag.py took 0.622 seconds
[2026-08-25T12:29:39.031+0000] {processor.py:161} INFO - Started process (PID=118) to work on /opt/airflow/dags/news_pipeline_dag.py
[2026-08-25T12:29:39.032+0000] {processor.py:830} INFO - Processing file /opt/airflow/dags/news_pipeline_dag.py for tasks to queue
[2026-08-25T12:29:39.032+0000] {logging_mixin.py:188} INFO - [2026-08-25T12:29:39.032+0000] {dagbag.py:538} INFO - Filling up the DagBag from /opt/airflow/dags/news_pipeline_dag.py
[2026-08-25T12:29:39.035+0000] {logging_mixin.py:188} INFO - [2026-08-25T12:29:39.034+0000] {dagbag.py:348} ERROR - Failed to import: /opt/airflow/dags/news_pipeline_dag.py
Traceback (most recent call last):
  File "/home/airflow/.local/lib/python3.11/site-packages/airflow/models/dagbag.py", line 344, in parse
    loader.exec_module(new_module)
  File "<frozen importlib._bootstrap_external>", line 936, in exec_module
  File "<frozen importlib._bootstrap_external>", line 1074, in get_code
  File "<frozen importlib._bootstrap_external>", line 1004, in source_to_code
  File "<frozen importlib._bootstrap>", line 241, in _call_with_frames_removed
  File "/opt/airflow/dags/news_pipeline_dag.py", line 44
    start_date=datetime(2026, 1, 1),
              ^
SyntaxError: invalid syntax
[2026-08-25T12:29:39.036+0000] {processor.py:842} WARNING - No viable dags retrieved from /opt/airflow/dags/news_pipeline_dag.py
[2026-08-25T12:29:39.054+0000] {processor.py:183} INFO - Processing /opt/airflow/dags/news_pipeline_dag.py took 0.026 seconds
[2026-08-25T12:29:45.058+0000] {processor.py:161} INFO - Started process (PID=119) to work on /opt/airflow/dags/news_pipeline_dag.py
[2026-08-25T12:29:45.059+0000] {processor.py:830} INFO - Processing file /opt/airflow/dags/news_pipeline_dag.py for tasks to queue
[2026-08-25T12:29:45.059+0000] {logging_mixin.py:188} INFO - [2026-08-25T12:29:45.059+0000] {dagbag.py:538} INFO - Filling up the DagBag from /opt/airflow/dags/news_pipeline_dag.py
[2026-08-25T12:29:45.062+0000] {logging_mixin.py:188} INFO - [2026-08-25T12:29:45.061+0000] {dagbag.py:348} ERROR - Failed to import: /opt/airflow/dags/news_pipeline_dag.py
Traceback (most recent call last):
  File "/home/airflow/.local/lib/python3.11/site-packages/airflow/models/dagbag.py", line 344, in parse
    loader.exec_module(new_module)
  File "<frozen importlib._bootstrap_external>", line 936, in exec_module
  File "<frozen importlib._bootstrap_external>", line 1074, in get_code
  File "<frozen importlib._bootstrap_external>", line 1004, in source_to_code
  File "<frozen importlib._bootstrap>", line 241, in _call_with_frames_removed
  File "/opt/airflow/dags/news_pipeline_dag.py", line 43
    schedule_interval=None
                      
SyntaxError: invalid syntax. Perhaps you forgot a comma?
[2026-08-25T12:29:45.062+0000] {processor.py:842} WARNING - No viable dags retrieved from /opt/airflow/dags/news_pipeline_dag.py
[2026-08-25T12:29:45.085+0000] {processor.py:183} INFO - Processing /opt/airflow/dags/news_pipeline_dag.py took 0.030 seconds
[2026-08-25T12:29:47.102+0000] {processor.py:161} INFO - Started process (PID=120) to work on /opt/airflow/dags/news_pipeline_dag.py
[2026-08-25T12:29:47.102+0000] {processor.py:830} INFO - Processing file /opt/airflow/dags/news_pipeline_dag.py for tasks to queue
[2026-08-25T12:29:47.103+0000] {logging_mixin.py:188} INFO - [2026-08-25T12:29:47.103+0000] {dagbag.py:538} INFO - Filling up the DagBag from /opt/airflow/dags/news_pipeline_dag.py
[2026-08-25T12:29:47.106+0000] {logging_mixin.py:188} INFO - [2026-08-25T12:29:47.105+0000] {dagbag.py:348} ERROR - Failed to import: /opt/airflow/dags/news_pipeline_dag.py
Traceback (most recent call last):
  File "/home/airflow/.local/lib/python3.11/site-packages/airflow/models/dagbag.py", line 344, in parse
    loader.exec_module(new_module)
  File "<frozen importlib._bootstrap_external>", line 936, in exec_module
  File "<frozen importlib._bootstrap_external>", line 1074, in get_code
  File "<frozen importlib._bootstrap_external>", line 1004, in source_to_code
  File "<frozen importlib._bootstrap>", line 241, in _call_with_frames_removed
  File "/opt/airflow/dags/news_pipeline_dag.py", line 43
    schedule_interval=None ]
                           ^
SyntaxError: closing parenthesis ']' does not match opening parenthesis '(' on line 39
[2026-08-25T12:29:47.106+0000] {processor.py:842} WARNING - No viable dags retrieved from /opt/airflow/dags/news_pipeline_dag.py
[2026-08-25T12:29:47.128+0000] {processor.py:183} INFO - Processing /opt/airflow/dags/news_pipeline_dag.py took 0.030 seconds
[2026-08-25T12:29:49.119+0000] {processor.py:161} INFO - Started process (PID=121) to work on /opt/airflow/dags/news_pipeline_dag.py
[2026-08-25T12:29:49.119+0000] {processor.py:830} INFO - Processing file /opt/airflow/dags/news_pipeline_dag.py for tasks to queue
[2026-08-25T12:29:49.120+0000] {logging_mixin.py:188} INFO - [2026-08-25T12:29:49.120+0000] {dagbag.py:538} INFO - Filling up the DagBag from /opt/airflow/dags/news_pipeline_dag.py
[2026-08-25T12:29:49.123+0000] {logging_mixin.py:188} INFO - [2026-08-25T12:29:49.122+0000] {dagbag.py:348} ERROR - Failed to import: /opt/airflow/dags/news_pipeline_dag.py
Traceback (most recent call last):
  File "/home/airflow/.local/lib/python3.11/site-packages/airflow/models/dagbag.py", line 344, in parse
    loader.exec_module(new_module)
  File "<frozen importlib._bootstrap_external>", line 936, in exec_module
  File "<frozen importlib._bootstrap_external>", line 1074, in get_code
  File "<frozen importlib._bootstrap_external>", line 1004, in source_to_code
  File "<frozen importlib._bootstrap>", line 241, in _call_with_frames_removed
  File "/opt/airflow/dags/news_pipeline_dag.py", line 43
    schedule_interval=None
                      
SyntaxError: invalid syntax. Perhaps you forgot a comma?
[2026-08-25T12:29:49.123+0000] {processor.py:842} WARNING - No viable dags retrieved from /opt/airflow/dags/news_pipeline_dag.py
[2026-08-25T12:29:49.143+0000] {processor.py:183} INFO - Processing /opt/airflow/dags/news_pipeline_dag.py took 0.027 seconds
[2026-08-25T12:29:51.183+0000] {processor.py:161} INFO - Started process (PID=122) to work on /opt/airflow/dags/news_pipeline_dag.py
[2026-08-25T12:29:51.184+0000] {processor.py:830} INFO - Processing file /opt/airflow/dags/news_pipeline_dag.py for tasks to queue
[2026-08-25T12:29:51.185+0000] {logging_mixin.py:188} INFO - [2026-08-25T12:29:51.184+0000] {dagbag.py:538} INFO - Filling up the DagBag from /opt/airflow/dags/news_pipeline_dag.py
[2026-08-25T12:29:51.962+0000] {processor.py:840} INFO - DAG(s) 'news_bronze_pipeline' retrieved from /opt/airflow/dags/news_pipeline_dag.py
[2026-08-25T12:29:52.285+0000] {logging_mixin.py:188} INFO - [2026-08-25T12:29:52.284+0000] {dag.py:3036} INFO - Sync 1 DAGs
[2026-08-25T12:29:52.296+0000] {logging_mixin.py:188} INFO - [2026-08-25T12:29:52.295+0000] {dag.py:3823} INFO - Setting next_dagrun for news_bronze_pipeline to None, run_after=None
[2026-08-25T12:29:52.315+0000] {processor.py:183} INFO - Processing /opt/airflow/dags/news_pipeline_dag.py took 1.138 seconds
[2026-08-25T12:29:58.231+0000] {processor.py:161} INFO - Started process (PID=125) to work on /opt/airflow/dags/news_pipeline_dag.py
[2026-08-25T12:29:58.232+0000] {processor.py:830} INFO - Processing file /opt/airflow/dags/news_pipeline_dag.py for tasks to queue
[2026-08-25T12:29:58.233+0000] {logging_mixin.py:188} INFO - [2026-08-25T12:29:58.232+0000] {dagbag.py:538} INFO - Filling up the DagBag from /opt/airflow/dags/news_pipeline_dag.py
[2026-08-25T12:29:58.765+0000] {processor.py:840} INFO - DAG(s) 'news_bronze_pipeline' retrieved from /opt/airflow/dags/news_pipeline_dag.py
[2026-08-25T12:29:58.779+0000] {logging_mixin.py:188} INFO - [2026-08-25T12:29:58.779+0000] {dag.py:3036} INFO - Sync 1 DAGs
[2026-08-25T12:29:58.791+0000] {logging_mixin.py:188} INFO - [2026-08-25T12:29:58.791+0000] {dag.py:3823} INFO - Setting next_dagrun for news_bronze_pipeline to None, run_after=None
[2026-08-25T12:29:58.807+0000] {processor.py:183} INFO - Processing /opt/airflow/dags/news_pipeline_dag.py took 0.578 seconds
[2026-08-25T12:30:28.917+0000] {processor.py:161} INFO - Started process (PID=128) to work on /opt/airflow/dags/news_pipeline_dag.py
[2026-08-25T12:30:28.918+0000] {processor.py:830} INFO - Processing file /opt/airflow/dags/news_pipeline_dag.py for tasks to queue
[2026-08-25T12:30:28.918+0000] {logging_mixin.py:188} INFO - [2026-08-25T12:30:28.918+0000] {dagbag.py:538} INFO - Filling up the DagBag from /opt/airflow/dags/news_pipeline_dag.py
[2026-08-25T12:30:29.636+0000] {processor.py:840} INFO - DAG(s) 'news_bronze_pipeline' retrieved from /opt/airflow/dags/news_pipeline_dag.py
[2026-08-25T12:30:29.676+0000] {logging_mixin.py:188} INFO - [2026-08-25T12:30:29.676+0000] {dag.py:3036} INFO - Sync 1 DAGs
[2026-08-25T12:30:29.691+0000] {logging_mixin.py:188} INFO - [2026-08-25T12:30:29.691+0000] {dag.py:3823} INFO - Setting next_dagrun for news_bronze_pipeline to None, run_after=None
[2026-08-25T12:30:29.713+0000] {processor.py:183} INFO - Processing /opt/airflow/dags/news_pipeline_dag.py took 0.799 seconds
[2026-08-25T12:30:59.830+0000] {processor.py:161} INFO - Started process (PID=131) to work on /opt/airflow/dags/news_pipeline_dag.py
[2026-08-25T12:30:59.831+0000] {processor.py:830} INFO - Processing file /opt/airflow/dags/news_pipeline_dag.py for tasks to queue
[2026-08-25T12:30:59.831+0000] {logging_mixin.py:188} INFO - [2026-08-25T12:30:59.831+0000] {dagbag.py:538} INFO - Filling up the DagBag from /opt/airflow/dags/news_pipeline_dag.py
[2026-08-25T12:31:00.475+0000] {processor.py:840} INFO - DAG(s) 'news_bronze_pipeline' retrieved from /opt/airflow/dags/news_pipeline_dag.py
[2026-08-25T12:31:00.502+0000] {logging_mixin.py:188} INFO - [2026-08-25T12:31:00.502+0000] {dag.py:3036} INFO - Sync 1 DAGs
[2026-08-25T12:31:00.516+0000] {logging_mixin.py:188} INFO - [2026-08-25T12:31:00.516+0000] {dag.py:3823} INFO - Setting next_dagrun for news_bronze_pipeline to None, run_after=None
[2026-08-25T12:31:00.715+0000] {processor.py:183} INFO - Processing /opt/airflow/dags/news_pipeline_dag.py took 0.888 seconds
[2026-08-25T12:31:30.869+0000] {processor.py:161} INFO - Started process (PID=144) to work on /opt/airflow/dags/news_pipeline_dag.py
[2026-08-25T12:31:30.870+0000] {processor.py:830} INFO - Processing file /opt/airflow/dags/news_pipeline_dag.py for tasks to queue
[2026-08-25T12:31:30.871+0000] {logging_mixin.py:188} INFO - [2026-08-25T12:31:30.871+0000] {dagbag.py:538} INFO - Filling up the DagBag from /opt/airflow/dags/news_pipeline_dag.py
[2026-08-25T12:31:31.787+0000] {processor.py:840} INFO - DAG(s) 'news_bronze_pipeline' retrieved from /opt/airflow/dags/news_pipeline_dag.py
[2026-08-25T12:31:31.819+0000] {logging_mixin.py:188} INFO - [2026-08-25T12:31:31.819+0000] {dag.py:3036} INFO - Sync 1 DAGs
[2026-08-25T12:31:32.018+0000] {logging_mixin.py:188} INFO - [2026-08-25T12:31:32.018+0000] {dag.py:3823} INFO - Setting next_dagrun for news_bronze_pipeline to None, run_after=None
[2026-08-25T12:31:32.034+0000] {processor.py:183} INFO - Processing /opt/airflow/dags/news_pipeline_dag.py took 1.172 seconds
[2026-08-25T12:32:02.185+0000] {processor.py:161} INFO - Started process (PID=152) to work on /opt/airflow/dags/news_pipeline_dag.py
[2026-08-25T12:32:02.186+0000] {processor.py:830} INFO - Processing file /opt/airflow/dags/news_pipeline_dag.py for tasks to queue
[2026-08-25T12:32:02.186+0000] {logging_mixin.py:188} INFO - [2026-08-25T12:32:02.186+0000] {dagbag.py:538} INFO - Filling up the DagBag from /opt/airflow/dags/news_pipeline_dag.py
[2026-08-25T12:32:02.733+0000] {processor.py:840} INFO - DAG(s) 'news_bronze_pipeline' retrieved from /opt/airflow/dags/news_pipeline_dag.py
[2026-08-25T12:32:02.941+0000] {logging_mixin.py:188} INFO - [2026-08-25T12:32:02.940+0000] {dag.py:3036} INFO - Sync 1 DAGs
[2026-08-25T12:32:02.952+0000] {logging_mixin.py:188} INFO - [2026-08-25T12:32:02.952+0000] {dag.py:3823} INFO - Setting next_dagrun for news_bronze_pipeline to None, run_after=None
[2026-08-25T12:32:02.966+0000] {processor.py:183} INFO - Processing /opt/airflow/dags/news_pipeline_dag.py took 0.785 seconds
[2026-08-25T12:32:33.084+0000] {processor.py:161} INFO - Started process (PID=155) to work on /opt/airflow/dags/news_pipeline_dag.py
[2026-08-25T12:32:33.085+0000] {processor.py:830} INFO - Processing file /opt/airflow/dags/news_pipeline_dag.py for tasks to queue
[2026-08-25T12:32:33.086+0000] {logging_mixin.py:188} INFO - [2026-08-25T12:32:33.085+0000] {dagbag.py:538} INFO - Filling up the DagBag from /opt/airflow/dags/news_pipeline_dag.py
[2026-08-25T12:32:33.652+0000] {processor.py:840} INFO - DAG(s) 'news_bronze_pipeline' retrieved from /opt/airflow/dags/news_pipeline_dag.py
[2026-08-25T12:32:33.674+0000] {logging_mixin.py:188} INFO - [2026-08-25T12:32:33.674+0000] {dag.py:3036} INFO - Sync 1 DAGs
[2026-08-25T12:32:33.686+0000] {logging_mixin.py:188} INFO - [2026-08-25T12:32:33.686+0000] {dag.py:3823} INFO - Setting next_dagrun for news_bronze_pipeline to None, run_after=None
[2026-08-25T12:32:33.701+0000] {processor.py:183} INFO - Processing /opt/airflow/dags/news_pipeline_dag.py took 0.620 seconds
[2026-08-25T12:33:03.811+0000] {processor.py:161} INFO - Started process (PID=158) to work on /opt/airflow/dags/news_pipeline_dag.py
[2026-08-25T12:33:03.812+0000] {processor.py:830} INFO - Processing file /opt/airflow/dags/news_pipeline_dag.py for tasks to queue
[2026-08-25T12:33:03.812+0000] {logging_mixin.py:188} INFO - [2026-08-25T12:33:03.812+0000] {dagbag.py:538} INFO - Filling up the DagBag from /opt/airflow/dags/news_pipeline_dag.py
[2026-08-25T12:33:04.328+0000] {processor.py:840} INFO - DAG(s) 'news_bronze_pipeline' retrieved from /opt/airflow/dags/news_pipeline_dag.py
[2026-08-25T12:33:04.349+0000] {logging_mixin.py:188} INFO - [2026-08-25T12:33:04.349+0000] {dag.py:3036} INFO - Sync 1 DAGs
[2026-08-25T12:33:04.358+0000] {logging_mixin.py:188} INFO - [2026-08-25T12:33:04.357+0000] {dag.py:3823} INFO - Setting next_dagrun for news_bronze_pipeline to None, run_after=None
[2026-08-25T12:33:04.371+0000] {processor.py:183} INFO - Processing /opt/airflow/dags/news_pipeline_dag.py took 0.563 seconds
[2026-08-25T12:33:34.494+0000] {processor.py:161} INFO - Started process (PID=161) to work on /opt/airflow/dags/news_pipeline_dag.py
[2026-08-25T12:33:34.495+0000] {processor.py:830} INFO - Processing file /opt/airflow/dags/news_pipeline_dag.py for tasks to queue
[2026-08-25T12:33:34.496+0000] {logging_mixin.py:188} INFO - [2026-08-25T12:33:34.496+0000] {dagbag.py:538} INFO - Filling up the DagBag from /opt/airflow/dags/news_pipeline_dag.py
[2026-08-25T12:33:35.033+0000] {processor.py:840} INFO - DAG(s) 'news_bronze_pipeline' retrieved from /opt/airflow/dags/news_pipeline_dag.py
[2026-08-25T12:33:35.054+0000] {logging_mixin.py:188} INFO - [2026-08-25T12:33:35.054+0000] {dag.py:3036} INFO - Sync 1 DAGs
[2026-08-25T12:33:35.063+0000] {logging_mixin.py:188} INFO - [2026-08-25T12:33:35.063+0000] {dag.py:3823} INFO - Setting next_dagrun for news_bronze_pipeline to None, run_after=None
[2026-08-25T12:33:35.078+0000] {processor.py:183} INFO - Processing /opt/airflow/dags/news_pipeline_dag.py took 0.586 seconds
[2026-08-25T12:34:05.200+0000] {processor.py:161} INFO - Started process (PID=164) to work on /opt/airflow/dags/news_pipeline_dag.py
[2026-08-25T12:34:05.201+0000] {processor.py:830} INFO - Processing file /opt/airflow/dags/news_pipeline_dag.py for tasks to queue
[2026-08-25T12:34:05.201+0000] {logging_mixin.py:188} INFO - [2026-08-25T12:34:05.201+0000] {dagbag.py:538} INFO - Filling up the DagBag from /opt/airflow/dags/news_pipeline_dag.py
[2026-08-25T12:34:05.802+0000] {processor.py:840} INFO - DAG(s) 'news_bronze_pipeline' retrieved from /opt/airflow/dags/news_pipeline_dag.py
[2026-08-25T12:34:05.822+0000] {logging_mixin.py:188} INFO - [2026-08-25T12:34:05.821+0000] {dag.py:3036} INFO - Sync 1 DAGs
[2026-08-25T12:34:05.978+0000] {logging_mixin.py:188} INFO - [2026-08-25T12:34:05.977+0000] {dag.py:3823} INFO - Setting next_dagrun for news_bronze_pipeline to None, run_after=None
[2026-08-25T12:34:05.998+0000] {processor.py:183} INFO - Processing /opt/airflow/dags/news_pipeline_dag.py took 0.801 seconds
[2026-08-25T12:34:36.114+0000] {processor.py:161} INFO - Started process (PID=167) to work on /opt/airflow/dags/news_pipeline_dag.py
[2026-08-25T12:34:36.115+0000] {processor.py:830} INFO - Processing file /opt/airflow/dags/news_pipeline_dag.py for tasks to queue
[2026-08-25T12:34:36.115+0000] {logging_mixin.py:188} INFO - [2026-08-25T12:34:36.115+0000] {dagbag.py:538} INFO - Filling up the DagBag from /opt/airflow/dags/news_pipeline_dag.py
[2026-08-25T12:34:36.681+0000] {processor.py:840} INFO - DAG(s) 'news_bronze_pipeline' retrieved from /opt/airflow/dags/news_pipeline_dag.py
[2026-08-25T12:34:36.711+0000] {logging_mixin.py:188} INFO - [2026-08-25T12:34:36.711+0000] {dag.py:3036} INFO - Sync 1 DAGs
[2026-08-25T12:34:36.908+0000] {logging_mixin.py:188} INFO - [2026-08-25T12:34:36.907+0000] {dag.py:3823} INFO - Setting next_dagrun for news_bronze_pipeline to None, run_after=None
[2026-08-25T12:34:36.920+0000] {processor.py:183} INFO - Processing /opt/airflow/dags/news_pipeline_dag.py took 0.809 seconds
[2026-08-25T12:35:07.037+0000] {processor.py:161} INFO - Started process (PID=170) to work on /opt/airflow/dags/news_pipeline_dag.py
[2026-08-25T12:35:07.038+0000] {processor.py:830} INFO - Processing file /opt/airflow/dags/news_pipeline_dag.py for tasks to queue
[2026-08-25T12:35:07.039+0000] {logging_mixin.py:188} INFO - [2026-08-25T12:35:07.039+0000] {dagbag.py:538} INFO - Filling up the DagBag from /opt/airflow/dags/news_pipeline_dag.py
[2026-08-25T12:35:07.668+0000] {processor.py:840} INFO - DAG(s) 'news_bronze_pipeline' retrieved from /opt/airflow/dags/news_pipeline_dag.py
[2026-08-25T12:35:07.843+0000] {logging_mixin.py:188} INFO - [2026-08-25T12:35:07.843+0000] {dag.py:3036} INFO - Sync 1 DAGs
[2026-08-25T12:35:07.851+0000] {logging_mixin.py:188} INFO - [2026-08-25T12:35:07.851+0000] {dag.py:3823} INFO - Setting next_dagrun for news_bronze_pipeline to None, run_after=None
[2026-08-25T12:35:07.866+0000] {processor.py:183} INFO - Processing /opt/airflow/dags/news_pipeline_dag.py took 0.832 seconds
[2026-08-25T12:35:37.996+0000] {processor.py:161} INFO - Started process (PID=173) to work on /opt/airflow/dags/news_pipeline_dag.py
[2026-08-25T12:35:37.996+0000] {processor.py:830} INFO - Processing file /opt/airflow/dags/news_pipeline_dag.py for tasks to queue
[2026-08-25T12:35:37.997+0000] {logging_mixin.py:188} INFO - [2026-08-25T12:35:37.997+0000] {dagbag.py:538} INFO - Filling up the DagBag from /opt/airflow/dags/news_pipeline_dag.py
[2026-08-25T12:35:38.578+0000] {processor.py:840} INFO - DAG(s) 'news_bronze_pipeline' retrieved from /opt/airflow/dags/news_pipeline_dag.py
[2026-08-25T12:35:38.614+0000] {logging_mixin.py:188} INFO - [2026-08-25T12:35:38.614+0000] {dag.py:3036} INFO - Sync 1 DAGs
[2026-08-25T12:35:38.629+0000] {logging_mixin.py:188} INFO - [2026-08-25T12:35:38.628+0000] {dag.py:3823} INFO - Setting next_dagrun for news_bronze_pipeline to None, run_after=None
[2026-08-25T12:35:38.647+0000] {processor.py:183} INFO - Processing /opt/airflow/dags/news_pipeline_dag.py took 0.654 seconds
[2026-08-25T12:36:08.787+0000] {processor.py:161} INFO - Started process (PID=176) to work on /opt/airflow/dags/news_pipeline_dag.py
[2026-08-25T12:36:08.788+0000] {processor.py:830} INFO - Processing file /opt/airflow/dags/news_pipeline_dag.py for tasks to queue
[2026-08-25T12:36:08.789+0000] {logging_mixin.py:188} INFO - [2026-08-25T12:36:08.789+0000] {dagbag.py:538} INFO - Filling up the DagBag from /opt/airflow/dags/news_pipeline_dag.py
[2026-08-25T12:36:09.331+0000] {processor.py:840} INFO - DAG(s) 'news_bronze_pipeline' retrieved from /opt/airflow/dags/news_pipeline_dag.py
[2026-08-25T12:36:09.358+0000] {logging_mixin.py:188} INFO - [2026-08-25T12:36:09.357+0000] {dag.py:3036} INFO - Sync 1 DAGs
[2026-08-25T12:36:09.367+0000] {logging_mixin.py:188} INFO - [2026-08-25T12:36:09.367+0000] {dag.py:3823} INFO - Setting next_dagrun for news_bronze_pipeline to None, run_after=None
[2026-08-25T12:36:09.382+0000] {processor.py:183} INFO - Processing /opt/airflow/dags/news_pipeline_dag.py took 0.598 seconds
[2026-08-25T12:36:39.499+0000] {processor.py:161} INFO - Started process (PID=179) to work on /opt/airflow/dags/news_pipeline_dag.py
[2026-08-25T12:36:39.500+0000] {processor.py:830} INFO - Processing file /opt/airflow/dags/news_pipeline_dag.py for tasks to queue
[2026-08-25T12:36:39.501+0000] {logging_mixin.py:188} INFO - [2026-08-25T12:36:39.500+0000] {dagbag.py:538} INFO - Filling up the DagBag from /opt/airflow/dags/news_pipeline_dag.py
[2026-08-25T12:36:40.027+0000] {processor.py:840} INFO - DAG(s) 'news_bronze_pipeline' retrieved from /opt/airflow/dags/news_pipeline_dag.py
[2026-08-25T12:36:40.048+0000] {logging_mixin.py:188} INFO - [2026-08-25T12:36:40.047+0000] {dag.py:3036} INFO - Sync 1 DAGs
[2026-08-25T12:36:40.057+0000] {logging_mixin.py:188} INFO - [2026-08-25T12:36:40.056+0000] {dag.py:3823} INFO - Setting next_dagrun for news_bronze_pipeline to None, run_after=None
[2026-08-25T12:36:40.073+0000] {processor.py:183} INFO - Processing /opt/airflow/dags/news_pipeline_dag.py took 0.576 seconds
[2026-08-25T12:37:10.196+0000] {processor.py:161} INFO - Started process (PID=182) to work on /opt/airflow/dags/news_pipeline_dag.py
[2026-08-25T12:37:10.197+0000] {processor.py:830} INFO - Processing file /opt/airflow/dags/news_pipeline_dag.py for tasks to queue
[2026-08-25T12:37:10.197+0000] {logging_mixin.py:188} INFO - [2026-08-25T12:37:10.197+0000] {dagbag.py:538} INFO - Filling up the DagBag from /opt/airflow/dags/news_pipeline_dag.py
[2026-08-25T12:37:10.734+0000] {processor.py:840} INFO - DAG(s) 'news_bronze_pipeline' retrieved from /opt/airflow/dags/news_pipeline_dag.py
[2026-08-25T12:37:10.755+0000] {logging_mixin.py:188} INFO - [2026-08-25T12:37:10.754+0000] {dag.py:3036} INFO - Sync 1 DAGs
[2026-08-25T12:37:10.921+0000] {logging_mixin.py:188} INFO - [2026-08-25T12:37:10.921+0000] {dag.py:3823} INFO - Setting next_dagrun for news_bronze_pipeline to None, run_after=None
[2026-08-25T12:37:10.937+0000] {processor.py:183} INFO - Processing /opt/airflow/dags/news_pipeline_dag.py took 0.744 seconds
[2026-08-25T12:37:41.064+0000] {processor.py:161} INFO - Started process (PID=185) to work on /opt/airflow/dags/news_pipeline_dag.py
[2026-08-25T12:37:41.065+0000] {processor.py:830} INFO - Processing file /opt/airflow/dags/news_pipeline_dag.py for tasks to queue
[2026-08-25T12:37:41.066+0000] {logging_mixin.py:188} INFO - [2026-08-25T12:37:41.065+0000] {dagbag.py:538} INFO - Filling up the DagBag from /opt/airflow/dags/news_pipeline_dag.py
[2026-08-25T12:37:41.633+0000] {processor.py:840} INFO - DAG(s) 'news_bronze_pipeline' retrieved from /opt/airflow/dags/news_pipeline_dag.py
[2026-08-25T12:37:41.655+0000] {logging_mixin.py:188} INFO - [2026-08-25T12:37:41.654+0000] {dag.py:3036} INFO - Sync 1 DAGs
[2026-08-25T12:37:41.796+0000] {logging_mixin.py:188} INFO - [2026-08-25T12:37:41.796+0000] {dag.py:3823} INFO - Setting next_dagrun for news_bronze_pipeline to None, run_after=None
[2026-08-25T12:37:41.808+0000] {processor.py:183} INFO - Processing /opt/airflow/dags/news_pipeline_dag.py took 0.747 seconds
[2026-08-25T12:38:11.917+0000] {processor.py:161} INFO - Started process (PID=188) to work on /opt/airflow/dags/news_pipeline_dag.py
[2026-08-25T12:38:11.918+0000] {processor.py:830} INFO - Processing file /opt/airflow/dags/news_pipeline_dag.py for tasks to queue
[2026-08-25T12:38:11.919+0000] {logging_mixin.py:188} INFO - [2026-08-25T12:38:11.918+0000] {dagbag.py:538} INFO - Filling up the DagBag from /opt/airflow/dags/news_pipeline_dag.py
[2026-08-25T12:38:12.517+0000] {processor.py:840} INFO - DAG(s) 'news_bronze_pipeline' retrieved from /opt/airflow/dags/news_pipeline_dag.py
[2026-08-25T12:38:12.553+0000] {logging_mixin.py:188} INFO - [2026-08-25T12:38:12.553+0000] {dag.py:3036} INFO - Sync 1 DAGs
[2026-08-25T12:38:12.566+0000] {logging_mixin.py:188} INFO - [2026-08-25T12:38:12.566+0000] {dag.py:3823} INFO - Setting next_dagrun for news_bronze_pipeline to None, run_after=None
[2026-08-25T12:38:12.592+0000] {processor.py:183} INFO - Processing /opt/airflow/dags/news_pipeline_dag.py took 0.678 seconds
[2026-08-25T12:38:42.717+0000] {processor.py:161} INFO - Started process (PID=191) to work on /opt/airflow/dags/news_pipeline_dag.py
[2026-08-25T12:38:42.717+0000] {processor.py:830} INFO - Processing file /opt/airflow/dags/news_pipeline_dag.py for tasks to queue
[2026-08-25T12:38:42.718+0000] {logging_mixin.py:188} INFO - [2026-08-25T12:38:42.718+0000] {dagbag.py:538} INFO - Filling up the DagBag from /opt/airflow/dags/news_pipeline_dag.py
[2026-08-25T12:38:43.309+0000] {processor.py:840} INFO - DAG(s) 'news_bronze_pipeline' retrieved from /opt/airflow/dags/news_pipeline_dag.py
[2026-08-25T12:38:43.330+0000] {logging_mixin.py:188} INFO - [2026-08-25T12:38:43.329+0000] {dag.py:3036} INFO - Sync 1 DAGs
[2026-08-25T12:38:43.338+0000] {logging_mixin.py:188} INFO - [2026-08-25T12:38:43.338+0000] {dag.py:3823} INFO - Setting next_dagrun for news_bronze_pipeline to None, run_after=None
[2026-08-25T12:38:43.351+0000] {processor.py:183} INFO - Processing /opt/airflow/dags/news_pipeline_dag.py took 0.637 seconds
[2026-08-25T12:39:13.469+0000] {processor.py:161} INFO - Started process (PID=194) to work on /opt/airflow/dags/news_pipeline_dag.py
[2026-08-25T12:39:13.469+0000] {processor.py:830} INFO - Processing file /opt/airflow/dags/news_pipeline_dag.py for tasks to queue
[2026-08-25T12:39:13.470+0000] {logging_mixin.py:188} INFO - [2026-08-25T12:39:13.470+0000] {dagbag.py:538} INFO - Filling up the DagBag from /opt/airflow/dags/news_pipeline_dag.py
[2026-08-25T12:39:14.054+0000] {processor.py:840} INFO - DAG(s) 'news_bronze_pipeline' retrieved from /opt/airflow/dags/news_pipeline_dag.py
[2026-08-25T12:39:14.077+0000] {logging_mixin.py:188} INFO - [2026-08-25T12:39:14.076+0000] {dag.py:3036} INFO - Sync 1 DAGs
[2026-08-25T12:39:14.088+0000] {logging_mixin.py:188} INFO - [2026-08-25T12:39:14.088+0000] {dag.py:3823} INFO - Setting next_dagrun for news_bronze_pipeline to None, run_after=None
[2026-08-25T12:39:14.102+0000] {processor.py:183} INFO - Processing /opt/airflow/dags/news_pipeline_dag.py took 0.636 seconds
[2026-08-25T12:39:44.214+0000] {processor.py:161} INFO - Started process (PID=197) to work on /opt/airflow/dags/news_pipeline_dag.py
[2026-08-25T12:39:44.215+0000] {processor.py:830} INFO - Processing file /opt/airflow/dags/news_pipeline_dag.py for tasks to queue
[2026-08-25T12:39:44.215+0000] {logging_mixin.py:188} INFO - [2026-08-25T12:39:44.215+0000] {dagbag.py:538} INFO - Filling up the DagBag from /opt/airflow/dags/news_pipeline_dag.py
[2026-08-25T12:39:44.956+0000] {processor.py:840} INFO - DAG(s) 'news_bronze_pipeline' retrieved from /opt/airflow/dags/news_pipeline_dag.py
[2026-08-25T12:39:45.004+0000] {logging_mixin.py:188} INFO - [2026-08-25T12:39:45.004+0000] {dag.py:3036} INFO - Sync 1 DAGs
[2026-08-25T12:39:45.020+0000] {logging_mixin.py:188} INFO - [2026-08-25T12:39:45.020+0000] {dag.py:3823} INFO - Setting next_dagrun for news_bronze_pipeline to None, run_after=None
[2026-08-25T12:39:45.043+0000] {processor.py:183} INFO - Processing /opt/airflow/dags/news_pipeline_dag.py took 0.832 seconds
[2026-08-25T12:39:58.126+0000] {processor.py:161} INFO - Started process (PID=200) to work on /opt/airflow/dags/news_pipeline_dag.py
[2026-08-25T12:39:58.127+0000] {processor.py:830} INFO - Processing file /opt/airflow/dags/news_pipeline_dag.py for tasks to queue
[2026-08-25T12:39:58.128+0000] {logging_mixin.py:188} INFO - [2026-08-25T12:39:58.128+0000] {dagbag.py:538} INFO - Filling up the DagBag from /opt/airflow/dags/news_pipeline_dag.py
[2026-08-25T12:39:58.704+0000] {processor.py:840} INFO - DAG(s) 'news_medallion_pipeline' retrieved from /opt/airflow/dags/news_pipeline_dag.py
[2026-08-25T12:39:58.961+0000] {logging_mixin.py:188} INFO - [2026-08-25T12:39:58.960+0000] {override.py:1769} INFO - Created Permission View: can delete on DAG:news_medallion_pipeline
[2026-08-25T12:39:58.968+0000] {logging_mixin.py:188} INFO - [2026-08-25T12:39:58.968+0000] {override.py:1769} INFO - Created Permission View: can edit on DAG:news_medallion_pipeline
[2026-08-25T12:39:58.979+0000] {logging_mixin.py:188} INFO - [2026-08-25T12:39:58.978+0000] {override.py:1769} INFO - Created Permission View: can read on DAG:news_medallion_pipeline
[2026-08-25T12:39:58.979+0000] {logging_mixin.py:188} INFO - [2026-08-25T12:39:58.979+0000] {dag.py:3036} INFO - Sync 1 DAGs
[2026-08-25T12:39:58.990+0000] {logging_mixin.py:188} INFO - [2026-08-25T12:39:58.990+0000] {dag.py:3058} INFO - Creating ORM DAG for news_medallion_pipeline
[2026-08-25T12:39:58.991+0000] {logging_mixin.py:188} INFO - [2026-08-25T12:39:58.991+0000] {dag.py:3823} INFO - Setting next_dagrun for news_medallion_pipeline to None, run_after=None
[2026-08-25T12:39:59.003+0000] {processor.py:183} INFO - Processing /opt/airflow/dags/news_pipeline_dag.py took 0.879 seconds
[2026-08-25T12:40:29.142+0000] {processor.py:161} INFO - Started process (PID=203) to work on /opt/airflow/dags/news_pipeline_dag.py
[2026-08-25T12:40:29.142+0000] {processor.py:830} INFO - Processing file /opt/airflow/dags/news_pipeline_dag.py for tasks to queue
[2026-08-25T12:40:29.143+0000] {logging_mixin.py:188} INFO - [2026-08-25T12:40:29.143+0000] {dagbag.py:538} INFO - Filling up the DagBag from /opt/airflow/dags/news_pipeline_dag.py
[2026-08-25T12:40:29.804+0000] {processor.py:840} INFO - DAG(s) 'news_medallion_pipeline' retrieved from /opt/airflow/dags/news_pipeline_dag.py
[2026-08-25T12:40:29.827+0000] {logging_mixin.py:188} INFO - [2026-08-25T12:40:29.827+0000] {dag.py:3036} INFO - Sync 1 DAGs
[2026-08-25T12:40:29.989+0000] {logging_mixin.py:188} INFO - [2026-08-25T12:40:29.989+0000] {dag.py:3823} INFO - Setting next_dagrun for news_medallion_pipeline to None, run_after=None
[2026-08-25T12:40:30.002+0000] {processor.py:183} INFO - Processing /opt/airflow/dags/news_pipeline_dag.py took 0.863 seconds
[2026-08-25T12:41:00.119+0000] {processor.py:161} INFO - Started process (PID=206) to work on /opt/airflow/dags/news_pipeline_dag.py
[2026-08-25T12:41:00.120+0000] {processor.py:830} INFO - Processing file /opt/airflow/dags/news_pipeline_dag.py for tasks to queue
[2026-08-25T12:41:00.121+0000] {logging_mixin.py:188} INFO - [2026-08-25T12:41:00.120+0000] {dagbag.py:538} INFO - Filling up the DagBag from /opt/airflow/dags/news_pipeline_dag.py
[2026-08-25T12:41:00.648+0000] {processor.py:840} INFO - DAG(s) 'news_medallion_pipeline' retrieved from /opt/airflow/dags/news_pipeline_dag.py
[2026-08-25T12:41:00.821+0000] {logging_mixin.py:188} INFO - [2026-08-25T12:41:00.820+0000] {dag.py:3036} INFO - Sync 1 DAGs
[2026-08-25T12:41:00.829+0000] {logging_mixin.py:188} INFO - [2026-08-25T12:41:00.829+0000] {dag.py:3823} INFO - Setting next_dagrun for news_medallion_pipeline to None, run_after=None
[2026-08-25T12:41:00.842+0000] {processor.py:183} INFO - Processing /opt/airflow/dags/news_pipeline_dag.py took 0.725 seconds
[2026-08-25T12:41:30.962+0000] {processor.py:161} INFO - Started process (PID=209) to work on /opt/airflow/dags/news_pipeline_dag.py
[2026-08-25T12:41:30.963+0000] {processor.py:830} INFO - Processing file /opt/airflow/dags/news_pipeline_dag.py for tasks to queue
[2026-08-25T12:41:30.964+0000] {logging_mixin.py:188} INFO - [2026-08-25T12:41:30.964+0000] {dagbag.py:538} INFO - Filling up the DagBag from /opt/airflow/dags/news_pipeline_dag.py
[2026-08-25T12:41:31.494+0000] {processor.py:840} INFO - DAG(s) 'news_medallion_pipeline' retrieved from /opt/airflow/dags/news_pipeline_dag.py
[2026-08-25T12:41:31.516+0000] {logging_mixin.py:188} INFO - [2026-08-25T12:41:31.515+0000] {dag.py:3036} INFO - Sync 1 DAGs
[2026-08-25T12:41:31.525+0000] {logging_mixin.py:188} INFO - [2026-08-25T12:41:31.525+0000] {dag.py:3823} INFO - Setting next_dagrun for news_medallion_pipeline to None, run_after=None
[2026-08-25T12:41:31.540+0000] {processor.py:183} INFO - Processing /opt/airflow/dags/news_pipeline_dag.py took 0.580 seconds
[2026-08-25T12:42:01.704+0000] {processor.py:161} INFO - Started process (PID=222) to work on /opt/airflow/dags/news_pipeline_dag.py
[2026-08-25T12:42:01.705+0000] {processor.py:830} INFO - Processing file /opt/airflow/dags/news_pipeline_dag.py for tasks to queue
[2026-08-25T12:42:01.706+0000] {logging_mixin.py:188} INFO - [2026-08-25T12:42:01.705+0000] {dagbag.py:538} INFO - Filling up the DagBag from /opt/airflow/dags/news_pipeline_dag.py
[2026-08-25T12:42:02.237+0000] {processor.py:840} INFO - DAG(s) 'news_medallion_pipeline' retrieved from /opt/airflow/dags/news_pipeline_dag.py
[2026-08-25T12:42:02.260+0000] {logging_mixin.py:188} INFO - [2026-08-25T12:42:02.259+0000] {dag.py:3036} INFO - Sync 1 DAGs
[2026-08-25T12:42:02.270+0000] {logging_mixin.py:188} INFO - [2026-08-25T12:42:02.270+0000] {dag.py:3823} INFO - Setting next_dagrun for news_medallion_pipeline to None, run_after=None
[2026-08-25T12:42:02.288+0000] {processor.py:183} INFO - Processing /opt/airflow/dags/news_pipeline_dag.py took 0.587 seconds
[2026-08-25T12:42:32.405+0000] {processor.py:161} INFO - Started process (PID=225) to work on /opt/airflow/dags/news_pipeline_dag.py
[2026-08-25T12:42:32.406+0000] {processor.py:830} INFO - Processing file /opt/airflow/dags/news_pipeline_dag.py for tasks to queue
[2026-08-25T12:42:32.407+0000] {logging_mixin.py:188} INFO - [2026-08-25T12:42:32.406+0000] {dagbag.py:538} INFO - Filling up the DagBag from /opt/airflow/dags/news_pipeline_dag.py
[2026-08-25T12:42:32.966+0000] {processor.py:840} INFO - DAG(s) 'news_medallion_pipeline' retrieved from /opt/airflow/dags/news_pipeline_dag.py
[2026-08-25T12:42:32.991+0000] {logging_mixin.py:188} INFO - [2026-08-25T12:42:32.991+0000] {dag.py:3036} INFO - Sync 1 DAGs
[2026-08-25T12:42:33.001+0000] {logging_mixin.py:188} INFO - [2026-08-25T12:42:33.001+0000] {dag.py:3823} INFO - Setting next_dagrun for news_medallion_pipeline to None, run_after=None
[2026-08-25T12:42:33.014+0000] {processor.py:183} INFO - Processing /opt/airflow/dags/news_pipeline_dag.py took 0.612 seconds
[2026-08-25T12:43:03.127+0000] {processor.py:161} INFO - Started process (PID=228) to work on /opt/airflow/dags/news_pipeline_dag.py
[2026-08-25T12:43:03.128+0000] {processor.py:830} INFO - Processing file /opt/airflow/dags/news_pipeline_dag.py for tasks to queue
[2026-08-25T12:43:03.129+0000] {logging_mixin.py:188} INFO - [2026-08-25T12:43:03.128+0000] {dagbag.py:538} INFO - Filling up the DagBag from /opt/airflow/dags/news_pipeline_dag.py
[2026-08-25T12:43:03.710+0000] {processor.py:840} INFO - DAG(s) 'news_medallion_pipeline' retrieved from /opt/airflow/dags/news_pipeline_dag.py
[2026-08-25T12:43:03.745+0000] {logging_mixin.py:188} INFO - [2026-08-25T12:43:03.745+0000] {dag.py:3036} INFO - Sync 1 DAGs
[2026-08-25T12:43:03.972+0000] {logging_mixin.py:188} INFO - [2026-08-25T12:43:03.972+0000] {dag.py:3823} INFO - Setting next_dagrun for news_medallion_pipeline to None, run_after=None
[2026-08-25T12:43:04.028+0000] {processor.py:183} INFO - Processing /opt/airflow/dags/news_pipeline_dag.py took 0.904 seconds
[2026-08-25T12:43:34.163+0000] {processor.py:161} INFO - Started process (PID=231) to work on /opt/airflow/dags/news_pipeline_dag.py
[2026-08-25T12:43:34.164+0000] {processor.py:830} INFO - Processing file /opt/airflow/dags/news_pipeline_dag.py for tasks to queue
[2026-08-25T12:43:34.164+0000] {logging_mixin.py:188} INFO - [2026-08-25T12:43:34.164+0000] {dagbag.py:538} INFO - Filling up the DagBag from /opt/airflow/dags/news_pipeline_dag.py
[2026-08-25T12:43:34.882+0000] {processor.py:840} INFO - DAG(s) 'news_medallion_pipeline' retrieved from /opt/airflow/dags/news_pipeline_dag.py
[2026-08-25T12:43:34.906+0000] {logging_mixin.py:188} INFO - [2026-08-25T12:43:34.906+0000] {dag.py:3036} INFO - Sync 1 DAGs
[2026-08-25T12:43:35.066+0000] {logging_mixin.py:188} INFO - [2026-08-25T12:43:35.066+0000] {dag.py:3823} INFO - Setting next_dagrun for news_medallion_pipeline to None, run_after=None
[2026-08-25T12:43:35.084+0000] {processor.py:183} INFO - Processing /opt/airflow/dags/news_pipeline_dag.py took 0.924 seconds
[2026-08-25T12:44:05.126+0000] {processor.py:161} INFO - Started process (PID=234) to work on /opt/airflow/dags/news_pipeline_dag.py
[2026-08-25T12:44:05.127+0000] {processor.py:830} INFO - Processing file /opt/airflow/dags/news_pipeline_dag.py for tasks to queue
[2026-08-25T12:44:05.128+0000] {logging_mixin.py:188} INFO - [2026-08-25T12:44:05.127+0000] {dagbag.py:538} INFO - Filling up the DagBag from /opt/airflow/dags/news_pipeline_dag.py
[2026-08-25T12:44:05.853+0000] {processor.py:840} INFO - DAG(s) 'news_medallion_pipeline' retrieved from /opt/airflow/dags/news_pipeline_dag.py
[2026-08-25T12:44:06.032+0000] {logging_mixin.py:188} INFO - [2026-08-25T12:44:06.032+0000] {dag.py:3036} INFO - Sync 1 DAGs
[2026-08-25T12:44:06.040+0000] {logging_mixin.py:188} INFO - [2026-08-25T12:44:06.040+0000] {dag.py:3823} INFO - Setting next_dagrun for news_medallion_pipeline to None, run_after=None
[2026-08-25T12:44:06.054+0000] {processor.py:183} INFO - Processing /opt/airflow/dags/news_pipeline_dag.py took 0.931 seconds
[2026-08-25T12:44:36.196+0000] {processor.py:161} INFO - Started process (PID=237) to work on /opt/airflow/dags/news_pipeline_dag.py
[2026-08-25T12:44:36.197+0000] {processor.py:830} INFO - Processing file /opt/airflow/dags/news_pipeline_dag.py for tasks to queue
[2026-08-25T12:44:36.197+0000] {logging_mixin.py:188} INFO - [2026-08-25T12:44:36.197+0000] {dagbag.py:538} INFO - Filling up the DagBag from /opt/airflow/dags/news_pipeline_dag.py
[2026-08-25T12:44:36.747+0000] {processor.py:840} INFO - DAG(s) 'news_medallion_pipeline' retrieved from /opt/airflow/dags/news_pipeline_dag.py
[2026-08-25T12:44:36.768+0000] {logging_mixin.py:188} INFO - [2026-08-25T12:44:36.767+0000] {dag.py:3036} INFO - Sync 1 DAGs
[2026-08-25T12:44:36.778+0000] {logging_mixin.py:188} INFO - [2026-08-25T12:44:36.778+0000] {dag.py:3823} INFO - Setting next_dagrun for news_medallion_pipeline to None, run_after=None
[2026-08-25T12:44:36.799+0000] {processor.py:183} INFO - Processing /opt/airflow/dags/news_pipeline_dag.py took 0.607 seconds
[2026-08-25T12:45:06.916+0000] {processor.py:161} INFO - Started process (PID=240) to work on /opt/airflow/dags/news_pipeline_dag.py
[2026-08-25T12:45:06.916+0000] {processor.py:830} INFO - Processing file /opt/airflow/dags/news_pipeline_dag.py for tasks to queue
[2026-08-25T12:45:06.917+0000] {logging_mixin.py:188} INFO - [2026-08-25T12:45:06.917+0000] {dagbag.py:538} INFO - Filling up the DagBag from /opt/airflow/dags/news_pipeline_dag.py
[2026-08-25T12:45:07.443+0000] {processor.py:840} INFO - DAG(s) 'news_medallion_pipeline' retrieved from /opt/airflow/dags/news_pipeline_dag.py
[2026-08-25T12:45:07.463+0000] {logging_mixin.py:188} INFO - [2026-08-25T12:45:07.463+0000] {dag.py:3036} INFO - Sync 1 DAGs
[2026-08-25T12:45:07.475+0000] {logging_mixin.py:188} INFO - [2026-08-25T12:45:07.474+0000] {dag.py:3823} INFO - Setting next_dagrun for news_medallion_pipeline to None, run_after=None
[2026-08-25T12:45:07.490+0000] {processor.py:183} INFO - Processing /opt/airflow/dags/news_pipeline_dag.py took 0.577 seconds
[2026-08-25T12:45:37.594+0000] {processor.py:161} INFO - Started process (PID=243) to work on /opt/airflow/dags/news_pipeline_dag.py
[2026-08-25T12:45:37.595+0000] {processor.py:830} INFO - Processing file /opt/airflow/dags/news_pipeline_dag.py for tasks to queue
[2026-08-25T12:45:37.595+0000] {logging_mixin.py:188} INFO - [2026-08-25T12:45:37.595+0000] {dagbag.py:538} INFO - Filling up the DagBag from /opt/airflow/dags/news_pipeline_dag.py
[2026-08-25T12:45:38.108+0000] {processor.py:840} INFO - DAG(s) 'news_medallion_pipeline' retrieved from /opt/airflow/dags/news_pipeline_dag.py
[2026-08-25T12:45:38.129+0000] {logging_mixin.py:188} INFO - [2026-08-25T12:45:38.129+0000] {dag.py:3036} INFO - Sync 1 DAGs
[2026-08-25T12:45:38.137+0000] {logging_mixin.py:188} INFO - [2026-08-25T12:45:38.137+0000] {dag.py:3823} INFO - Setting next_dagrun for news_medallion_pipeline to None, run_after=None
[2026-08-25T12:45:38.151+0000] {processor.py:183} INFO - Processing /opt/airflow/dags/news_pipeline_dag.py took 0.560 seconds
[2026-08-25T12:46:08.266+0000] {processor.py:161} INFO - Started process (PID=246) to work on /opt/airflow/dags/news_pipeline_dag.py
[2026-08-25T12:46:08.267+0000] {processor.py:830} INFO - Processing file /opt/airflow/dags/news_pipeline_dag.py for tasks to queue
[2026-08-25T12:46:08.267+0000] {logging_mixin.py:188} INFO - [2026-08-25T12:46:08.267+0000] {dagbag.py:538} INFO - Filling up the DagBag from /opt/airflow/dags/news_pipeline_dag.py
[2026-08-25T12:46:08.804+0000] {processor.py:840} INFO - DAG(s) 'news_medallion_pipeline' retrieved from /opt/airflow/dags/news_pipeline_dag.py
[2026-08-25T12:46:08.824+0000] {logging_mixin.py:188} INFO - [2026-08-25T12:46:08.824+0000] {dag.py:3036} INFO - Sync 1 DAGs
[2026-08-25T12:46:08.960+0000] {logging_mixin.py:188} INFO - [2026-08-25T12:46:08.960+0000] {dag.py:3823} INFO - Setting next_dagrun for news_medallion_pipeline to None, run_after=None
[2026-08-25T12:46:08.974+0000] {processor.py:183} INFO - Processing /opt/airflow/dags/news_pipeline_dag.py took 0.711 seconds
[2026-08-25T12:46:39.095+0000] {processor.py:161} INFO - Started process (PID=249) to work on /opt/airflow/dags/news_pipeline_dag.py
[2026-08-25T12:46:39.096+0000] {processor.py:830} INFO - Processing file /opt/airflow/dags/news_pipeline_dag.py for tasks to queue
[2026-08-25T12:46:39.097+0000] {logging_mixin.py:188} INFO - [2026-08-25T12:46:39.096+0000] {dagbag.py:538} INFO - Filling up the DagBag from /opt/airflow/dags/news_pipeline_dag.py
[2026-08-25T12:46:39.621+0000] {processor.py:840} INFO - DAG(s) 'news_medallion_pipeline' retrieved from /opt/airflow/dags/news_pipeline_dag.py
[2026-08-25T12:46:39.642+0000] {logging_mixin.py:188} INFO - [2026-08-25T12:46:39.642+0000] {dag.py:3036} INFO - Sync 1 DAGs
[2026-08-25T12:46:39.780+0000] {logging_mixin.py:188} INFO - [2026-08-25T12:46:39.779+0000] {dag.py:3823} INFO - Setting next_dagrun for news_medallion_pipeline to None, run_after=None
[2026-08-25T12:46:39.795+0000] {processor.py:183} INFO - Processing /opt/airflow/dags/news_pipeline_dag.py took 0.703 seconds
[2026-08-25T12:47:09.895+0000] {processor.py:161} INFO - Started process (PID=252) to work on /opt/airflow/dags/news_pipeline_dag.py
[2026-08-25T12:47:09.895+0000] {processor.py:830} INFO - Processing file /opt/airflow/dags/news_pipeline_dag.py for tasks to queue
[2026-08-25T12:47:09.896+0000] {logging_mixin.py:188} INFO - [2026-08-25T12:47:09.896+0000] {dagbag.py:538} INFO - Filling up the DagBag from /opt/airflow/dags/news_pipeline_dag.py
[2026-08-25T12:47:10.412+0000] {processor.py:840} INFO - DAG(s) 'news_medallion_pipeline' retrieved from /opt/airflow/dags/news_pipeline_dag.py
[2026-08-25T12:47:10.563+0000] {logging_mixin.py:188} INFO - [2026-08-25T12:47:10.563+0000] {dag.py:3036} INFO - Sync 1 DAGs
[2026-08-25T12:47:10.573+0000] {logging_mixin.py:188} INFO - [2026-08-25T12:47:10.572+0000] {dag.py:3823} INFO - Setting next_dagrun for news_medallion_pipeline to None, run_after=None
[2026-08-25T12:47:10.588+0000] {processor.py:183} INFO - Processing /opt/airflow/dags/news_pipeline_dag.py took 0.697 seconds
[2026-08-25T12:47:40.704+0000] {processor.py:161} INFO - Started process (PID=255) to work on /opt/airflow/dags/news_pipeline_dag.py
[2026-08-25T12:47:40.705+0000] {processor.py:830} INFO - Processing file /opt/airflow/dags/news_pipeline_dag.py for tasks to queue
[2026-08-25T12:47:40.706+0000] {logging_mixin.py:188} INFO - [2026-08-25T12:47:40.705+0000] {dagbag.py:538} INFO - Filling up the DagBag from /opt/airflow/dags/news_pipeline_dag.py
[2026-08-25T12:47:41.234+0000] {processor.py:840} INFO - DAG(s) 'news_medallion_pipeline' retrieved from /opt/airflow/dags/news_pipeline_dag.py
[2026-08-25T12:47:41.255+0000] {logging_mixin.py:188} INFO - [2026-08-25T12:47:41.255+0000] {dag.py:3036} INFO - Sync 1 DAGs
[2026-08-25T12:47:41.264+0000] {logging_mixin.py:188} INFO - [2026-08-25T12:47:41.264+0000] {dag.py:3823} INFO - Setting next_dagrun for news_medallion_pipeline to None, run_after=None
[2026-08-25T12:47:41.277+0000] {processor.py:183} INFO - Processing /opt/airflow/dags/news_pipeline_dag.py took 0.575 seconds
[2026-08-25T12:48:11.397+0000] {processor.py:161} INFO - Started process (PID=258) to work on /opt/airflow/dags/news_pipeline_dag.py
[2026-08-25T12:48:11.398+0000] {processor.py:830} INFO - Processing file /opt/airflow/dags/news_pipeline_dag.py for tasks to queue
[2026-08-25T12:48:11.399+0000] {logging_mixin.py:188} INFO - [2026-08-25T12:48:11.399+0000] {dagbag.py:538} INFO - Filling up the DagBag from /opt/airflow/dags/news_pipeline_dag.py
[2026-08-25T12:48:11.912+0000] {processor.py:840} INFO - DAG(s) 'news_medallion_pipeline' retrieved from /opt/airflow/dags/news_pipeline_dag.py
[2026-08-25T12:48:11.933+0000] {logging_mixin.py:188} INFO - [2026-08-25T12:48:11.933+0000] {dag.py:3036} INFO - Sync 1 DAGs
[2026-08-25T12:48:11.942+0000] {logging_mixin.py:188} INFO - [2026-08-25T12:48:11.942+0000] {dag.py:3823} INFO - Setting next_dagrun for news_medallion_pipeline to None, run_after=None
[2026-08-25T12:48:11.955+0000] {processor.py:183} INFO - Processing /opt/airflow/dags/news_pipeline_dag.py took 0.560 seconds
[2026-08-25T12:48:42.071+0000] {processor.py:161} INFO - Started process (PID=261) to work on /opt/airflow/dags/news_pipeline_dag.py
[2026-08-25T12:48:42.072+0000] {processor.py:830} INFO - Processing file /opt/airflow/dags/news_pipeline_dag.py for tasks to queue
[2026-08-25T12:48:42.073+0000] {logging_mixin.py:188} INFO - [2026-08-25T12:48:42.073+0000] {dagbag.py:538} INFO - Filling up the DagBag from /opt/airflow/dags/news_pipeline_dag.py
[2026-08-25T12:48:42.624+0000] {processor.py:840} INFO - DAG(s) 'news_medallion_pipeline' retrieved from /opt/airflow/dags/news_pipeline_dag.py
[2026-08-25T12:48:42.645+0000] {logging_mixin.py:188} INFO - [2026-08-25T12:48:42.644+0000] {dag.py:3036} INFO - Sync 1 DAGs
[2026-08-25T12:48:42.653+0000] {logging_mixin.py:188} INFO - [2026-08-25T12:48:42.653+0000] {dag.py:3823} INFO - Setting next_dagrun for news_medallion_pipeline to None, run_after=None
[2026-08-25T12:48:42.667+0000] {processor.py:183} INFO - Processing /opt/airflow/dags/news_pipeline_dag.py took 0.599 seconds
[2026-08-25T12:49:12.782+0000] {processor.py:161} INFO - Started process (PID=264) to work on /opt/airflow/dags/news_pipeline_dag.py
[2026-08-25T12:49:12.783+0000] {processor.py:830} INFO - Processing file /opt/airflow/dags/news_pipeline_dag.py for tasks to queue
[2026-08-25T12:49:12.784+0000] {logging_mixin.py:188} INFO - [2026-08-25T12:49:12.784+0000] {dagbag.py:538} INFO - Filling up the DagBag from /opt/airflow/dags/news_pipeline_dag.py
[2026-08-25T12:49:13.323+0000] {processor.py:840} INFO - DAG(s) 'news_medallion_pipeline' retrieved from /opt/airflow/dags/news_pipeline_dag.py
[2026-08-25T12:49:13.348+0000] {logging_mixin.py:188} INFO - [2026-08-25T12:49:13.348+0000] {dag.py:3036} INFO - Sync 1 DAGs
[2026-08-25T12:49:13.484+0000] {logging_mixin.py:188} INFO - [2026-08-25T12:49:13.484+0000] {dag.py:3823} INFO - Setting next_dagrun for news_medallion_pipeline to None, run_after=None
[2026-08-25T12:49:13.498+0000] {processor.py:183} INFO - Processing /opt/airflow/dags/news_pipeline_dag.py took 0.719 seconds
[2026-08-25T12:49:43.629+0000] {processor.py:161} INFO - Started process (PID=267) to work on /opt/airflow/dags/news_pipeline_dag.py
[2026-08-25T12:49:43.629+0000] {processor.py:830} INFO - Processing file /opt/airflow/dags/news_pipeline_dag.py for tasks to queue
[2026-08-25T12:49:43.630+0000] {logging_mixin.py:188} INFO - [2026-08-25T12:49:43.630+0000] {dagbag.py:538} INFO - Filling up the DagBag from /opt/airflow/dags/news_pipeline_dag.py
[2026-08-25T12:49:44.177+0000] {processor.py:840} INFO - DAG(s) 'news_medallion_pipeline' retrieved from /opt/airflow/dags/news_pipeline_dag.py
[2026-08-25T12:49:44.207+0000] {logging_mixin.py:188} INFO - [2026-08-25T12:49:44.207+0000] {dag.py:3036} INFO - Sync 1 DAGs
[2026-08-25T12:49:44.379+0000] {logging_mixin.py:188} INFO - [2026-08-25T12:49:44.379+0000] {dag.py:3823} INFO - Setting next_dagrun for news_medallion_pipeline to None, run_after=None
[2026-08-25T12:49:44.394+0000] {processor.py:183} INFO - Processing /opt/airflow/dags/news_pipeline_dag.py took 0.768 seconds
[2026-08-25T12:50:14.510+0000] {processor.py:161} INFO - Started process (PID=270) to work on /opt/airflow/dags/news_pipeline_dag.py
[2026-08-25T12:50:14.511+0000] {processor.py:830} INFO - Processing file /opt/airflow/dags/news_pipeline_dag.py for tasks to queue
[2026-08-25T12:50:14.511+0000] {logging_mixin.py:188} INFO - [2026-08-25T12:50:14.511+0000] {dagbag.py:538} INFO - Filling up the DagBag from /opt/airflow/dags/news_pipeline_dag.py
[2026-08-25T12:50:15.036+0000] {processor.py:840} INFO - DAG(s) 'news_medallion_pipeline' retrieved from /opt/airflow/dags/news_pipeline_dag.py
[2026-08-25T12:50:15.190+0000] {logging_mixin.py:188} INFO - [2026-08-25T12:50:15.189+0000] {dag.py:3036} INFO - Sync 1 DAGs
[2026-08-25T12:50:15.200+0000] {logging_mixin.py:188} INFO - [2026-08-25T12:50:15.200+0000] {dag.py:3823} INFO - Setting next_dagrun for news_medallion_pipeline to None, run_after=None
[2026-08-25T12:50:15.213+0000] {processor.py:183} INFO - Processing /opt/airflow/dags/news_pipeline_dag.py took 0.705 seconds
[2026-08-25T12:50:45.328+0000] {processor.py:161} INFO - Started process (PID=273) to work on /opt/airflow/dags/news_pipeline_dag.py
[2026-08-25T12:50:45.328+0000] {processor.py:830} INFO - Processing file /opt/airflow/dags/news_pipeline_dag.py for tasks to queue
[2026-08-25T12:50:45.329+0000] {logging_mixin.py:188} INFO - [2026-08-25T12:50:45.329+0000] {dagbag.py:538} INFO - Filling up the DagBag from /opt/airflow/dags/news_pipeline_dag.py
[2026-08-25T12:50:45.852+0000] {processor.py:840} INFO - DAG(s) 'news_medallion_pipeline' retrieved from /opt/airflow/dags/news_pipeline_dag.py
[2026-08-25T12:50:45.875+0000] {logging_mixin.py:188} INFO - [2026-08-25T12:50:45.875+0000] {dag.py:3036} INFO - Sync 1 DAGs
[2026-08-25T12:50:45.887+0000] {logging_mixin.py:188} INFO - [2026-08-25T12:50:45.886+0000] {dag.py:3823} INFO - Setting next_dagrun for news_medallion_pipeline to None, run_after=None
[2026-08-25T12:50:45.900+0000] {processor.py:183} INFO - Processing /opt/airflow/dags/news_pipeline_dag.py took 0.575 seconds
[2026-08-25T12:51:16.017+0000] {processor.py:161} INFO - Started process (PID=276) to work on /opt/airflow/dags/news_pipeline_dag.py
[2026-08-25T12:51:16.018+0000] {processor.py:830} INFO - Processing file /opt/airflow/dags/news_pipeline_dag.py for tasks to queue
[2026-08-25T12:51:16.019+0000] {logging_mixin.py:188} INFO - [2026-08-25T12:51:16.019+0000] {dagbag.py:538} INFO - Filling up the DagBag from /opt/airflow/dags/news_pipeline_dag.py
[2026-08-25T12:51:16.542+0000] {processor.py:840} INFO - DAG(s) 'news_medallion_pipeline' retrieved from /opt/airflow/dags/news_pipeline_dag.py
[2026-08-25T12:51:16.563+0000] {logging_mixin.py:188} INFO - [2026-08-25T12:51:16.563+0000] {dag.py:3036} INFO - Sync 1 DAGs
[2026-08-25T12:51:16.572+0000] {logging_mixin.py:188} INFO - [2026-08-25T12:51:16.572+0000] {dag.py:3823} INFO - Setting next_dagrun for news_medallion_pipeline to None, run_after=None
[2026-08-25T12:51:16.587+0000] {processor.py:183} INFO - Processing /opt/airflow/dags/news_pipeline_dag.py took 0.572 seconds
[2026-08-25T12:51:46.696+0000] {processor.py:161} INFO - Started process (PID=279) to work on /opt/airflow/dags/news_pipeline_dag.py
[2026-08-25T12:51:46.697+0000] {processor.py:830} INFO - Processing file /opt/airflow/dags/news_pipeline_dag.py for tasks to queue
[2026-08-25T12:51:46.697+0000] {logging_mixin.py:188} INFO - [2026-08-25T12:51:46.697+0000] {dagbag.py:538} INFO - Filling up the DagBag from /opt/airflow/dags/news_pipeline_dag.py
[2026-08-25T12:51:47.209+0000] {processor.py:840} INFO - DAG(s) 'news_medallion_pipeline' retrieved from /opt/airflow/dags/news_pipeline_dag.py
[2026-08-25T12:51:47.236+0000] {logging_mixin.py:188} INFO - [2026-08-25T12:51:47.235+0000] {dag.py:3036} INFO - Sync 1 DAGs
[2026-08-25T12:51:47.245+0000] {logging_mixin.py:188} INFO - [2026-08-25T12:51:47.245+0000] {dag.py:3823} INFO - Setting next_dagrun for news_medallion_pipeline to None, run_after=None
[2026-08-25T12:51:47.384+0000] {processor.py:183} INFO - Processing /opt/airflow/dags/news_pipeline_dag.py took 0.691 seconds
[2026-08-25T12:52:17.509+0000] {processor.py:161} INFO - Started process (PID=282) to work on /opt/airflow/dags/news_pipeline_dag.py
[2026-08-25T12:52:17.510+0000] {processor.py:830} INFO - Processing file /opt/airflow/dags/news_pipeline_dag.py for tasks to queue
[2026-08-25T12:52:17.510+0000] {logging_mixin.py:188} INFO - [2026-08-25T12:52:17.510+0000] {dagbag.py:538} INFO - Filling up the DagBag from /opt/airflow/dags/news_pipeline_dag.py
[2026-08-25T12:52:18.038+0000] {processor.py:840} INFO - DAG(s) 'news_medallion_pipeline' retrieved from /opt/airflow/dags/news_pipeline_dag.py
[2026-08-25T12:52:18.058+0000] {logging_mixin.py:188} INFO - [2026-08-25T12:52:18.058+0000] {dag.py:3036} INFO - Sync 1 DAGs
[2026-08-25T12:52:18.191+0000] {logging_mixin.py:188} INFO - [2026-08-25T12:52:18.191+0000] {dag.py:3823} INFO - Setting next_dagrun for news_medallion_pipeline to None, run_after=None
[2026-08-25T12:52:18.204+0000] {processor.py:183} INFO - Processing /opt/airflow/dags/news_pipeline_dag.py took 0.698 seconds
[2026-08-25T12:52:48.317+0000] {processor.py:161} INFO - Started process (PID=285) to work on /opt/airflow/dags/news_pipeline_dag.py
[2026-08-25T12:52:48.318+0000] {processor.py:830} INFO - Processing file /opt/airflow/dags/news_pipeline_dag.py for tasks to queue
[2026-08-25T12:52:48.319+0000] {logging_mixin.py:188} INFO - [2026-08-25T12:52:48.318+0000] {dagbag.py:538} INFO - Filling up the DagBag from /opt/airflow/dags/news_pipeline_dag.py
[2026-08-25T12:52:48.824+0000] {processor.py:840} INFO - DAG(s) 'news_medallion_pipeline' retrieved from /opt/airflow/dags/news_pipeline_dag.py
[2026-08-25T12:52:48.981+0000] {logging_mixin.py:188} INFO - [2026-08-25T12:52:48.981+0000] {dag.py:3036} INFO - Sync 1 DAGs
[2026-08-25T12:52:48.993+0000] {logging_mixin.py:188} INFO - [2026-08-25T12:52:48.992+0000] {dag.py:3823} INFO - Setting next_dagrun for news_medallion_pipeline to None, run_after=None
[2026-08-25T12:52:49.006+0000] {processor.py:183} INFO - Processing /opt/airflow/dags/news_pipeline_dag.py took 0.692 seconds
[2026-08-25T12:53:19.116+0000] {processor.py:161} INFO - Started process (PID=288) to work on /opt/airflow/dags/news_pipeline_dag.py
[2026-08-25T12:53:19.117+0000] {processor.py:830} INFO - Processing file /opt/airflow/dags/news_pipeline_dag.py for tasks to queue
[2026-08-25T12:53:19.118+0000] {logging_mixin.py:188} INFO - [2026-08-25T12:53:19.117+0000] {dagbag.py:538} INFO - Filling up the DagBag from /opt/airflow/dags/news_pipeline_dag.py
[2026-08-25T12:53:19.661+0000] {processor.py:840} INFO - DAG(s) 'news_medallion_pipeline' retrieved from /opt/airflow/dags/news_pipeline_dag.py
[2026-08-25T12:53:19.685+0000] {logging_mixin.py:188} INFO - [2026-08-25T12:53:19.685+0000] {dag.py:3036} INFO - Sync 1 DAGs
[2026-08-25T12:53:19.695+0000] {logging_mixin.py:188} INFO - [2026-08-25T12:53:19.695+0000] {dag.py:3823} INFO - Setting next_dagrun for news_medallion_pipeline to None, run_after=None
[2026-08-25T12:53:19.708+0000] {processor.py:183} INFO - Processing /opt/airflow/dags/news_pipeline_dag.py took 0.595 seconds
[2026-08-25T12:53:49.818+0000] {processor.py:161} INFO - Started process (PID=291) to work on /opt/airflow/dags/news_pipeline_dag.py
[2026-08-25T12:53:49.819+0000] {processor.py:830} INFO - Processing file /opt/airflow/dags/news_pipeline_dag.py for tasks to queue
[2026-08-25T12:53:49.819+0000] {logging_mixin.py:188} INFO - [2026-08-25T12:53:49.819+0000] {dagbag.py:538} INFO - Filling up the DagBag from /opt/airflow/dags/news_pipeline_dag.py
[2026-08-25T12:53:50.366+0000] {processor.py:840} INFO - DAG(s) 'news_medallion_pipeline' retrieved from /opt/airflow/dags/news_pipeline_dag.py
[2026-08-25T12:53:50.392+0000] {logging_mixin.py:188} INFO - [2026-08-25T12:53:50.391+0000] {dag.py:3036} INFO - Sync 1 DAGs
[2026-08-25T12:53:50.400+0000] {logging_mixin.py:188} INFO - [2026-08-25T12:53:50.400+0000] {dag.py:3823} INFO - Setting next_dagrun for news_medallion_pipeline to None, run_after=None
[2026-08-25T12:53:50.413+0000] {processor.py:183} INFO - Processing /opt/airflow/dags/news_pipeline_dag.py took 0.598 seconds
[2026-08-25T12:54:20.520+0000] {processor.py:161} INFO - Started process (PID=294) to work on /opt/airflow/dags/news_pipeline_dag.py
[2026-08-25T12:54:20.521+0000] {processor.py:830} INFO - Processing file /opt/airflow/dags/news_pipeline_dag.py for tasks to queue
[2026-08-25T12:54:20.522+0000] {logging_mixin.py:188} INFO - [2026-08-25T12:54:20.521+0000] {dagbag.py:538} INFO - Filling up the DagBag from /opt/airflow/dags/news_pipeline_dag.py
[2026-08-25T12:54:21.064+0000] {processor.py:840} INFO - DAG(s) 'news_medallion_pipeline' retrieved from /opt/airflow/dags/news_pipeline_dag.py
[2026-08-25T12:54:21.091+0000] {logging_mixin.py:188} INFO - [2026-08-25T12:54:21.090+0000] {dag.py:3036} INFO - Sync 1 DAGs
[2026-08-25T12:54:21.100+0000] {logging_mixin.py:188} INFO - [2026-08-25T12:54:21.100+0000] {dag.py:3823} INFO - Setting next_dagrun for news_medallion_pipeline to None, run_after=None
[2026-08-25T12:54:21.115+0000] {processor.py:183} INFO - Processing /opt/airflow/dags/news_pipeline_dag.py took 0.597 seconds
[2026-08-25T12:54:51.230+0000] {processor.py:161} INFO - Started process (PID=297) to work on /opt/airflow/dags/news_pipeline_dag.py
[2026-08-25T12:54:51.230+0000] {processor.py:830} INFO - Processing file /opt/airflow/dags/news_pipeline_dag.py for tasks to queue
[2026-08-25T12:54:51.231+0000] {logging_mixin.py:188} INFO - [2026-08-25T12:54:51.231+0000] {dagbag.py:538} INFO - Filling up the DagBag from /opt/airflow/dags/news_pipeline_dag.py
[2026-08-25T12:54:51.758+0000] {processor.py:840} INFO - DAG(s) 'news_medallion_pipeline' retrieved from /opt/airflow/dags/news_pipeline_dag.py
[2026-08-25T12:54:51.782+0000] {logging_mixin.py:188} INFO - [2026-08-25T12:54:51.781+0000] {dag.py:3036} INFO - Sync 1 DAGs
[2026-08-25T12:54:51.794+0000] {logging_mixin.py:188} INFO - [2026-08-25T12:54:51.794+0000] {dag.py:3823} INFO - Setting next_dagrun for news_medallion_pipeline to None, run_after=None
[2026-08-25T12:54:51.950+0000] {processor.py:183} INFO - Processing /opt/airflow/dags/news_pipeline_dag.py took 0.723 seconds
[2026-08-25T12:55:22.078+0000] {processor.py:161} INFO - Started process (PID=300) to work on /opt/airflow/dags/news_pipeline_dag.py
[2026-08-25T12:55:22.079+0000] {processor.py:830} INFO - Processing file /opt/airflow/dags/news_pipeline_dag.py for tasks to queue
[2026-08-25T12:55:22.080+0000] {logging_mixin.py:188} INFO - [2026-08-25T12:55:22.080+0000] {dagbag.py:538} INFO - Filling up the DagBag from /opt/airflow/dags/news_pipeline_dag.py
[2026-08-25T12:55:22.592+0000] {processor.py:840} INFO - DAG(s) 'news_medallion_pipeline' retrieved from /opt/airflow/dags/news_pipeline_dag.py
[2026-08-25T12:55:22.612+0000] {logging_mixin.py:188} INFO - [2026-08-25T12:55:22.612+0000] {dag.py:3036} INFO - Sync 1 DAGs
[2026-08-25T12:55:22.764+0000] {logging_mixin.py:188} INFO - [2026-08-25T12:55:22.763+0000] {dag.py:3823} INFO - Setting next_dagrun for news_medallion_pipeline to None, run_after=None
[2026-08-25T12:55:22.777+0000] {processor.py:183} INFO - Processing /opt/airflow/dags/news_pipeline_dag.py took 0.702 seconds
[2026-08-25T12:55:52.826+0000] {processor.py:161} INFO - Started process (PID=303) to work on /opt/airflow/dags/news_pipeline_dag.py
[2026-08-25T12:55:52.826+0000] {processor.py:830} INFO - Processing file /opt/airflow/dags/news_pipeline_dag.py for tasks to queue
[2026-08-25T12:55:52.827+0000] {logging_mixin.py:188} INFO - [2026-08-25T12:55:52.827+0000] {dagbag.py:538} INFO - Filling up the DagBag from /opt/airflow/dags/news_pipeline_dag.py
[2026-08-25T12:55:53.348+0000] {processor.py:840} INFO - DAG(s) 'news_medallion_pipeline' retrieved from /opt/airflow/dags/news_pipeline_dag.py
[2026-08-25T12:55:53.503+0000] {logging_mixin.py:188} INFO - [2026-08-25T12:55:53.503+0000] {dag.py:3036} INFO - Sync 1 DAGs
[2026-08-25T12:55:53.511+0000] {logging_mixin.py:188} INFO - [2026-08-25T12:55:53.511+0000] {dag.py:3823} INFO - Setting next_dagrun for news_medallion_pipeline to None, run_after=None
[2026-08-25T12:55:53.524+0000] {processor.py:183} INFO - Processing /opt/airflow/dags/news_pipeline_dag.py took 0.701 seconds
[2026-08-25T12:56:23.637+0000] {processor.py:161} INFO - Started process (PID=306) to work on /opt/airflow/dags/news_pipeline_dag.py
[2026-08-25T12:56:23.638+0000] {processor.py:830} INFO - Processing file /opt/airflow/dags/news_pipeline_dag.py for tasks to queue
[2026-08-25T12:56:23.638+0000] {logging_mixin.py:188} INFO - [2026-08-25T12:56:23.638+0000] {dagbag.py:538} INFO - Filling up the DagBag from /opt/airflow/dags/news_pipeline_dag.py
[2026-08-25T12:56:24.173+0000] {processor.py:840} INFO - DAG(s) 'news_medallion_pipeline' retrieved from /opt/airflow/dags/news_pipeline_dag.py
[2026-08-25T12:56:24.194+0000] {logging_mixin.py:188} INFO - [2026-08-25T12:56:24.193+0000] {dag.py:3036} INFO - Sync 1 DAGs
[2026-08-25T12:56:24.203+0000] {logging_mixin.py:188} INFO - [2026-08-25T12:56:24.203+0000] {dag.py:3823} INFO - Setting next_dagrun for news_medallion_pipeline to None, run_after=None
[2026-08-25T12:56:24.216+0000] {processor.py:183} INFO - Processing /opt/airflow/dags/news_pipeline_dag.py took 0.582 seconds
[2026-08-25T12:56:54.327+0000] {processor.py:161} INFO - Started process (PID=309) to work on /opt/airflow/dags/news_pipeline_dag.py
[2026-08-25T12:56:54.327+0000] {processor.py:830} INFO - Processing file /opt/airflow/dags/news_pipeline_dag.py for tasks to queue
[2026-08-25T12:56:54.328+0000] {logging_mixin.py:188} INFO - [2026-08-25T12:56:54.328+0000] {dagbag.py:538} INFO - Filling up the DagBag from /opt/airflow/dags/news_pipeline_dag.py
[2026-08-25T12:56:54.844+0000] {processor.py:840} INFO - DAG(s) 'news_medallion_pipeline' retrieved from /opt/airflow/dags/news_pipeline_dag.py
[2026-08-25T12:56:54.865+0000] {logging_mixin.py:188} INFO - [2026-08-25T12:56:54.865+0000] {dag.py:3036} INFO - Sync 1 DAGs
[2026-08-25T12:56:54.875+0000] {logging_mixin.py:188} INFO - [2026-08-25T12:56:54.875+0000] {dag.py:3823} INFO - Setting next_dagrun for news_medallion_pipeline to None, run_after=None
[2026-08-25T12:56:54.893+0000] {processor.py:183} INFO - Processing /opt/airflow/dags/news_pipeline_dag.py took 0.569 seconds
[2026-08-25T12:57:25.004+0000] {processor.py:161} INFO - Started process (PID=312) to work on /opt/airflow/dags/news_pipeline_dag.py
[2026-08-25T12:57:25.005+0000] {processor.py:830} INFO - Processing file /opt/airflow/dags/news_pipeline_dag.py for tasks to queue
[2026-08-25T12:57:25.006+0000] {logging_mixin.py:188} INFO - [2026-08-25T12:57:25.006+0000] {dagbag.py:538} INFO - Filling up the DagBag from /opt/airflow/dags/news_pipeline_dag.py
[2026-08-25T12:57:25.527+0000] {processor.py:840} INFO - DAG(s) 'news_medallion_pipeline' retrieved from /opt/airflow/dags/news_pipeline_dag.py
[2026-08-25T12:57:25.547+0000] {logging_mixin.py:188} INFO - [2026-08-25T12:57:25.547+0000] {dag.py:3036} INFO - Sync 1 DAGs
[2026-08-25T12:57:25.556+0000] {logging_mixin.py:188} INFO - [2026-08-25T12:57:25.556+0000] {dag.py:3823} INFO - Setting next_dagrun for news_medallion_pipeline to None, run_after=None
[2026-08-25T12:57:25.570+0000] {processor.py:183} INFO - Processing /opt/airflow/dags/news_pipeline_dag.py took 0.568 seconds
[2026-08-25T12:57:55.683+0000] {processor.py:161} INFO - Started process (PID=315) to work on /opt/airflow/dags/news_pipeline_dag.py
[2026-08-25T12:57:55.684+0000] {processor.py:830} INFO - Processing file /opt/airflow/dags/news_pipeline_dag.py for tasks to queue
[2026-08-25T12:57:55.685+0000] {logging_mixin.py:188} INFO - [2026-08-25T12:57:55.685+0000] {dagbag.py:538} INFO - Filling up the DagBag from /opt/airflow/dags/news_pipeline_dag.py
[2026-08-25T12:57:56.213+0000] {processor.py:840} INFO - DAG(s) 'news_medallion_pipeline' retrieved from /opt/airflow/dags/news_pipeline_dag.py
[2026-08-25T12:57:56.234+0000] {logging_mixin.py:188} INFO - [2026-08-25T12:57:56.233+0000] {dag.py:3036} INFO - Sync 1 DAGs
[2026-08-25T12:57:56.373+0000] {logging_mixin.py:188} INFO - [2026-08-25T12:57:56.372+0000] {dag.py:3823} INFO - Setting next_dagrun for news_medallion_pipeline to None, run_after=None
[2026-08-25T12:57:56.388+0000] {processor.py:183} INFO - Processing /opt/airflow/dags/news_pipeline_dag.py took 0.708 seconds
[2026-08-25T12:58:26.509+0000] {processor.py:161} INFO - Started process (PID=318) to work on /opt/airflow/dags/news_pipeline_dag.py
[2026-08-25T12:58:26.510+0000] {processor.py:830} INFO - Processing file /opt/airflow/dags/news_pipeline_dag.py for tasks to queue
[2026-08-25T12:58:26.511+0000] {logging_mixin.py:188} INFO - [2026-08-25T12:58:26.510+0000] {dagbag.py:538} INFO - Filling up the DagBag from /opt/airflow/dags/news_pipeline_dag.py
[2026-08-25T12:58:27.049+0000] {processor.py:840} INFO - DAG(s) 'news_medallion_pipeline' retrieved from /opt/airflow/dags/news_pipeline_dag.py
[2026-08-25T12:58:27.070+0000] {logging_mixin.py:188} INFO - [2026-08-25T12:58:27.070+0000] {dag.py:3036} INFO - Sync 1 DAGs
[2026-08-25T12:58:27.211+0000] {logging_mixin.py:188} INFO - [2026-08-25T12:58:27.211+0000] {dag.py:3823} INFO - Setting next_dagrun for news_medallion_pipeline to None, run_after=None
[2026-08-25T12:58:27.224+0000] {processor.py:183} INFO - Processing /opt/airflow/dags/news_pipeline_dag.py took 0.718 seconds
[2026-08-25T12:58:57.350+0000] {processor.py:161} INFO - Started process (PID=321) to work on /opt/airflow/dags/news_pipeline_dag.py
[2026-08-25T12:58:57.350+0000] {processor.py:830} INFO - Processing file /opt/airflow/dags/news_pipeline_dag.py for tasks to queue
[2026-08-25T12:58:57.351+0000] {logging_mixin.py:188} INFO - [2026-08-25T12:58:57.351+0000] {dagbag.py:538} INFO - Filling up the DagBag from /opt/airflow/dags/news_pipeline_dag.py
[2026-08-25T12:58:57.910+0000] {processor.py:840} INFO - DAG(s) 'news_medallion_pipeline' retrieved from /opt/airflow/dags/news_pipeline_dag.py
[2026-08-25T12:58:58.069+0000] {logging_mixin.py:188} INFO - [2026-08-25T12:58:58.069+0000] {dag.py:3036} INFO - Sync 1 DAGs
[2026-08-25T12:58:58.081+0000] {logging_mixin.py:188} INFO - [2026-08-25T12:58:58.080+0000] {dag.py:3823} INFO - Setting next_dagrun for news_medallion_pipeline to None, run_after=None
[2026-08-25T12:58:58.095+0000] {processor.py:183} INFO - Processing /opt/airflow/dags/news_pipeline_dag.py took 0.748 seconds
[2026-08-25T12:59:28.205+0000] {processor.py:161} INFO - Started process (PID=324) to work on /opt/airflow/dags/news_pipeline_dag.py
[2026-08-25T12:59:28.206+0000] {processor.py:830} INFO - Processing file /opt/airflow/dags/news_pipeline_dag.py for tasks to queue
[2026-08-25T12:59:28.206+0000] {logging_mixin.py:188} INFO - [2026-08-25T12:59:28.206+0000] {dagbag.py:538} INFO - Filling up the DagBag from /opt/airflow/dags/news_pipeline_dag.py
[2026-08-25T12:59:28.785+0000] {processor.py:840} INFO - DAG(s) 'news_medallion_pipeline' retrieved from /opt/airflow/dags/news_pipeline_dag.py
[2026-08-25T12:59:28.807+0000] {logging_mixin.py:188} INFO - [2026-08-25T12:59:28.807+0000] {dag.py:3036} INFO - Sync 1 DAGs
[2026-08-25T12:59:28.816+0000] {logging_mixin.py:188} INFO - [2026-08-25T12:59:28.816+0000] {dag.py:3823} INFO - Setting next_dagrun for news_medallion_pipeline to None, run_after=None
[2026-08-25T12:59:28.829+0000] {processor.py:183} INFO - Processing /opt/airflow/dags/news_pipeline_dag.py took 0.627 seconds
[2026-08-25T12:59:58.942+0000] {processor.py:161} INFO - Started process (PID=327) to work on /opt/airflow/dags/news_pipeline_dag.py
[2026-08-25T12:59:58.943+0000] {processor.py:830} INFO - Processing file /opt/airflow/dags/news_pipeline_dag.py for tasks to queue
[2026-08-25T12:59:58.943+0000] {logging_mixin.py:188} INFO - [2026-08-25T12:59:58.943+0000] {dagbag.py:538} INFO - Filling up the DagBag from /opt/airflow/dags/news_pipeline_dag.py
[2026-08-25T12:59:59.472+0000] {processor.py:840} INFO - DAG(s) 'news_medallion_pipeline' retrieved from /opt/airflow/dags/news_pipeline_dag.py
[2026-08-25T12:59:59.495+0000] {logging_mixin.py:188} INFO - [2026-08-25T12:59:59.495+0000] {dag.py:3036} INFO - Sync 1 DAGs
[2026-08-25T12:59:59.504+0000] {logging_mixin.py:188} INFO - [2026-08-25T12:59:59.504+0000] {dag.py:3823} INFO - Setting next_dagrun for news_medallion_pipeline to None, run_after=None
[2026-08-25T12:59:59.519+0000] {processor.py:183} INFO - Processing /opt/airflow/dags/news_pipeline_dag.py took 0.580 seconds
[2026-08-25T13:00:29.632+0000] {processor.py:161} INFO - Started process (PID=330) to work on /opt/airflow/dags/news_pipeline_dag.py
[2026-08-25T13:00:29.633+0000] {processor.py:830} INFO - Processing file /opt/airflow/dags/news_pipeline_dag.py for tasks to queue
[2026-08-25T13:00:29.634+0000] {logging_mixin.py:188} INFO - [2026-08-25T13:00:29.633+0000] {dagbag.py:538} INFO - Filling up the DagBag from /opt/airflow/dags/news_pipeline_dag.py
[2026-08-25T13:00:30.149+0000] {processor.py:840} INFO - DAG(s) 'news_medallion_pipeline' retrieved from /opt/airflow/dags/news_pipeline_dag.py
[2026-08-25T13:00:30.169+0000] {logging_mixin.py:188} INFO - [2026-08-25T13:00:30.169+0000] {dag.py:3036} INFO - Sync 1 DAGs
[2026-08-25T13:00:30.182+0000] {logging_mixin.py:188} INFO - [2026-08-25T13:00:30.182+0000] {dag.py:3823} INFO - Setting next_dagrun for news_medallion_pipeline to None, run_after=None
[2026-08-25T13:00:30.327+0000] {processor.py:183} INFO - Processing /opt/airflow/dags/news_pipeline_dag.py took 0.698 seconds
[2026-08-25T13:01:00.445+0000] {processor.py:161} INFO - Started process (PID=333) to work on /opt/airflow/dags/news_pipeline_dag.py
[2026-08-25T13:01:00.446+0000] {processor.py:830} INFO - Processing file /opt/airflow/dags/news_pipeline_dag.py for tasks to queue
[2026-08-25T13:01:00.447+0000] {logging_mixin.py:188} INFO - [2026-08-25T13:01:00.446+0000] {dagbag.py:538} INFO - Filling up the DagBag from /opt/airflow/dags/news_pipeline_dag.py
[2026-08-25T13:01:01.005+0000] {processor.py:840} INFO - DAG(s) 'news_medallion_pipeline' retrieved from /opt/airflow/dags/news_pipeline_dag.py
[2026-08-25T13:01:01.031+0000] {logging_mixin.py:188} INFO - [2026-08-25T13:01:01.031+0000] {dag.py:3036} INFO - Sync 1 DAGs
[2026-08-25T13:01:01.181+0000] {logging_mixin.py:188} INFO - [2026-08-25T13:01:01.181+0000] {dag.py:3823} INFO - Setting next_dagrun for news_medallion_pipeline to None, run_after=None
[2026-08-25T13:01:01.195+0000] {processor.py:183} INFO - Processing /opt/airflow/dags/news_pipeline_dag.py took 0.753 seconds
[2026-08-25T13:01:31.308+0000] {processor.py:161} INFO - Started process (PID=336) to work on /opt/airflow/dags/news_pipeline_dag.py
[2026-08-25T13:01:31.309+0000] {processor.py:830} INFO - Processing file /opt/airflow/dags/news_pipeline_dag.py for tasks to queue
[2026-08-25T13:01:31.310+0000] {logging_mixin.py:188} INFO - [2026-08-25T13:01:31.309+0000] {dagbag.py:538} INFO - Filling up the DagBag from /opt/airflow/dags/news_pipeline_dag.py
[2026-08-25T13:01:31.834+0000] {processor.py:840} INFO - DAG(s) 'news_medallion_pipeline' retrieved from /opt/airflow/dags/news_pipeline_dag.py
[2026-08-25T13:01:31.995+0000] {logging_mixin.py:188} INFO - [2026-08-25T13:01:31.995+0000] {dag.py:3036} INFO - Sync 1 DAGs
[2026-08-25T13:01:32.008+0000] {logging_mixin.py:188} INFO - [2026-08-25T13:01:32.008+0000] {dag.py:3823} INFO - Setting next_dagrun for news_medallion_pipeline to None, run_after=None
[2026-08-25T13:01:32.021+0000] {processor.py:183} INFO - Processing /opt/airflow/dags/news_pipeline_dag.py took 0.716 seconds
[2026-08-25T13:02:02.136+0000] {processor.py:161} INFO - Started process (PID=339) to work on /opt/airflow/dags/news_pipeline_dag.py
[2026-08-25T13:02:02.136+0000] {processor.py:830} INFO - Processing file /opt/airflow/dags/news_pipeline_dag.py for tasks to queue
[2026-08-25T13:02:02.137+0000] {logging_mixin.py:188} INFO - [2026-08-25T13:02:02.137+0000] {dagbag.py:538} INFO - Filling up the DagBag from /opt/airflow/dags/news_pipeline_dag.py
[2026-08-25T13:02:02.710+0000] {processor.py:840} INFO - DAG(s) 'news_medallion_pipeline' retrieved from /opt/airflow/dags/news_pipeline_dag.py
[2026-08-25T13:02:02.898+0000] {logging_mixin.py:188} INFO - [2026-08-25T13:02:02.897+0000] {dag.py:3036} INFO - Sync 1 DAGs
[2026-08-25T13:02:02.907+0000] {logging_mixin.py:188} INFO - [2026-08-25T13:02:02.907+0000] {dag.py:3823} INFO - Setting next_dagrun for news_medallion_pipeline to None, run_after=None
[2026-08-25T13:02:02.920+0000] {processor.py:183} INFO - Processing /opt/airflow/dags/news_pipeline_dag.py took 0.787 seconds
[2026-08-25T13:02:33.016+0000] {processor.py:161} INFO - Started process (PID=342) to work on /opt/airflow/dags/news_pipeline_dag.py
[2026-08-25T13:02:33.016+0000] {processor.py:830} INFO - Processing file /opt/airflow/dags/news_pipeline_dag.py for tasks to queue
[2026-08-25T13:02:33.017+0000] {logging_mixin.py:188} INFO - [2026-08-25T13:02:33.017+0000] {dagbag.py:538} INFO - Filling up the DagBag from /opt/airflow/dags/news_pipeline_dag.py
[2026-08-25T13:02:33.550+0000] {processor.py:840} INFO - DAG(s) 'news_medallion_pipeline' retrieved from /opt/airflow/dags/news_pipeline_dag.py
[2026-08-25T13:02:33.574+0000] {logging_mixin.py:188} INFO - [2026-08-25T13:02:33.573+0000] {dag.py:3036} INFO - Sync 1 DAGs
[2026-08-25T13:02:33.587+0000] {logging_mixin.py:188} INFO - [2026-08-25T13:02:33.587+0000] {dag.py:3823} INFO - Setting next_dagrun for news_medallion_pipeline to None, run_after=None
[2026-08-25T13:02:33.601+0000] {processor.py:183} INFO - Processing /opt/airflow/dags/news_pipeline_dag.py took 0.588 seconds
[2026-08-25T13:03:03.717+0000] {processor.py:161} INFO - Started process (PID=345) to work on /opt/airflow/dags/news_pipeline_dag.py
[2026-08-25T13:03:03.718+0000] {processor.py:830} INFO - Processing file /opt/airflow/dags/news_pipeline_dag.py for tasks to queue
[2026-08-25T13:03:03.718+0000] {logging_mixin.py:188} INFO - [2026-08-25T13:03:03.718+0000] {dagbag.py:538} INFO - Filling up the DagBag from /opt/airflow/dags/news_pipeline_dag.py
[2026-08-25T13:03:04.238+0000] {processor.py:840} INFO - DAG(s) 'news_medallion_pipeline' retrieved from /opt/airflow/dags/news_pipeline_dag.py
[2026-08-25T13:03:04.262+0000] {logging_mixin.py:188} INFO - [2026-08-25T13:03:04.262+0000] {dag.py:3036} INFO - Sync 1 DAGs
[2026-08-25T13:03:04.272+0000] {logging_mixin.py:188} INFO - [2026-08-25T13:03:04.271+0000] {dag.py:3823} INFO - Setting next_dagrun for news_medallion_pipeline to None, run_after=None
[2026-08-25T13:03:04.287+0000] {processor.py:183} INFO - Processing /opt/airflow/dags/news_pipeline_dag.py took 0.572 seconds
[2026-08-25T13:03:34.398+0000] {processor.py:161} INFO - Started process (PID=348) to work on /opt/airflow/dags/news_pipeline_dag.py
[2026-08-25T13:03:34.399+0000] {processor.py:830} INFO - Processing file /opt/airflow/dags/news_pipeline_dag.py for tasks to queue
[2026-08-25T13:03:34.400+0000] {logging_mixin.py:188} INFO - [2026-08-25T13:03:34.400+0000] {dagbag.py:538} INFO - Filling up the DagBag from /opt/airflow/dags/news_pipeline_dag.py
[2026-08-25T13:03:34.931+0000] {processor.py:840} INFO - DAG(s) 'news_medallion_pipeline' retrieved from /opt/airflow/dags/news_pipeline_dag.py
[2026-08-25T13:03:34.954+0000] {logging_mixin.py:188} INFO - [2026-08-25T13:03:34.954+0000] {dag.py:3036} INFO - Sync 1 DAGs
[2026-08-25T13:03:34.966+0000] {logging_mixin.py:188} INFO - [2026-08-25T13:03:34.966+0000] {dag.py:3823} INFO - Setting next_dagrun for news_medallion_pipeline to None, run_after=None
[2026-08-25T13:03:35.128+0000] {processor.py:183} INFO - Processing /opt/airflow/dags/news_pipeline_dag.py took 0.733 seconds
[2026-08-25T13:04:05.257+0000] {processor.py:161} INFO - Started process (PID=351) to work on /opt/airflow/dags/news_pipeline_dag.py
[2026-08-25T13:04:05.258+0000] {processor.py:830} INFO - Processing file /opt/airflow/dags/news_pipeline_dag.py for tasks to queue
[2026-08-25T13:04:05.259+0000] {logging_mixin.py:188} INFO - [2026-08-25T13:04:05.258+0000] {dagbag.py:538} INFO - Filling up the DagBag from /opt/airflow/dags/news_pipeline_dag.py
[2026-08-25T13:04:05.913+0000] {processor.py:840} INFO - DAG(s) 'news_medallion_pipeline' retrieved from /opt/airflow/dags/news_pipeline_dag.py
[2026-08-25T13:04:05.947+0000] {logging_mixin.py:188} INFO - [2026-08-25T13:04:05.947+0000] {dag.py:3036} INFO - Sync 1 DAGs
[2026-08-25T13:04:06.186+0000] {logging_mixin.py:188} INFO - [2026-08-25T13:04:06.185+0000] {dag.py:3823} INFO - Setting next_dagrun for news_medallion_pipeline to None, run_after=None
[2026-08-25T13:04:06.199+0000] {processor.py:183} INFO - Processing /opt/airflow/dags/news_pipeline_dag.py took 0.944 seconds
[2026-08-25T13:04:36.318+0000] {processor.py:161} INFO - Started process (PID=354) to work on /opt/airflow/dags/news_pipeline_dag.py
[2026-08-25T13:04:36.319+0000] {processor.py:830} INFO - Processing file /opt/airflow/dags/news_pipeline_dag.py for tasks to queue
[2026-08-25T13:04:36.319+0000] {logging_mixin.py:188} INFO - [2026-08-25T13:04:36.319+0000] {dagbag.py:538} INFO - Filling up the DagBag from /opt/airflow/dags/news_pipeline_dag.py
[2026-08-25T13:04:37.063+0000] {processor.py:840} INFO - DAG(s) 'news_medallion_pipeline' retrieved from /opt/airflow/dags/news_pipeline_dag.py
[2026-08-25T13:04:37.247+0000] {logging_mixin.py:188} INFO - [2026-08-25T13:04:37.247+0000] {dag.py:3036} INFO - Sync 1 DAGs
[2026-08-25T13:04:37.255+0000] {logging_mixin.py:188} INFO - [2026-08-25T13:04:37.255+0000] {dag.py:3823} INFO - Setting next_dagrun for news_medallion_pipeline to None, run_after=None
[2026-08-25T13:04:37.268+0000] {processor.py:183} INFO - Processing /opt/airflow/dags/news_pipeline_dag.py took 0.953 seconds
[2026-08-25T13:05:07.401+0000] {processor.py:161} INFO - Started process (PID=357) to work on /opt/airflow/dags/news_pipeline_dag.py
[2026-08-25T13:05:07.402+0000] {processor.py:830} INFO - Processing file /opt/airflow/dags/news_pipeline_dag.py for tasks to queue
[2026-08-25T13:05:07.403+0000] {logging_mixin.py:188} INFO - [2026-08-25T13:05:07.403+0000] {dagbag.py:538} INFO - Filling up the DagBag from /opt/airflow/dags/news_pipeline_dag.py
[2026-08-25T13:05:07.996+0000] {processor.py:840} INFO - DAG(s) 'news_medallion_pipeline' retrieved from /opt/airflow/dags/news_pipeline_dag.py
[2026-08-25T13:05:08.147+0000] {logging_mixin.py:188} INFO - [2026-08-25T13:05:08.147+0000] {dag.py:3036} INFO - Sync 1 DAGs
[2026-08-25T13:05:08.155+0000] {logging_mixin.py:188} INFO - [2026-08-25T13:05:08.155+0000] {dag.py:3823} INFO - Setting next_dagrun for news_medallion_pipeline to None, run_after=None
[2026-08-25T13:05:08.167+0000] {processor.py:183} INFO - Processing /opt/airflow/dags/news_pipeline_dag.py took 0.772 seconds
[2026-08-25T13:05:38.293+0000] {processor.py:161} INFO - Started process (PID=360) to work on /opt/airflow/dags/news_pipeline_dag.py
[2026-08-25T13:05:38.294+0000] {processor.py:830} INFO - Processing file /opt/airflow/dags/news_pipeline_dag.py for tasks to queue
[2026-08-25T13:05:38.294+0000] {logging_mixin.py:188} INFO - [2026-08-25T13:05:38.294+0000] {dagbag.py:538} INFO - Filling up the DagBag from /opt/airflow/dags/news_pipeline_dag.py
[2026-08-25T13:05:38.974+0000] {processor.py:840} INFO - DAG(s) 'news_medallion_pipeline' retrieved from /opt/airflow/dags/news_pipeline_dag.py
[2026-08-25T13:05:38.998+0000] {logging_mixin.py:188} INFO - [2026-08-25T13:05:38.997+0000] {dag.py:3036} INFO - Sync 1 DAGs
[2026-08-25T13:05:39.005+0000] {logging_mixin.py:188} INFO - [2026-08-25T13:05:39.005+0000] {dag.py:3823} INFO - Setting next_dagrun for news_medallion_pipeline to None, run_after=None
[2026-08-25T13:05:39.017+0000] {processor.py:183} INFO - Processing /opt/airflow/dags/news_pipeline_dag.py took 0.727 seconds
[2026-08-25T13:06:09.131+0000] {processor.py:161} INFO - Started process (PID=363) to work on /opt/airflow/dags/news_pipeline_dag.py
[2026-08-25T13:06:09.132+0000] {processor.py:830} INFO - Processing file /opt/airflow/dags/news_pipeline_dag.py for tasks to queue
[2026-08-25T13:06:09.133+0000] {logging_mixin.py:188} INFO - [2026-08-25T13:06:09.133+0000] {dagbag.py:538} INFO - Filling up the DagBag from /opt/airflow/dags/news_pipeline_dag.py
[2026-08-25T13:06:09.674+0000] {processor.py:840} INFO - DAG(s) 'news_medallion_pipeline' retrieved from /opt/airflow/dags/news_pipeline_dag.py
[2026-08-25T13:06:09.698+0000] {logging_mixin.py:188} INFO - [2026-08-25T13:06:09.698+0000] {dag.py:3036} INFO - Sync 1 DAGs
[2026-08-25T13:06:09.707+0000] {logging_mixin.py:188} INFO - [2026-08-25T13:06:09.706+0000] {dag.py:3823} INFO - Setting next_dagrun for news_medallion_pipeline to None, run_after=None
[2026-08-25T13:06:09.720+0000] {processor.py:183} INFO - Processing /opt/airflow/dags/news_pipeline_dag.py took 0.591 seconds
[2026-08-25T13:06:39.835+0000] {processor.py:161} INFO - Started process (PID=366) to work on /opt/airflow/dags/news_pipeline_dag.py
[2026-08-25T13:06:39.835+0000] {processor.py:830} INFO - Processing file /opt/airflow/dags/news_pipeline_dag.py for tasks to queue
[2026-08-25T13:06:39.836+0000] {logging_mixin.py:188} INFO - [2026-08-25T13:06:39.836+0000] {dagbag.py:538} INFO - Filling up the DagBag from /opt/airflow/dags/news_pipeline_dag.py
[2026-08-25T13:06:40.352+0000] {processor.py:840} INFO - DAG(s) 'news_medallion_pipeline' retrieved from /opt/airflow/dags/news_pipeline_dag.py
[2026-08-25T13:06:40.375+0000] {logging_mixin.py:188} INFO - [2026-08-25T13:06:40.375+0000] {dag.py:3036} INFO - Sync 1 DAGs
[2026-08-25T13:06:40.524+0000] {logging_mixin.py:188} INFO - [2026-08-25T13:06:40.524+0000] {dag.py:3823} INFO - Setting next_dagrun for news_medallion_pipeline to None, run_after=None
[2026-08-25T13:06:40.540+0000] {processor.py:183} INFO - Processing /opt/airflow/dags/news_pipeline_dag.py took 0.709 seconds
[2026-08-25T13:07:10.667+0000] {processor.py:161} INFO - Started process (PID=369) to work on /opt/airflow/dags/news_pipeline_dag.py
[2026-08-25T13:07:10.668+0000] {processor.py:830} INFO - Processing file /opt/airflow/dags/news_pipeline_dag.py for tasks to queue
[2026-08-25T13:07:10.668+0000] {logging_mixin.py:188} INFO - [2026-08-25T13:07:10.668+0000] {dagbag.py:538} INFO - Filling up the DagBag from /opt/airflow/dags/news_pipeline_dag.py
[2026-08-25T13:07:11.316+0000] {processor.py:840} INFO - DAG(s) 'news_medallion_pipeline' retrieved from /opt/airflow/dags/news_pipeline_dag.py
[2026-08-25T13:07:11.339+0000] {logging_mixin.py:188} INFO - [2026-08-25T13:07:11.338+0000] {dag.py:3036} INFO - Sync 1 DAGs
[2026-08-25T13:07:11.477+0000] {logging_mixin.py:188} INFO - [2026-08-25T13:07:11.477+0000] {dag.py:3823} INFO - Setting next_dagrun for news_medallion_pipeline to None, run_after=None
[2026-08-25T13:07:11.496+0000] {processor.py:183} INFO - Processing /opt/airflow/dags/news_pipeline_dag.py took 0.832 seconds
[2026-08-25T13:07:41.624+0000] {processor.py:161} INFO - Started process (PID=372) to work on /opt/airflow/dags/news_pipeline_dag.py
[2026-08-25T13:07:41.625+0000] {processor.py:830} INFO - Processing file /opt/airflow/dags/news_pipeline_dag.py for tasks to queue
[2026-08-25T13:07:41.626+0000] {logging_mixin.py:188} INFO - [2026-08-25T13:07:41.625+0000] {dagbag.py:538} INFO - Filling up the DagBag from /opt/airflow/dags/news_pipeline_dag.py
[2026-08-25T13:07:42.176+0000] {processor.py:840} INFO - DAG(s) 'news_medallion_pipeline' retrieved from /opt/airflow/dags/news_pipeline_dag.py
[2026-08-25T13:07:42.333+0000] {logging_mixin.py:188} INFO - [2026-08-25T13:07:42.333+0000] {dag.py:3036} INFO - Sync 1 DAGs
[2026-08-25T13:07:42.341+0000] {logging_mixin.py:188} INFO - [2026-08-25T13:07:42.341+0000] {dag.py:3823} INFO - Setting next_dagrun for news_medallion_pipeline to None, run_after=None
[2026-08-25T13:07:42.354+0000] {processor.py:183} INFO - Processing /opt/airflow/dags/news_pipeline_dag.py took 0.734 seconds
[2026-08-25T13:08:12.478+0000] {processor.py:161} INFO - Started process (PID=375) to work on /opt/airflow/dags/news_pipeline_dag.py
[2026-08-25T13:08:12.479+0000] {processor.py:830} INFO - Processing file /opt/airflow/dags/news_pipeline_dag.py for tasks to queue
[2026-08-25T13:08:12.480+0000] {logging_mixin.py:188} INFO - [2026-08-25T13:08:12.480+0000] {dagbag.py:538} INFO - Filling up the DagBag from /opt/airflow/dags/news_pipeline_dag.py
[2026-08-25T13:08:13.157+0000] {processor.py:840} INFO - DAG(s) 'news_medallion_pipeline' retrieved from /opt/airflow/dags/news_pipeline_dag.py
[2026-08-25T13:08:13.178+0000] {logging_mixin.py:188} INFO - [2026-08-25T13:08:13.177+0000] {dag.py:3036} INFO - Sync 1 DAGs
[2026-08-25T13:08:13.186+0000] {logging_mixin.py:188} INFO - [2026-08-25T13:08:13.186+0000] {dag.py:3823} INFO - Setting next_dagrun for news_medallion_pipeline to None, run_after=None
[2026-08-25T13:08:13.200+0000] {processor.py:183} INFO - Processing /opt/airflow/dags/news_pipeline_dag.py took 0.725 seconds
[2026-08-25T13:08:43.319+0000] {processor.py:161} INFO - Started process (PID=378) to work on /opt/airflow/dags/news_pipeline_dag.py
[2026-08-25T13:08:43.320+0000] {processor.py:830} INFO - Processing file /opt/airflow/dags/news_pipeline_dag.py for tasks to queue
[2026-08-25T13:08:43.321+0000] {logging_mixin.py:188} INFO - [2026-08-25T13:08:43.321+0000] {dagbag.py:538} INFO - Filling up the DagBag from /opt/airflow/dags/news_pipeline_dag.py
[2026-08-25T13:08:43.971+0000] {processor.py:840} INFO - DAG(s) 'news_medallion_pipeline' retrieved from /opt/airflow/dags/news_pipeline_dag.py
[2026-08-25T13:08:43.994+0000] {logging_mixin.py:188} INFO - [2026-08-25T13:08:43.994+0000] {dag.py:3036} INFO - Sync 1 DAGs
[2026-08-25T13:08:44.005+0000] {logging_mixin.py:188} INFO - [2026-08-25T13:08:44.005+0000] {dag.py:3823} INFO - Setting next_dagrun for news_medallion_pipeline to None, run_after=None
[2026-08-25T13:08:44.018+0000] {processor.py:183} INFO - Processing /opt/airflow/dags/news_pipeline_dag.py took 0.702 seconds
[2026-08-25T13:09:14.134+0000] {processor.py:161} INFO - Started process (PID=381) to work on /opt/airflow/dags/news_pipeline_dag.py
[2026-08-25T13:09:14.134+0000] {processor.py:830} INFO - Processing file /opt/airflow/dags/news_pipeline_dag.py for tasks to queue
[2026-08-25T13:09:14.135+0000] {logging_mixin.py:188} INFO - [2026-08-25T13:09:14.135+0000] {dagbag.py:538} INFO - Filling up the DagBag from /opt/airflow/dags/news_pipeline_dag.py
[2026-08-25T13:09:14.688+0000] {processor.py:840} INFO - DAG(s) 'news_medallion_pipeline' retrieved from /opt/airflow/dags/news_pipeline_dag.py
[2026-08-25T13:09:14.709+0000] {logging_mixin.py:188} INFO - [2026-08-25T13:09:14.709+0000] {dag.py:3036} INFO - Sync 1 DAGs
[2026-08-25T13:09:14.717+0000] {logging_mixin.py:188} INFO - [2026-08-25T13:09:14.717+0000] {dag.py:3823} INFO - Setting next_dagrun for news_medallion_pipeline to None, run_after=None
[2026-08-25T13:09:14.731+0000] {processor.py:183} INFO - Processing /opt/airflow/dags/news_pipeline_dag.py took 0.600 seconds
[2026-08-25T13:09:44.851+0000] {processor.py:161} INFO - Started process (PID=384) to work on /opt/airflow/dags/news_pipeline_dag.py
[2026-08-25T13:09:44.852+0000] {processor.py:830} INFO - Processing file /opt/airflow/dags/news_pipeline_dag.py for tasks to queue
[2026-08-25T13:09:44.852+0000] {logging_mixin.py:188} INFO - [2026-08-25T13:09:44.852+0000] {dagbag.py:538} INFO - Filling up the DagBag from /opt/airflow/dags/news_pipeline_dag.py
[2026-08-25T13:09:45.430+0000] {processor.py:840} INFO - DAG(s) 'news_medallion_pipeline' retrieved from /opt/airflow/dags/news_pipeline_dag.py
[2026-08-25T13:09:45.451+0000] {logging_mixin.py:188} INFO - [2026-08-25T13:09:45.450+0000] {dag.py:3036} INFO - Sync 1 DAGs
[2026-08-25T13:09:45.590+0000] {logging_mixin.py:188} INFO - [2026-08-25T13:09:45.590+0000] {dag.py:3823} INFO - Setting next_dagrun for news_medallion_pipeline to None, run_after=None
[2026-08-25T13:09:45.603+0000] {processor.py:183} INFO - Processing /opt/airflow/dags/news_pipeline_dag.py took 0.755 seconds
[2026-08-25T13:10:15.725+0000] {processor.py:161} INFO - Started process (PID=387) to work on /opt/airflow/dags/news_pipeline_dag.py
[2026-08-25T13:10:15.725+0000] {processor.py:830} INFO - Processing file /opt/airflow/dags/news_pipeline_dag.py for tasks to queue
[2026-08-25T13:10:15.726+0000] {logging_mixin.py:188} INFO - [2026-08-25T13:10:15.726+0000] {dagbag.py:538} INFO - Filling up the DagBag from /opt/airflow/dags/news_pipeline_dag.py
[2026-08-25T13:10:16.251+0000] {processor.py:840} INFO - DAG(s) 'news_medallion_pipeline' retrieved from /opt/airflow/dags/news_pipeline_dag.py
[2026-08-25T13:10:16.274+0000] {logging_mixin.py:188} INFO - [2026-08-25T13:10:16.274+0000] {dag.py:3036} INFO - Sync 1 DAGs
[2026-08-25T13:10:16.426+0000] {logging_mixin.py:188} INFO - [2026-08-25T13:10:16.426+0000] {dag.py:3823} INFO - Setting next_dagrun for news_medallion_pipeline to None, run_after=None
[2026-08-25T13:10:16.439+0000] {processor.py:183} INFO - Processing /opt/airflow/dags/news_pipeline_dag.py took 0.717 seconds
[2026-08-25T13:10:46.550+0000] {processor.py:161} INFO - Started process (PID=390) to work on /opt/airflow/dags/news_pipeline_dag.py
[2026-08-25T13:10:46.551+0000] {processor.py:830} INFO - Processing file /opt/airflow/dags/news_pipeline_dag.py for tasks to queue
[2026-08-25T13:10:46.552+0000] {logging_mixin.py:188} INFO - [2026-08-25T13:10:46.551+0000] {dagbag.py:538} INFO - Filling up the DagBag from /opt/airflow/dags/news_pipeline_dag.py
[2026-08-25T13:10:47.086+0000] {processor.py:840} INFO - DAG(s) 'news_medallion_pipeline' retrieved from /opt/airflow/dags/news_pipeline_dag.py
[2026-08-25T13:10:47.248+0000] {logging_mixin.py:188} INFO - [2026-08-25T13:10:47.248+0000] {dag.py:3036} INFO - Sync 1 DAGs
[2026-08-25T13:10:47.256+0000] {logging_mixin.py:188} INFO - [2026-08-25T13:10:47.256+0000] {dag.py:3823} INFO - Setting next_dagrun for news_medallion_pipeline to None, run_after=None
[2026-08-25T13:10:47.268+0000] {processor.py:183} INFO - Processing /opt/airflow/dags/news_pipeline_dag.py took 0.721 seconds
[2026-08-25T13:11:17.398+0000] {processor.py:161} INFO - Started process (PID=393) to work on /opt/airflow/dags/news_pipeline_dag.py
[2026-08-25T13:11:17.399+0000] {processor.py:830} INFO - Processing file /opt/airflow/dags/news_pipeline_dag.py for tasks to queue
[2026-08-25T13:11:17.400+0000] {logging_mixin.py:188} INFO - [2026-08-25T13:11:17.400+0000] {dagbag.py:538} INFO - Filling up the DagBag from /opt/airflow/dags/news_pipeline_dag.py
[2026-08-25T13:11:18.086+0000] {processor.py:840} INFO - DAG(s) 'news_medallion_pipeline' retrieved from /opt/airflow/dags/news_pipeline_dag.py
[2026-08-25T13:11:18.105+0000] {logging_mixin.py:188} INFO - [2026-08-25T13:11:18.105+0000] {dag.py:3036} INFO - Sync 1 DAGs
[2026-08-25T13:11:18.113+0000] {logging_mixin.py:188} INFO - [2026-08-25T13:11:18.113+0000] {dag.py:3823} INFO - Setting next_dagrun for news_medallion_pipeline to None, run_after=None
[2026-08-25T13:11:18.125+0000] {processor.py:183} INFO - Processing /opt/airflow/dags/news_pipeline_dag.py took 0.730 seconds
[2026-08-25T13:11:48.248+0000] {processor.py:161} INFO - Started process (PID=396) to work on /opt/airflow/dags/news_pipeline_dag.py
[2026-08-25T13:11:48.249+0000] {processor.py:830} INFO - Processing file /opt/airflow/dags/news_pipeline_dag.py for tasks to queue
[2026-08-25T13:11:48.250+0000] {logging_mixin.py:188} INFO - [2026-08-25T13:11:48.249+0000] {dagbag.py:538} INFO - Filling up the DagBag from /opt/airflow/dags/news_pipeline_dag.py
[2026-08-25T13:11:48.783+0000] {processor.py:840} INFO - DAG(s) 'news_medallion_pipeline' retrieved from /opt/airflow/dags/news_pipeline_dag.py
[2026-08-25T13:11:48.805+0000] {logging_mixin.py:188} INFO - [2026-08-25T13:11:48.805+0000] {dag.py:3036} INFO - Sync 1 DAGs
[2026-08-25T13:11:48.814+0000] {logging_mixin.py:188} INFO - [2026-08-25T13:11:48.814+0000] {dag.py:3823} INFO - Setting next_dagrun for news_medallion_pipeline to None, run_after=None
[2026-08-25T13:11:48.829+0000] {processor.py:183} INFO - Processing /opt/airflow/dags/news_pipeline_dag.py took 0.584 seconds
[2026-08-25T13:12:18.870+0000] {processor.py:161} INFO - Started process (PID=399) to work on /opt/airflow/dags/news_pipeline_dag.py
[2026-08-25T13:12:18.871+0000] {processor.py:830} INFO - Processing file /opt/airflow/dags/news_pipeline_dag.py for tasks to queue
[2026-08-25T13:12:18.872+0000] {logging_mixin.py:188} INFO - [2026-08-25T13:12:18.872+0000] {dagbag.py:538} INFO - Filling up the DagBag from /opt/airflow/dags/news_pipeline_dag.py
[2026-08-25T13:12:19.440+0000] {processor.py:840} INFO - DAG(s) 'news_medallion_pipeline' retrieved from /opt/airflow/dags/news_pipeline_dag.py
[2026-08-25T13:12:19.461+0000] {logging_mixin.py:188} INFO - [2026-08-25T13:12:19.460+0000] {dag.py:3036} INFO - Sync 1 DAGs
[2026-08-25T13:12:19.471+0000] {logging_mixin.py:188} INFO - [2026-08-25T13:12:19.470+0000] {dag.py:3823} INFO - Setting next_dagrun for news_medallion_pipeline to None, run_after=None
[2026-08-25T13:12:19.614+0000] {processor.py:183} INFO - Processing /opt/airflow/dags/news_pipeline_dag.py took 0.746 seconds
[2026-08-25T13:12:49.729+0000] {processor.py:161} INFO - Started process (PID=402) to work on /opt/airflow/dags/news_pipeline_dag.py
[2026-08-25T13:12:49.730+0000] {processor.py:830} INFO - Processing file /opt/airflow/dags/news_pipeline_dag.py for tasks to queue
[2026-08-25T13:12:49.730+0000] {logging_mixin.py:188} INFO - [2026-08-25T13:12:49.730+0000] {dagbag.py:538} INFO - Filling up the DagBag from /opt/airflow/dags/news_pipeline_dag.py
[2026-08-25T13:12:50.305+0000] {processor.py:840} INFO - DAG(s) 'news_medallion_pipeline' retrieved from /opt/airflow/dags/news_pipeline_dag.py
[2026-08-25T13:12:50.326+0000] {logging_mixin.py:188} INFO - [2026-08-25T13:12:50.325+0000] {dag.py:3036} INFO - Sync 1 DAGs
[2026-08-25T13:12:50.473+0000] {logging_mixin.py:188} INFO - [2026-08-25T13:12:50.472+0000] {dag.py:3823} INFO - Setting next_dagrun for news_medallion_pipeline to None, run_after=None
[2026-08-25T13:12:50.488+0000] {processor.py:183} INFO - Processing /opt/airflow/dags/news_pipeline_dag.py took 0.762 seconds
[2026-08-25T13:13:20.611+0000] {processor.py:161} INFO - Started process (PID=405) to work on /opt/airflow/dags/news_pipeline_dag.py
[2026-08-25T13:13:20.612+0000] {processor.py:830} INFO - Processing file /opt/airflow/dags/news_pipeline_dag.py for tasks to queue
[2026-08-25T13:13:20.613+0000] {logging_mixin.py:188} INFO - [2026-08-25T13:13:20.612+0000] {dagbag.py:538} INFO - Filling up the DagBag from /opt/airflow/dags/news_pipeline_dag.py
[2026-08-25T13:13:21.142+0000] {processor.py:840} INFO - DAG(s) 'news_medallion_pipeline' retrieved from /opt/airflow/dags/news_pipeline_dag.py
[2026-08-25T13:13:21.333+0000] {logging_mixin.py:188} INFO - [2026-08-25T13:13:21.333+0000] {dag.py:3036} INFO - Sync 1 DAGs
[2026-08-25T13:13:21.341+0000] {logging_mixin.py:188} INFO - [2026-08-25T13:13:21.341+0000] {dag.py:3823} INFO - Setting next_dagrun for news_medallion_pipeline to None, run_after=None
[2026-08-25T13:13:21.354+0000] {processor.py:183} INFO - Processing /opt/airflow/dags/news_pipeline_dag.py took 0.747 seconds
[2026-08-25T13:13:51.480+0000] {processor.py:161} INFO - Started process (PID=408) to work on /opt/airflow/dags/news_pipeline_dag.py
[2026-08-25T13:13:51.483+0000] {processor.py:830} INFO - Processing file /opt/airflow/dags/news_pipeline_dag.py for tasks to queue
[2026-08-25T13:13:51.484+0000] {logging_mixin.py:188} INFO - [2026-08-25T13:13:51.483+0000] {dagbag.py:538} INFO - Filling up the DagBag from /opt/airflow/dags/news_pipeline_dag.py
[2026-08-25T13:13:52.096+0000] {processor.py:840} INFO - DAG(s) 'news_medallion_pipeline' retrieved from /opt/airflow/dags/news_pipeline_dag.py
[2026-08-25T13:13:52.377+0000] {logging_mixin.py:188} INFO - [2026-08-25T13:13:52.377+0000] {dag.py:3036} INFO - Sync 1 DAGs
[2026-08-25T13:13:52.392+0000] {logging_mixin.py:188} INFO - [2026-08-25T13:13:52.392+0000] {dag.py:3823} INFO - Setting next_dagrun for news_medallion_pipeline to None, run_after=None
[2026-08-25T13:13:52.406+0000] {processor.py:183} INFO - Processing /opt/airflow/dags/news_pipeline_dag.py took 0.929 seconds
[2026-08-25T13:14:22.522+0000] {processor.py:161} INFO - Started process (PID=411) to work on /opt/airflow/dags/news_pipeline_dag.py
[2026-08-25T13:14:22.523+0000] {processor.py:830} INFO - Processing file /opt/airflow/dags/news_pipeline_dag.py for tasks to queue
[2026-08-25T13:14:22.524+0000] {logging_mixin.py:188} INFO - [2026-08-25T13:14:22.523+0000] {dagbag.py:538} INFO - Filling up the DagBag from /opt/airflow/dags/news_pipeline_dag.py
[2026-08-25T13:14:23.272+0000] {processor.py:840} INFO - DAG(s) 'news_medallion_pipeline' retrieved from /opt/airflow/dags/news_pipeline_dag.py
[2026-08-25T13:14:23.304+0000] {logging_mixin.py:188} INFO - [2026-08-25T13:14:23.304+0000] {dag.py:3036} INFO - Sync 1 DAGs
[2026-08-25T13:14:23.316+0000] {logging_mixin.py:188} INFO - [2026-08-25T13:14:23.315+0000] {dag.py:3823} INFO - Setting next_dagrun for news_medallion_pipeline to None, run_after=None
[2026-08-25T13:14:23.337+0000] {processor.py:183} INFO - Processing /opt/airflow/dags/news_pipeline_dag.py took 0.818 seconds
[2026-08-25T13:14:53.442+0000] {processor.py:161} INFO - Started process (PID=414) to work on /opt/airflow/dags/news_pipeline_dag.py
[2026-08-25T13:14:53.443+0000] {processor.py:830} INFO - Processing file /opt/airflow/dags/news_pipeline_dag.py for tasks to queue
[2026-08-25T13:14:53.443+0000] {logging_mixin.py:188} INFO - [2026-08-25T13:14:53.443+0000] {dagbag.py:538} INFO - Filling up the DagBag from /opt/airflow/dags/news_pipeline_dag.py
[2026-08-25T13:14:53.959+0000] {processor.py:840} INFO - DAG(s) 'news_medallion_pipeline' retrieved from /opt/airflow/dags/news_pipeline_dag.py
[2026-08-25T13:14:53.980+0000] {logging_mixin.py:188} INFO - [2026-08-25T13:14:53.979+0000] {dag.py:3036} INFO - Sync 1 DAGs
[2026-08-25T13:14:53.990+0000] {logging_mixin.py:188} INFO - [2026-08-25T13:14:53.990+0000] {dag.py:3823} INFO - Setting next_dagrun for news_medallion_pipeline to None, run_after=None
[2026-08-25T13:14:54.005+0000] {processor.py:183} INFO - Processing /opt/airflow/dags/news_pipeline_dag.py took 0.566 seconds
[2026-08-25T13:15:24.123+0000] {processor.py:161} INFO - Started process (PID=417) to work on /opt/airflow/dags/news_pipeline_dag.py
[2026-08-25T13:15:24.124+0000] {processor.py:830} INFO - Processing file /opt/airflow/dags/news_pipeline_dag.py for tasks to queue
[2026-08-25T13:15:24.125+0000] {logging_mixin.py:188} INFO - [2026-08-25T13:15:24.124+0000] {dagbag.py:538} INFO - Filling up the DagBag from /opt/airflow/dags/news_pipeline_dag.py
[2026-08-25T13:15:24.648+0000] {processor.py:840} INFO - DAG(s) 'news_medallion_pipeline' retrieved from /opt/airflow/dags/news_pipeline_dag.py
[2026-08-25T13:15:24.668+0000] {logging_mixin.py:188} INFO - [2026-08-25T13:15:24.668+0000] {dag.py:3036} INFO - Sync 1 DAGs
[2026-08-25T13:15:24.681+0000] {logging_mixin.py:188} INFO - [2026-08-25T13:15:24.680+0000] {dag.py:3823} INFO - Setting next_dagrun for news_medallion_pipeline to None, run_after=None
[2026-08-25T13:15:24.825+0000] {processor.py:183} INFO - Processing /opt/airflow/dags/news_pipeline_dag.py took 0.705 seconds
[2026-08-25T13:15:54.940+0000] {processor.py:161} INFO - Started process (PID=420) to work on /opt/airflow/dags/news_pipeline_dag.py
[2026-08-25T13:15:54.941+0000] {processor.py:830} INFO - Processing file /opt/airflow/dags/news_pipeline_dag.py for tasks to queue
[2026-08-25T13:15:54.942+0000] {logging_mixin.py:188} INFO - [2026-08-25T13:15:54.942+0000] {dagbag.py:538} INFO - Filling up the DagBag from /opt/airflow/dags/news_pipeline_dag.py
[2026-08-25T13:15:55.446+0000] {processor.py:840} INFO - DAG(s) 'news_medallion_pipeline' retrieved from /opt/airflow/dags/news_pipeline_dag.py
[2026-08-25T13:15:55.473+0000] {logging_mixin.py:188} INFO - [2026-08-25T13:15:55.472+0000] {dag.py:3036} INFO - Sync 1 DAGs
[2026-08-25T13:15:55.612+0000] {logging_mixin.py:188} INFO - [2026-08-25T13:15:55.612+0000] {dag.py:3823} INFO - Setting next_dagrun for news_medallion_pipeline to None, run_after=None
[2026-08-25T13:15:55.625+0000] {processor.py:183} INFO - Processing /opt/airflow/dags/news_pipeline_dag.py took 0.687 seconds
[2026-08-25T13:16:25.752+0000] {processor.py:161} INFO - Started process (PID=423) to work on /opt/airflow/dags/news_pipeline_dag.py
[2026-08-25T13:16:25.754+0000] {processor.py:830} INFO - Processing file /opt/airflow/dags/news_pipeline_dag.py for tasks to queue
[2026-08-25T13:16:25.755+0000] {logging_mixin.py:188} INFO - [2026-08-25T13:16:25.754+0000] {dagbag.py:538} INFO - Filling up the DagBag from /opt/airflow/dags/news_pipeline_dag.py
[2026-08-25T13:16:26.354+0000] {processor.py:840} INFO - DAG(s) 'news_medallion_pipeline' retrieved from /opt/airflow/dags/news_pipeline_dag.py
[2026-08-25T13:16:26.509+0000] {logging_mixin.py:188} INFO - [2026-08-25T13:16:26.508+0000] {dag.py:3036} INFO - Sync 1 DAGs
[2026-08-25T13:16:26.517+0000] {logging_mixin.py:188} INFO - [2026-08-25T13:16:26.517+0000] {dag.py:3823} INFO - Setting next_dagrun for news_medallion_pipeline to None, run_after=None
[2026-08-25T13:16:26.530+0000] {processor.py:183} INFO - Processing /opt/airflow/dags/news_pipeline_dag.py took 0.783 seconds
[2026-08-25T13:16:56.648+0000] {processor.py:161} INFO - Started process (PID=426) to work on /opt/airflow/dags/news_pipeline_dag.py
[2026-08-25T13:16:56.649+0000] {processor.py:830} INFO - Processing file /opt/airflow/dags/news_pipeline_dag.py for tasks to queue
[2026-08-25T13:16:56.649+0000] {logging_mixin.py:188} INFO - [2026-08-25T13:16:56.649+0000] {dagbag.py:538} INFO - Filling up the DagBag from /opt/airflow/dags/news_pipeline_dag.py
[2026-08-25T13:16:57.182+0000] {processor.py:840} INFO - DAG(s) 'news_medallion_pipeline' retrieved from /opt/airflow/dags/news_pipeline_dag.py
[2026-08-25T13:16:57.328+0000] {logging_mixin.py:188} INFO - [2026-08-25T13:16:57.328+0000] {dag.py:3036} INFO - Sync 1 DAGs
[2026-08-25T13:16:57.336+0000] {logging_mixin.py:188} INFO - [2026-08-25T13:16:57.336+0000] {dag.py:3823} INFO - Setting next_dagrun for news_medallion_pipeline to None, run_after=None
[2026-08-25T13:16:57.349+0000] {processor.py:183} INFO - Processing /opt/airflow/dags/news_pipeline_dag.py took 0.704 seconds
[2026-08-25T13:17:27.462+0000] {processor.py:161} INFO - Started process (PID=429) to work on /opt/airflow/dags/news_pipeline_dag.py
[2026-08-25T13:17:27.463+0000] {processor.py:830} INFO - Processing file /opt/airflow/dags/news_pipeline_dag.py for tasks to queue
[2026-08-25T13:17:27.463+0000] {logging_mixin.py:188} INFO - [2026-08-25T13:17:27.463+0000] {dagbag.py:538} INFO - Filling up the DagBag from /opt/airflow/dags/news_pipeline_dag.py
[2026-08-25T13:17:28.152+0000] {processor.py:840} INFO - DAG(s) 'news_medallion_pipeline' retrieved from /opt/airflow/dags/news_pipeline_dag.py
[2026-08-25T13:17:28.172+0000] {logging_mixin.py:188} INFO - [2026-08-25T13:17:28.171+0000] {dag.py:3036} INFO - Sync 1 DAGs
[2026-08-25T13:17:28.183+0000] {logging_mixin.py:188} INFO - [2026-08-25T13:17:28.183+0000] {dag.py:3823} INFO - Setting next_dagrun for news_medallion_pipeline to None, run_after=None
[2026-08-25T13:17:28.197+0000] {processor.py:183} INFO - Processing /opt/airflow/dags/news_pipeline_dag.py took 0.738 seconds
[2026-08-25T13:17:58.331+0000] {processor.py:161} INFO - Started process (PID=432) to work on /opt/airflow/dags/news_pipeline_dag.py
[2026-08-25T13:17:58.332+0000] {processor.py:830} INFO - Processing file /opt/airflow/dags/news_pipeline_dag.py for tasks to queue
[2026-08-25T13:17:58.333+0000] {logging_mixin.py:188} INFO - [2026-08-25T13:17:58.332+0000] {dagbag.py:538} INFO - Filling up the DagBag from /opt/airflow/dags/news_pipeline_dag.py
[2026-08-25T13:17:58.883+0000] {processor.py:840} INFO - DAG(s) 'news_medallion_pipeline' retrieved from /opt/airflow/dags/news_pipeline_dag.py
[2026-08-25T13:17:58.905+0000] {logging_mixin.py:188} INFO - [2026-08-25T13:17:58.905+0000] {dag.py:3036} INFO - Sync 1 DAGs
[2026-08-25T13:17:58.914+0000] {logging_mixin.py:188} INFO - [2026-08-25T13:17:58.914+0000] {dag.py:3823} INFO - Setting next_dagrun for news_medallion_pipeline to None, run_after=None
[2026-08-25T13:17:58.928+0000] {processor.py:183} INFO - Processing /opt/airflow/dags/news_pipeline_dag.py took 0.602 seconds
[2026-08-25T13:18:29.042+0000] {processor.py:161} INFO - Started process (PID=435) to work on /opt/airflow/dags/news_pipeline_dag.py
[2026-08-25T13:18:29.043+0000] {processor.py:830} INFO - Processing file /opt/airflow/dags/news_pipeline_dag.py for tasks to queue
[2026-08-25T13:18:29.044+0000] {logging_mixin.py:188} INFO - [2026-08-25T13:18:29.043+0000] {dagbag.py:538} INFO - Filling up the DagBag from /opt/airflow/dags/news_pipeline_dag.py
[2026-08-25T13:18:29.707+0000] {processor.py:840} INFO - DAG(s) 'news_medallion_pipeline' retrieved from /opt/airflow/dags/news_pipeline_dag.py
[2026-08-25T13:18:29.727+0000] {logging_mixin.py:188} INFO - [2026-08-25T13:18:29.727+0000] {dag.py:3036} INFO - Sync 1 DAGs
[2026-08-25T13:18:29.883+0000] {logging_mixin.py:188} INFO - [2026-08-25T13:18:29.883+0000] {dag.py:3823} INFO - Setting next_dagrun for news_medallion_pipeline to None, run_after=None
[2026-08-25T13:18:29.898+0000] {processor.py:183} INFO - Processing /opt/airflow/dags/news_pipeline_dag.py took 0.859 seconds
[2026-08-25T13:19:00.015+0000] {processor.py:161} INFO - Started process (PID=438) to work on /opt/airflow/dags/news_pipeline_dag.py
[2026-08-25T13:19:00.016+0000] {processor.py:830} INFO - Processing file /opt/airflow/dags/news_pipeline_dag.py for tasks to queue
[2026-08-25T13:19:00.016+0000] {logging_mixin.py:188} INFO - [2026-08-25T13:19:00.016+0000] {dagbag.py:538} INFO - Filling up the DagBag from /opt/airflow/dags/news_pipeline_dag.py
[2026-08-25T13:19:00.605+0000] {processor.py:840} INFO - DAG(s) 'news_medallion_pipeline' retrieved from /opt/airflow/dags/news_pipeline_dag.py
[2026-08-25T13:19:00.628+0000] {logging_mixin.py:188} INFO - [2026-08-25T13:19:00.628+0000] {dag.py:3036} INFO - Sync 1 DAGs
[2026-08-25T13:19:00.767+0000] {logging_mixin.py:188} INFO - [2026-08-25T13:19:00.767+0000] {dag.py:3823} INFO - Setting next_dagrun for news_medallion_pipeline to None, run_after=None
[2026-08-25T13:19:00.782+0000] {processor.py:183} INFO - Processing /opt/airflow/dags/news_pipeline_dag.py took 0.770 seconds
[2026-08-25T13:19:30.852+0000] {processor.py:161} INFO - Started process (PID=441) to work on /opt/airflow/dags/news_pipeline_dag.py
[2026-08-25T13:19:30.853+0000] {processor.py:830} INFO - Processing file /opt/airflow/dags/news_pipeline_dag.py for tasks to queue
[2026-08-25T13:19:30.853+0000] {logging_mixin.py:188} INFO - [2026-08-25T13:19:30.853+0000] {dagbag.py:538} INFO - Filling up the DagBag from /opt/airflow/dags/news_pipeline_dag.py
[2026-08-25T13:19:31.407+0000] {processor.py:840} INFO - DAG(s) 'news_medallion_pipeline' retrieved from /opt/airflow/dags/news_pipeline_dag.py
[2026-08-25T13:19:31.579+0000] {logging_mixin.py:188} INFO - [2026-08-25T13:19:31.578+0000] {dag.py:3036} INFO - Sync 1 DAGs
[2026-08-25T13:19:31.591+0000] {logging_mixin.py:188} INFO - [2026-08-25T13:19:31.590+0000] {dag.py:3823} INFO - Setting next_dagrun for news_medallion_pipeline to None, run_after=None
[2026-08-25T13:19:31.605+0000] {processor.py:183} INFO - Processing /opt/airflow/dags/news_pipeline_dag.py took 0.756 seconds
[2026-08-25T13:20:01.741+0000] {processor.py:161} INFO - Started process (PID=444) to work on /opt/airflow/dags/news_pipeline_dag.py
[2026-08-25T13:20:01.741+0000] {processor.py:830} INFO - Processing file /opt/airflow/dags/news_pipeline_dag.py for tasks to queue
[2026-08-25T13:20:01.742+0000] {logging_mixin.py:188} INFO - [2026-08-25T13:20:01.742+0000] {dagbag.py:538} INFO - Filling up the DagBag from /opt/airflow/dags/news_pipeline_dag.py
[2026-08-25T13:20:02.502+0000] {processor.py:840} INFO - DAG(s) 'news_medallion_pipeline' retrieved from /opt/airflow/dags/news_pipeline_dag.py
[2026-08-25T13:20:02.523+0000] {logging_mixin.py:188} INFO - [2026-08-25T13:20:02.523+0000] {dag.py:3036} INFO - Sync 1 DAGs
[2026-08-25T13:20:02.532+0000] {logging_mixin.py:188} INFO - [2026-08-25T13:20:02.532+0000] {dag.py:3823} INFO - Setting next_dagrun for news_medallion_pipeline to None, run_after=None
[2026-08-25T13:20:02.545+0000] {processor.py:183} INFO - Processing /opt/airflow/dags/news_pipeline_dag.py took 0.808 seconds
[2026-08-25T13:20:32.688+0000] {processor.py:161} INFO - Started process (PID=447) to work on /opt/airflow/dags/news_pipeline_dag.py
[2026-08-25T13:20:32.689+0000] {processor.py:830} INFO - Processing file /opt/airflow/dags/news_pipeline_dag.py for tasks to queue
[2026-08-25T13:20:32.690+0000] {logging_mixin.py:188} INFO - [2026-08-25T13:20:32.689+0000] {dagbag.py:538} INFO - Filling up the DagBag from /opt/airflow/dags/news_pipeline_dag.py
[2026-08-25T13:20:33.442+0000] {processor.py:840} INFO - DAG(s) 'news_medallion_pipeline' retrieved from /opt/airflow/dags/news_pipeline_dag.py
[2026-08-25T13:20:33.463+0000] {logging_mixin.py:188} INFO - [2026-08-25T13:20:33.463+0000] {dag.py:3036} INFO - Sync 1 DAGs
[2026-08-25T13:20:33.473+0000] {logging_mixin.py:188} INFO - [2026-08-25T13:20:33.473+0000] {dag.py:3823} INFO - Setting next_dagrun for news_medallion_pipeline to None, run_after=None
[2026-08-25T13:20:33.488+0000] {processor.py:183} INFO - Processing /opt/airflow/dags/news_pipeline_dag.py took 0.804 seconds
[2026-08-25T13:21:03.612+0000] {processor.py:161} INFO - Started process (PID=450) to work on /opt/airflow/dags/news_pipeline_dag.py
[2026-08-25T13:21:03.613+0000] {processor.py:830} INFO - Processing file /opt/airflow/dags/news_pipeline_dag.py for tasks to queue
[2026-08-25T13:21:03.614+0000] {logging_mixin.py:188} INFO - [2026-08-25T13:21:03.614+0000] {dagbag.py:538} INFO - Filling up the DagBag from /opt/airflow/dags/news_pipeline_dag.py
[2026-08-25T13:21:04.151+0000] {processor.py:840} INFO - DAG(s) 'news_medallion_pipeline' retrieved from /opt/airflow/dags/news_pipeline_dag.py
[2026-08-25T13:21:04.174+0000] {logging_mixin.py:188} INFO - [2026-08-25T13:21:04.174+0000] {dag.py:3036} INFO - Sync 1 DAGs
[2026-08-25T13:21:04.186+0000] {logging_mixin.py:188} INFO - [2026-08-25T13:21:04.186+0000] {dag.py:3823} INFO - Setting next_dagrun for news_medallion_pipeline to None, run_after=None
[2026-08-25T13:21:04.205+0000] {processor.py:183} INFO - Processing /opt/airflow/dags/news_pipeline_dag.py took 0.596 seconds
[2026-08-25T13:21:34.321+0000] {processor.py:161} INFO - Started process (PID=453) to work on /opt/airflow/dags/news_pipeline_dag.py
[2026-08-25T13:21:34.321+0000] {processor.py:830} INFO - Processing file /opt/airflow/dags/news_pipeline_dag.py for tasks to queue
[2026-08-25T13:21:34.322+0000] {logging_mixin.py:188} INFO - [2026-08-25T13:21:34.322+0000] {dagbag.py:538} INFO - Filling up the DagBag from /opt/airflow/dags/news_pipeline_dag.py
[2026-08-25T13:21:34.867+0000] {processor.py:840} INFO - DAG(s) 'news_medallion_pipeline' retrieved from /opt/airflow/dags/news_pipeline_dag.py
[2026-08-25T13:21:34.893+0000] {logging_mixin.py:188} INFO - [2026-08-25T13:21:34.893+0000] {dag.py:3036} INFO - Sync 1 DAGs
[2026-08-25T13:21:35.091+0000] {logging_mixin.py:188} INFO - [2026-08-25T13:21:35.091+0000] {dag.py:3823} INFO - Setting next_dagrun for news_medallion_pipeline to None, run_after=None
[2026-08-25T13:21:35.106+0000] {processor.py:183} INFO - Processing /opt/airflow/dags/news_pipeline_dag.py took 0.788 seconds
[2026-08-25T13:22:05.228+0000] {processor.py:161} INFO - Started process (PID=456) to work on /opt/airflow/dags/news_pipeline_dag.py
[2026-08-25T13:22:05.229+0000] {processor.py:830} INFO - Processing file /opt/airflow/dags/news_pipeline_dag.py for tasks to queue
[2026-08-25T13:22:05.230+0000] {logging_mixin.py:188} INFO - [2026-08-25T13:22:05.229+0000] {dagbag.py:538} INFO - Filling up the DagBag from /opt/airflow/dags/news_pipeline_dag.py
[2026-08-25T13:22:05.832+0000] {processor.py:840} INFO - DAG(s) 'news_medallion_pipeline' retrieved from /opt/airflow/dags/news_pipeline_dag.py
[2026-08-25T13:22:05.856+0000] {logging_mixin.py:188} INFO - [2026-08-25T13:22:05.855+0000] {dag.py:3036} INFO - Sync 1 DAGs
[2026-08-25T13:22:06.024+0000] {logging_mixin.py:188} INFO - [2026-08-25T13:22:06.024+0000] {dag.py:3823} INFO - Setting next_dagrun for news_medallion_pipeline to None, run_after=None
[2026-08-25T13:22:06.039+0000] {processor.py:183} INFO - Processing /opt/airflow/dags/news_pipeline_dag.py took 0.813 seconds
[2026-08-25T13:22:36.167+0000] {processor.py:161} INFO - Started process (PID=459) to work on /opt/airflow/dags/news_pipeline_dag.py
[2026-08-25T13:22:36.167+0000] {processor.py:830} INFO - Processing file /opt/airflow/dags/news_pipeline_dag.py for tasks to queue
[2026-08-25T13:22:36.168+0000] {logging_mixin.py:188} INFO - [2026-08-25T13:22:36.168+0000] {dagbag.py:538} INFO - Filling up the DagBag from /opt/airflow/dags/news_pipeline_dag.py
[2026-08-25T13:22:36.753+0000] {processor.py:840} INFO - DAG(s) 'news_medallion_pipeline' retrieved from /opt/airflow/dags/news_pipeline_dag.py
[2026-08-25T13:22:37.006+0000] {logging_mixin.py:188} INFO - [2026-08-25T13:22:37.005+0000] {dag.py:3036} INFO - Sync 1 DAGs
[2026-08-25T13:22:37.014+0000] {logging_mixin.py:188} INFO - [2026-08-25T13:22:37.013+0000] {dag.py:3823} INFO - Setting next_dagrun for news_medallion_pipeline to None, run_after=None
[2026-08-25T13:22:37.026+0000] {processor.py:183} INFO - Processing /opt/airflow/dags/news_pipeline_dag.py took 0.863 seconds
[2026-08-25T13:23:07.145+0000] {processor.py:161} INFO - Started process (PID=462) to work on /opt/airflow/dags/news_pipeline_dag.py
[2026-08-25T13:23:07.146+0000] {processor.py:830} INFO - Processing file /opt/airflow/dags/news_pipeline_dag.py for tasks to queue
[2026-08-25T13:23:07.146+0000] {logging_mixin.py:188} INFO - [2026-08-25T13:23:07.146+0000] {dagbag.py:538} INFO - Filling up the DagBag from /opt/airflow/dags/news_pipeline_dag.py
[2026-08-25T13:23:08.007+0000] {processor.py:840} INFO - DAG(s) 'news_medallion_pipeline' retrieved from /opt/airflow/dags/news_pipeline_dag.py
[2026-08-25T13:23:08.026+0000] {logging_mixin.py:188} INFO - [2026-08-25T13:23:08.026+0000] {dag.py:3036} INFO - Sync 1 DAGs
[2026-08-25T13:23:08.035+0000] {logging_mixin.py:188} INFO - [2026-08-25T13:23:08.035+0000] {dag.py:3823} INFO - Setting next_dagrun for news_medallion_pipeline to None, run_after=None
[2026-08-25T13:23:08.051+0000] {processor.py:183} INFO - Processing /opt/airflow/dags/news_pipeline_dag.py took 0.909 seconds
[2026-08-25T13:23:38.184+0000] {processor.py:161} INFO - Started process (PID=465) to work on /opt/airflow/dags/news_pipeline_dag.py
[2026-08-25T13:23:38.185+0000] {processor.py:830} INFO - Processing file /opt/airflow/dags/news_pipeline_dag.py for tasks to queue
[2026-08-25T13:23:38.186+0000] {logging_mixin.py:188} INFO - [2026-08-25T13:23:38.186+0000] {dagbag.py:538} INFO - Filling up the DagBag from /opt/airflow/dags/news_pipeline_dag.py
[2026-08-25T13:23:38.895+0000] {processor.py:840} INFO - DAG(s) 'news_medallion_pipeline' retrieved from /opt/airflow/dags/news_pipeline_dag.py
[2026-08-25T13:23:38.916+0000] {logging_mixin.py:188} INFO - [2026-08-25T13:23:38.916+0000] {dag.py:3036} INFO - Sync 1 DAGs
[2026-08-25T13:23:38.925+0000] {logging_mixin.py:188} INFO - [2026-08-25T13:23:38.925+0000] {dag.py:3823} INFO - Setting next_dagrun for news_medallion_pipeline to None, run_after=None
[2026-08-25T13:23:38.938+0000] {processor.py:183} INFO - Processing /opt/airflow/dags/news_pipeline_dag.py took 0.760 seconds
[2026-08-25T13:24:09.057+0000] {processor.py:161} INFO - Started process (PID=468) to work on /opt/airflow/dags/news_pipeline_dag.py
[2026-08-25T13:24:09.058+0000] {processor.py:830} INFO - Processing file /opt/airflow/dags/news_pipeline_dag.py for tasks to queue
[2026-08-25T13:24:09.059+0000] {logging_mixin.py:188} INFO - [2026-08-25T13:24:09.058+0000] {dagbag.py:538} INFO - Filling up the DagBag from /opt/airflow/dags/news_pipeline_dag.py
[2026-08-25T13:24:09.783+0000] {processor.py:840} INFO - DAG(s) 'news_medallion_pipeline' retrieved from /opt/airflow/dags/news_pipeline_dag.py
[2026-08-25T13:24:09.805+0000] {logging_mixin.py:188} INFO - [2026-08-25T13:24:09.805+0000] {dag.py:3036} INFO - Sync 1 DAGs
[2026-08-25T13:24:09.814+0000] {logging_mixin.py:188} INFO - [2026-08-25T13:24:09.814+0000] {dag.py:3823} INFO - Setting next_dagrun for news_medallion_pipeline to None, run_after=None
[2026-08-25T13:24:09.829+0000] {processor.py:183} INFO - Processing /opt/airflow/dags/news_pipeline_dag.py took 0.775 seconds
[2026-08-25T13:24:39.951+0000] {processor.py:161} INFO - Started process (PID=471) to work on /opt/airflow/dags/news_pipeline_dag.py
[2026-08-25T13:24:39.951+0000] {processor.py:830} INFO - Processing file /opt/airflow/dags/news_pipeline_dag.py for tasks to queue
[2026-08-25T13:24:39.952+0000] {logging_mixin.py:188} INFO - [2026-08-25T13:24:39.952+0000] {dagbag.py:538} INFO - Filling up the DagBag from /opt/airflow/dags/news_pipeline_dag.py
[2026-08-25T13:24:40.524+0000] {processor.py:840} INFO - DAG(s) 'news_medallion_pipeline' retrieved from /opt/airflow/dags/news_pipeline_dag.py
[2026-08-25T13:24:40.545+0000] {logging_mixin.py:188} INFO - [2026-08-25T13:24:40.545+0000] {dag.py:3036} INFO - Sync 1 DAGs
[2026-08-25T13:24:40.721+0000] {logging_mixin.py:188} INFO - [2026-08-25T13:24:40.721+0000] {dag.py:3823} INFO - Setting next_dagrun for news_medallion_pipeline to None, run_after=None
[2026-08-25T13:24:40.737+0000] {processor.py:183} INFO - Processing /opt/airflow/dags/news_pipeline_dag.py took 0.790 seconds
[2026-08-25T13:25:10.868+0000] {processor.py:161} INFO - Started process (PID=474) to work on /opt/airflow/dags/news_pipeline_dag.py
[2026-08-25T13:25:10.869+0000] {processor.py:830} INFO - Processing file /opt/airflow/dags/news_pipeline_dag.py for tasks to queue
[2026-08-25T13:25:10.869+0000] {logging_mixin.py:188} INFO - [2026-08-25T13:25:10.869+0000] {dagbag.py:538} INFO - Filling up the DagBag from /opt/airflow/dags/news_pipeline_dag.py
[2026-08-25T13:25:11.456+0000] {processor.py:840} INFO - DAG(s) 'news_medallion_pipeline' retrieved from /opt/airflow/dags/news_pipeline_dag.py
[2026-08-25T13:25:11.626+0000] {logging_mixin.py:188} INFO - [2026-08-25T13:25:11.626+0000] {dag.py:3036} INFO - Sync 1 DAGs
[2026-08-25T13:25:11.634+0000] {logging_mixin.py:188} INFO - [2026-08-25T13:25:11.634+0000] {dag.py:3823} INFO - Setting next_dagrun for news_medallion_pipeline to None, run_after=None
[2026-08-25T13:25:11.647+0000] {processor.py:183} INFO - Processing /opt/airflow/dags/news_pipeline_dag.py took 0.783 seconds
[2026-08-25T13:25:41.775+0000] {processor.py:161} INFO - Started process (PID=477) to work on /opt/airflow/dags/news_pipeline_dag.py
[2026-08-25T13:25:41.776+0000] {processor.py:830} INFO - Processing file /opt/airflow/dags/news_pipeline_dag.py for tasks to queue
[2026-08-25T13:25:41.777+0000] {logging_mixin.py:188} INFO - [2026-08-25T13:25:41.777+0000] {dagbag.py:538} INFO - Filling up the DagBag from /opt/airflow/dags/news_pipeline_dag.py
[2026-08-25T13:25:42.322+0000] {processor.py:840} INFO - DAG(s) 'news_medallion_pipeline' retrieved from /opt/airflow/dags/news_pipeline_dag.py
[2026-08-25T13:25:42.492+0000] {logging_mixin.py:188} INFO - [2026-08-25T13:25:42.492+0000] {dag.py:3036} INFO - Sync 1 DAGs
[2026-08-25T13:25:42.502+0000] {logging_mixin.py:188} INFO - [2026-08-25T13:25:42.502+0000] {dag.py:3823} INFO - Setting next_dagrun for news_medallion_pipeline to None, run_after=None
[2026-08-25T13:25:42.516+0000] {processor.py:183} INFO - Processing /opt/airflow/dags/news_pipeline_dag.py took 0.744 seconds
[2026-08-25T13:26:12.639+0000] {processor.py:161} INFO - Started process (PID=480) to work on /opt/airflow/dags/news_pipeline_dag.py
[2026-08-25T13:26:12.640+0000] {processor.py:830} INFO - Processing file /opt/airflow/dags/news_pipeline_dag.py for tasks to queue
[2026-08-25T13:26:12.640+0000] {logging_mixin.py:188} INFO - [2026-08-25T13:26:12.640+0000] {dagbag.py:538} INFO - Filling up the DagBag from /opt/airflow/dags/news_pipeline_dag.py
[2026-08-25T13:26:13.333+0000] {processor.py:840} INFO - DAG(s) 'news_medallion_pipeline' retrieved from /opt/airflow/dags/news_pipeline_dag.py
[2026-08-25T13:26:13.352+0000] {logging_mixin.py:188} INFO - [2026-08-25T13:26:13.352+0000] {dag.py:3036} INFO - Sync 1 DAGs
[2026-08-25T13:26:13.360+0000] {logging_mixin.py:188} INFO - [2026-08-25T13:26:13.360+0000] {dag.py:3823} INFO - Setting next_dagrun for news_medallion_pipeline to None, run_after=None
[2026-08-25T13:26:13.373+0000] {processor.py:183} INFO - Processing /opt/airflow/dags/news_pipeline_dag.py took 0.736 seconds
[2026-08-25T13:26:43.496+0000] {processor.py:161} INFO - Started process (PID=483) to work on /opt/airflow/dags/news_pipeline_dag.py
[2026-08-25T13:26:43.497+0000] {processor.py:830} INFO - Processing file /opt/airflow/dags/news_pipeline_dag.py for tasks to queue
[2026-08-25T13:26:43.498+0000] {logging_mixin.py:188} INFO - [2026-08-25T13:26:43.497+0000] {dagbag.py:538} INFO - Filling up the DagBag from /opt/airflow/dags/news_pipeline_dag.py
[2026-08-25T13:26:44.202+0000] {processor.py:840} INFO - DAG(s) 'news_medallion_pipeline' retrieved from /opt/airflow/dags/news_pipeline_dag.py
[2026-08-25T13:26:44.221+0000] {logging_mixin.py:188} INFO - [2026-08-25T13:26:44.221+0000] {dag.py:3036} INFO - Sync 1 DAGs
[2026-08-25T13:26:44.229+0000] {logging_mixin.py:188} INFO - [2026-08-25T13:26:44.229+0000] {dag.py:3823} INFO - Setting next_dagrun for news_medallion_pipeline to None, run_after=None
[2026-08-25T13:26:44.242+0000] {processor.py:183} INFO - Processing /opt/airflow/dags/news_pipeline_dag.py took 0.748 seconds
[2026-08-25T13:27:14.356+0000] {processor.py:161} INFO - Started process (PID=486) to work on /opt/airflow/dags/news_pipeline_dag.py
[2026-08-25T13:27:14.357+0000] {processor.py:830} INFO - Processing file /opt/airflow/dags/news_pipeline_dag.py for tasks to queue
[2026-08-25T13:27:14.357+0000] {logging_mixin.py:188} INFO - [2026-08-25T13:27:14.357+0000] {dagbag.py:538} INFO - Filling up the DagBag from /opt/airflow/dags/news_pipeline_dag.py
[2026-08-25T13:27:14.966+0000] {processor.py:840} INFO - DAG(s) 'news_medallion_pipeline' retrieved from /opt/airflow/dags/news_pipeline_dag.py
[2026-08-25T13:27:14.996+0000] {logging_mixin.py:188} INFO - [2026-08-25T13:27:14.996+0000] {dag.py:3036} INFO - Sync 1 DAGs
[2026-08-25T13:27:15.168+0000] {logging_mixin.py:188} INFO - [2026-08-25T13:27:15.168+0000] {dag.py:3823} INFO - Setting next_dagrun for news_medallion_pipeline to None, run_after=None
[2026-08-25T13:27:15.184+0000] {processor.py:183} INFO - Processing /opt/airflow/dags/news_pipeline_dag.py took 0.831 seconds
[2026-08-25T13:27:45.301+0000] {processor.py:161} INFO - Started process (PID=489) to work on /opt/airflow/dags/news_pipeline_dag.py
[2026-08-25T13:27:45.301+0000] {processor.py:830} INFO - Processing file /opt/airflow/dags/news_pipeline_dag.py for tasks to queue
[2026-08-25T13:27:45.302+0000] {logging_mixin.py:188} INFO - [2026-08-25T13:27:45.302+0000] {dagbag.py:538} INFO - Filling up the DagBag from /opt/airflow/dags/news_pipeline_dag.py
[2026-08-25T13:27:45.918+0000] {processor.py:840} INFO - DAG(s) 'news_medallion_pipeline' retrieved from /opt/airflow/dags/news_pipeline_dag.py
[2026-08-25T13:27:45.942+0000] {logging_mixin.py:188} INFO - [2026-08-25T13:27:45.941+0000] {dag.py:3036} INFO - Sync 1 DAGs
[2026-08-25T13:27:46.091+0000] {logging_mixin.py:188} INFO - [2026-08-25T13:27:46.091+0000] {dag.py:3823} INFO - Setting next_dagrun for news_medallion_pipeline to None, run_after=None
[2026-08-25T13:27:46.104+0000] {processor.py:183} INFO - Processing /opt/airflow/dags/news_pipeline_dag.py took 0.806 seconds
[2026-08-25T13:28:16.220+0000] {processor.py:161} INFO - Started process (PID=492) to work on /opt/airflow/dags/news_pipeline_dag.py
[2026-08-25T13:28:16.221+0000] {processor.py:830} INFO - Processing file /opt/airflow/dags/news_pipeline_dag.py for tasks to queue
[2026-08-25T13:28:16.222+0000] {logging_mixin.py:188} INFO - [2026-08-25T13:28:16.221+0000] {dagbag.py:538} INFO - Filling up the DagBag from /opt/airflow/dags/news_pipeline_dag.py
[2026-08-25T13:28:16.822+0000] {processor.py:840} INFO - DAG(s) 'news_medallion_pipeline' retrieved from /opt/airflow/dags/news_pipeline_dag.py
[2026-08-25T13:28:17.002+0000] {logging_mixin.py:188} INFO - [2026-08-25T13:28:17.001+0000] {dag.py:3036} INFO - Sync 1 DAGs
[2026-08-25T13:28:17.010+0000] {logging_mixin.py:188} INFO - [2026-08-25T13:28:17.009+0000] {dag.py:3823} INFO - Setting next_dagrun for news_medallion_pipeline to None, run_after=None
[2026-08-25T13:28:17.022+0000] {processor.py:183} INFO - Processing /opt/airflow/dags/news_pipeline_dag.py took 0.805 seconds
[2026-08-25T13:28:47.141+0000] {processor.py:161} INFO - Started process (PID=495) to work on /opt/airflow/dags/news_pipeline_dag.py
[2026-08-25T13:28:47.142+0000] {processor.py:830} INFO - Processing file /opt/airflow/dags/news_pipeline_dag.py for tasks to queue
[2026-08-25T13:28:47.143+0000] {logging_mixin.py:188} INFO - [2026-08-25T13:28:47.143+0000] {dagbag.py:538} INFO - Filling up the DagBag from /opt/airflow/dags/news_pipeline_dag.py
[2026-08-25T13:28:47.840+0000] {processor.py:840} INFO - DAG(s) 'news_medallion_pipeline' retrieved from /opt/airflow/dags/news_pipeline_dag.py
[2026-08-25T13:28:47.863+0000] {logging_mixin.py:188} INFO - [2026-08-25T13:28:47.863+0000] {dag.py:3036} INFO - Sync 1 DAGs
[2026-08-25T13:28:47.872+0000] {logging_mixin.py:188} INFO - [2026-08-25T13:28:47.872+0000] {dag.py:3823} INFO - Setting next_dagrun for news_medallion_pipeline to None, run_after=None
[2026-08-25T13:28:47.888+0000] {processor.py:183} INFO - Processing /opt/airflow/dags/news_pipeline_dag.py took 0.749 seconds
[2026-08-25T13:29:18.009+0000] {processor.py:161} INFO - Started process (PID=498) to work on /opt/airflow/dags/news_pipeline_dag.py
[2026-08-25T13:29:18.009+0000] {processor.py:830} INFO - Processing file /opt/airflow/dags/news_pipeline_dag.py for tasks to queue
[2026-08-25T13:29:18.010+0000] {logging_mixin.py:188} INFO - [2026-08-25T13:29:18.010+0000] {dagbag.py:538} INFO - Filling up the DagBag from /opt/airflow/dags/news_pipeline_dag.py
[2026-08-25T13:29:18.686+0000] {processor.py:840} INFO - DAG(s) 'news_medallion_pipeline' retrieved from /opt/airflow/dags/news_pipeline_dag.py
[2026-08-25T13:29:18.706+0000] {logging_mixin.py:188} INFO - [2026-08-25T13:29:18.706+0000] {dag.py:3036} INFO - Sync 1 DAGs
[2026-08-25T13:29:18.714+0000] {logging_mixin.py:188} INFO - [2026-08-25T13:29:18.714+0000] {dag.py:3823} INFO - Setting next_dagrun for news_medallion_pipeline to None, run_after=None
[2026-08-25T13:29:18.726+0000] {processor.py:183} INFO - Processing /opt/airflow/dags/news_pipeline_dag.py took 0.720 seconds
[2026-08-25T13:29:48.844+0000] {processor.py:161} INFO - Started process (PID=501) to work on /opt/airflow/dags/news_pipeline_dag.py
[2026-08-25T13:29:48.845+0000] {processor.py:830} INFO - Processing file /opt/airflow/dags/news_pipeline_dag.py for tasks to queue
[2026-08-25T13:29:48.845+0000] {logging_mixin.py:188} INFO - [2026-08-25T13:29:48.845+0000] {dagbag.py:538} INFO - Filling up the DagBag from /opt/airflow/dags/news_pipeline_dag.py
[2026-08-25T13:29:49.505+0000] {processor.py:840} INFO - DAG(s) 'news_medallion_pipeline' retrieved from /opt/airflow/dags/news_pipeline_dag.py
[2026-08-25T13:29:49.523+0000] {logging_mixin.py:188} INFO - [2026-08-25T13:29:49.523+0000] {dag.py:3036} INFO - Sync 1 DAGs
[2026-08-25T13:29:49.531+0000] {logging_mixin.py:188} INFO - [2026-08-25T13:29:49.531+0000] {dag.py:3823} INFO - Setting next_dagrun for news_medallion_pipeline to None, run_after=None
[2026-08-25T13:29:49.543+0000] {processor.py:183} INFO - Processing /opt/airflow/dags/news_pipeline_dag.py took 0.702 seconds
[2026-08-25T13:30:19.661+0000] {processor.py:161} INFO - Started process (PID=504) to work on /opt/airflow/dags/news_pipeline_dag.py
[2026-08-25T13:30:19.662+0000] {processor.py:830} INFO - Processing file /opt/airflow/dags/news_pipeline_dag.py for tasks to queue
[2026-08-25T13:30:19.663+0000] {logging_mixin.py:188} INFO - [2026-08-25T13:30:19.663+0000] {dagbag.py:538} INFO - Filling up the DagBag from /opt/airflow/dags/news_pipeline_dag.py
[2026-08-25T13:30:20.237+0000] {processor.py:840} INFO - DAG(s) 'news_medallion_pipeline' retrieved from /opt/airflow/dags/news_pipeline_dag.py
[2026-08-25T13:30:20.257+0000] {logging_mixin.py:188} INFO - [2026-08-25T13:30:20.257+0000] {dag.py:3036} INFO - Sync 1 DAGs
[2026-08-25T13:30:20.407+0000] {logging_mixin.py:188} INFO - [2026-08-25T13:30:20.407+0000] {dag.py:3823} INFO - Setting next_dagrun for news_medallion_pipeline to None, run_after=None
[2026-08-25T13:30:20.422+0000] {processor.py:183} INFO - Processing /opt/airflow/dags/news_pipeline_dag.py took 0.765 seconds
[2026-08-25T13:30:50.548+0000] {processor.py:161} INFO - Started process (PID=507) to work on /opt/airflow/dags/news_pipeline_dag.py
[2026-08-25T13:30:50.549+0000] {processor.py:830} INFO - Processing file /opt/airflow/dags/news_pipeline_dag.py for tasks to queue
[2026-08-25T13:30:50.549+0000] {logging_mixin.py:188} INFO - [2026-08-25T13:30:50.549+0000] {dagbag.py:538} INFO - Filling up the DagBag from /opt/airflow/dags/news_pipeline_dag.py
[2026-08-25T13:30:51.116+0000] {processor.py:840} INFO - DAG(s) 'news_medallion_pipeline' retrieved from /opt/airflow/dags/news_pipeline_dag.py
[2026-08-25T13:30:51.142+0000] {logging_mixin.py:188} INFO - [2026-08-25T13:30:51.141+0000] {dag.py:3036} INFO - Sync 1 DAGs
[2026-08-25T13:30:51.319+0000] {logging_mixin.py:188} INFO - [2026-08-25T13:30:51.319+0000] {dag.py:3823} INFO - Setting next_dagrun for news_medallion_pipeline to None, run_after=None
[2026-08-25T13:30:51.332+0000] {processor.py:183} INFO - Processing /opt/airflow/dags/news_pipeline_dag.py took 0.789 seconds
[2026-08-25T13:31:21.453+0000] {processor.py:161} INFO - Started process (PID=510) to work on /opt/airflow/dags/news_pipeline_dag.py
[2026-08-25T13:31:21.454+0000] {processor.py:830} INFO - Processing file /opt/airflow/dags/news_pipeline_dag.py for tasks to queue
[2026-08-25T13:31:21.454+0000] {logging_mixin.py:188} INFO - [2026-08-25T13:31:21.454+0000] {dagbag.py:538} INFO - Filling up the DagBag from /opt/airflow/dags/news_pipeline_dag.py
[2026-08-25T13:31:22.089+0000] {processor.py:840} INFO - DAG(s) 'news_medallion_pipeline' retrieved from /opt/airflow/dags/news_pipeline_dag.py
[2026-08-25T13:31:22.275+0000] {logging_mixin.py:188} INFO - [2026-08-25T13:31:22.275+0000] {dag.py:3036} INFO - Sync 1 DAGs
[2026-08-25T13:31:22.289+0000] {logging_mixin.py:188} INFO - [2026-08-25T13:31:22.289+0000] {dag.py:3823} INFO - Setting next_dagrun for news_medallion_pipeline to None, run_after=None
[2026-08-25T13:31:22.310+0000] {processor.py:183} INFO - Processing /opt/airflow/dags/news_pipeline_dag.py took 0.860 seconds
[2026-08-25T13:31:52.435+0000] {processor.py:161} INFO - Started process (PID=513) to work on /opt/airflow/dags/news_pipeline_dag.py
[2026-08-25T13:31:52.436+0000] {processor.py:830} INFO - Processing file /opt/airflow/dags/news_pipeline_dag.py for tasks to queue
[2026-08-25T13:31:52.437+0000] {logging_mixin.py:188} INFO - [2026-08-25T13:31:52.437+0000] {dagbag.py:538} INFO - Filling up the DagBag from /opt/airflow/dags/news_pipeline_dag.py
[2026-08-25T13:31:53.118+0000] {processor.py:840} INFO - DAG(s) 'news_medallion_pipeline' retrieved from /opt/airflow/dags/news_pipeline_dag.py
[2026-08-25T13:31:53.136+0000] {logging_mixin.py:188} INFO - [2026-08-25T13:31:53.136+0000] {dag.py:3036} INFO - Sync 1 DAGs
[2026-08-25T13:31:53.144+0000] {logging_mixin.py:188} INFO - [2026-08-25T13:31:53.144+0000] {dag.py:3823} INFO - Setting next_dagrun for news_medallion_pipeline to None, run_after=None
[2026-08-25T13:31:53.156+0000] {processor.py:183} INFO - Processing /opt/airflow/dags/news_pipeline_dag.py took 0.726 seconds
[2026-08-25T13:32:23.274+0000] {processor.py:161} INFO - Started process (PID=516) to work on /opt/airflow/dags/news_pipeline_dag.py
[2026-08-25T13:32:23.275+0000] {processor.py:830} INFO - Processing file /opt/airflow/dags/news_pipeline_dag.py for tasks to queue
[2026-08-25T13:32:23.275+0000] {logging_mixin.py:188} INFO - [2026-08-25T13:32:23.275+0000] {dagbag.py:538} INFO - Filling up the DagBag from /opt/airflow/dags/news_pipeline_dag.py
[2026-08-25T13:32:23.993+0000] {processor.py:840} INFO - DAG(s) 'news_medallion_pipeline' retrieved from /opt/airflow/dags/news_pipeline_dag.py
[2026-08-25T13:32:24.012+0000] {logging_mixin.py:188} INFO - [2026-08-25T13:32:24.012+0000] {dag.py:3036} INFO - Sync 1 DAGs
[2026-08-25T13:32:24.020+0000] {logging_mixin.py:188} INFO - [2026-08-25T13:32:24.020+0000] {dag.py:3823} INFO - Setting next_dagrun for news_medallion_pipeline to None, run_after=None
[2026-08-25T13:32:24.033+0000] {processor.py:183} INFO - Processing /opt/airflow/dags/news_pipeline_dag.py took 0.762 seconds
[2026-08-25T13:32:54.149+0000] {processor.py:161} INFO - Started process (PID=519) to work on /opt/airflow/dags/news_pipeline_dag.py
[2026-08-25T13:32:54.150+0000] {processor.py:830} INFO - Processing file /opt/airflow/dags/news_pipeline_dag.py for tasks to queue
[2026-08-25T13:32:54.150+0000] {logging_mixin.py:188} INFO - [2026-08-25T13:32:54.150+0000] {dagbag.py:538} INFO - Filling up the DagBag from /opt/airflow/dags/news_pipeline_dag.py
[2026-08-25T13:32:54.788+0000] {processor.py:840} INFO - DAG(s) 'news_medallion_pipeline' retrieved from /opt/airflow/dags/news_pipeline_dag.py
[2026-08-25T13:32:54.831+0000] {logging_mixin.py:188} INFO - [2026-08-25T13:32:54.830+0000] {dag.py:3036} INFO - Sync 1 DAGs
[2026-08-25T13:32:54.843+0000] {logging_mixin.py:188} INFO - [2026-08-25T13:32:54.843+0000] {dag.py:3823} INFO - Setting next_dagrun for news_medallion_pipeline to None, run_after=None
[2026-08-25T13:32:54.874+0000] {processor.py:183} INFO - Processing /opt/airflow/dags/news_pipeline_dag.py took 0.728 seconds
[2026-08-25T13:33:25.001+0000] {processor.py:161} INFO - Started process (PID=522) to work on /opt/airflow/dags/news_pipeline_dag.py
[2026-08-25T13:33:25.001+0000] {processor.py:830} INFO - Processing file /opt/airflow/dags/news_pipeline_dag.py for tasks to queue
[2026-08-25T13:33:25.002+0000] {logging_mixin.py:188} INFO - [2026-08-25T13:33:25.002+0000] {dagbag.py:538} INFO - Filling up the DagBag from /opt/airflow/dags/news_pipeline_dag.py
[2026-08-25T13:33:25.529+0000] {processor.py:840} INFO - DAG(s) 'news_medallion_pipeline' retrieved from /opt/airflow/dags/news_pipeline_dag.py
[2026-08-25T13:33:25.549+0000] {logging_mixin.py:188} INFO - [2026-08-25T13:33:25.549+0000] {dag.py:3036} INFO - Sync 1 DAGs
[2026-08-25T13:33:25.687+0000] {logging_mixin.py:188} INFO - [2026-08-25T13:33:25.687+0000] {dag.py:3823} INFO - Setting next_dagrun for news_medallion_pipeline to None, run_after=None
[2026-08-25T13:33:25.700+0000] {processor.py:183} INFO - Processing /opt/airflow/dags/news_pipeline_dag.py took 0.702 seconds
[2026-08-25T13:33:55.827+0000] {processor.py:161} INFO - Started process (PID=525) to work on /opt/airflow/dags/news_pipeline_dag.py
[2026-08-25T13:33:55.828+0000] {processor.py:830} INFO - Processing file /opt/airflow/dags/news_pipeline_dag.py for tasks to queue
[2026-08-25T13:33:55.829+0000] {logging_mixin.py:188} INFO - [2026-08-25T13:33:55.829+0000] {dagbag.py:538} INFO - Filling up the DagBag from /opt/airflow/dags/news_pipeline_dag.py
[2026-08-25T13:33:56.430+0000] {processor.py:840} INFO - DAG(s) 'news_medallion_pipeline' retrieved from /opt/airflow/dags/news_pipeline_dag.py
[2026-08-25T13:33:56.453+0000] {logging_mixin.py:188} INFO - [2026-08-25T13:33:56.452+0000] {dag.py:3036} INFO - Sync 1 DAGs
[2026-08-25T13:33:56.586+0000] {logging_mixin.py:188} INFO - [2026-08-25T13:33:56.586+0000] {dag.py:3823} INFO - Setting next_dagrun for news_medallion_pipeline to None, run_after=None
[2026-08-25T13:33:56.600+0000] {processor.py:183} INFO - Processing /opt/airflow/dags/news_pipeline_dag.py took 0.775 seconds
[2026-08-25T13:34:26.718+0000] {processor.py:161} INFO - Started process (PID=528) to work on /opt/airflow/dags/news_pipeline_dag.py
[2026-08-25T13:34:26.719+0000] {processor.py:830} INFO - Processing file /opt/airflow/dags/news_pipeline_dag.py for tasks to queue
[2026-08-25T13:34:26.720+0000] {logging_mixin.py:188} INFO - [2026-08-25T13:34:26.719+0000] {dagbag.py:538} INFO - Filling up the DagBag from /opt/airflow/dags/news_pipeline_dag.py
[2026-08-25T13:34:27.316+0000] {processor.py:840} INFO - DAG(s) 'news_medallion_pipeline' retrieved from /opt/airflow/dags/news_pipeline_dag.py
[2026-08-25T13:34:27.470+0000] {logging_mixin.py:188} INFO - [2026-08-25T13:34:27.469+0000] {dag.py:3036} INFO - Sync 1 DAGs
[2026-08-25T13:34:27.480+0000] {logging_mixin.py:188} INFO - [2026-08-25T13:34:27.480+0000] {dag.py:3823} INFO - Setting next_dagrun for news_medallion_pipeline to None, run_after=None
[2026-08-25T13:34:27.493+0000] {processor.py:183} INFO - Processing /opt/airflow/dags/news_pipeline_dag.py took 0.778 seconds
