[2026-08-25T11:44:20.104+0000] {manager.py:469} INFO - Processing files using up to 2 processes at a time 
[2026-08-25T11:44:20.104+0000] {manager.py:470} INFO - Process each file at most once every 30 seconds
[2026-08-25T11:44:20.109+0000] {manager.py:471} INFO - Checking for new files in /opt/airflow/dags every 300 seconds
[2026-08-25T11:44:20.109+0000] {manager.py:738} INFO - Searching for files in /opt/airflow/dags
[2026-08-25T11:44:20.112+0000] {manager.py:741} INFO - There are 0 files in /opt/airflow/dags
[2026-08-25T11:49:20.274+0000] {manager.py:738} INFO - Searching for files in /opt/airflow/dags
[2026-08-25T11:49:20.275+0000] {manager.py:741} INFO - There are 0 files in /opt/airflow/dags
[2026-08-25T11:54:21.249+0000] {manager.py:738} INFO - Searching for files in /opt/airflow/dags
[2026-08-25T11:54:21.250+0000] {manager.py:741} INFO - There are 1 files in /opt/airflow/dags
[2026-08-25T11:54:22.297+0000] {manager.py:879} INFO - 
================================================================================
DAG File Processing Stats

File Path                               PID    Runtime      # DAGs    # Errors  Last Runtime    Last Run
--------------------------------------  -----  ---------  --------  ----------  --------------  -------------------
/opt/airflow/dags/news_pipeline_dag.py                           0           1  0.07s           2026-08-25T11:54:21
================================================================================
[2026-08-25T11:54:52.440+0000] {manager.py:879} INFO - 
================================================================================
DAG File Processing Stats

File Path                               PID    Runtime      # DAGs    # Errors  Last Runtime    Last Run
--------------------------------------  -----  ---------  --------  ----------  --------------  -------------------
/opt/airflow/dags/news_pipeline_dag.py                           0           1  0.04s           2026-08-25T11:54:51
================================================================================
[2026-08-25T11:55:22.550+0000] {manager.py:879} INFO - 
================================================================================
DAG File Processing Stats

File Path                               PID    Runtime      # DAGs    # Errors  Last Runtime    Last Run
--------------------------------------  -----  ---------  --------  ----------  --------------  -------------------
/opt/airflow/dags/news_pipeline_dag.py                           0           1  0.05s           2026-08-25T11:55:21
================================================================================
[2026-08-25T11:55:52.690+0000] {manager.py:879} INFO - 
================================================================================
DAG File Processing Stats

File Path                               PID    Runtime      # DAGs    # Errors  Last Runtime    Last Run
--------------------------------------  -----  ---------  --------  ----------  --------------  -------------------
/opt/airflow/dags/news_pipeline_dag.py                           0           1  0.06s           2026-08-25T11:55:51
================================================================================
[2026-08-25T11:56:22.802+0000] {manager.py:879} INFO - 
================================================================================
DAG File Processing Stats

File Path                               PID    Runtime      # DAGs    # Errors  Last Runtime    Last Run
--------------------------------------  -----  ---------  --------  ----------  --------------  -------------------
/opt/airflow/dags/news_pipeline_dag.py                           0           1  0.05s           2026-08-25T11:56:21
================================================================================
[2026-08-25T11:56:52.937+0000] {manager.py:879} INFO - 
================================================================================
DAG File Processing Stats

File Path                               PID    Runtime      # DAGs    # Errors  Last Runtime    Last Run
--------------------------------------  -----  ---------  --------  ----------  --------------  -------------------
/opt/airflow/dags/news_pipeline_dag.py                           0           1  0.09s           2026-08-25T11:56:51
================================================================================
[2026-08-25T11:57:23.083+0000] {manager.py:879} INFO - 
================================================================================
DAG File Processing Stats

File Path                               PID    Runtime      # DAGs    # Errors  Last Runtime    Last Run
--------------------------------------  -----  ---------  --------  ----------  --------------  -------------------
/opt/airflow/dags/news_pipeline_dag.py                           0           1  0.05s           2026-08-25T11:57:22
================================================================================
[2026-08-25T11:57:53.188+0000] {manager.py:879} INFO - 
================================================================================
DAG File Processing Stats

File Path                               PID    Runtime      # DAGs    # Errors  Last Runtime    Last Run
--------------------------------------  -----  ---------  --------  ----------  --------------  -------------------
/opt/airflow/dags/news_pipeline_dag.py                           0           1  0.05s           2026-08-25T11:57:52
================================================================================
[2026-08-25T11:58:23.305+0000] {manager.py:879} INFO - 
================================================================================
DAG File Processing Stats

File Path                               PID    Runtime      # DAGs    # Errors  Last Runtime    Last Run
--------------------------------------  -----  ---------  --------  ----------  --------------  -------------------
/opt/airflow/dags/news_pipeline_dag.py                           0           1  0.04s           2026-08-25T11:58:22
================================================================================
[2026-08-25T11:58:53.416+0000] {manager.py:879} INFO - 
================================================================================
DAG File Processing Stats

File Path                               PID    Runtime      # DAGs    # Errors  Last Runtime    Last Run
--------------------------------------  -----  ---------  --------  ----------  --------------  -------------------
/opt/airflow/dags/news_pipeline_dag.py                           0           1  0.04s           2026-08-25T11:58:52
================================================================================
[2026-08-25T11:59:21.509+0000] {manager.py:738} INFO - Searching for files in /opt/airflow/dags
[2026-08-25T11:59:21.510+0000] {manager.py:741} INFO - There are 1 files in /opt/airflow/dags
[2026-08-25T11:59:23.535+0000] {manager.py:879} INFO - 
================================================================================
DAG File Processing Stats

File Path                               PID    Runtime      # DAGs    # Errors  Last Runtime    Last Run
--------------------------------------  -----  ---------  --------  ----------  --------------  -------------------
/opt/airflow/dags/news_pipeline_dag.py                           0           1  0.04s           2026-08-25T11:59:22
================================================================================
[2026-08-25T11:59:53.642+0000] {manager.py:879} INFO - 
================================================================================
DAG File Processing Stats

File Path                               PID    Runtime      # DAGs    # Errors  Last Runtime    Last Run
--------------------------------------  -----  ---------  --------  ----------  --------------  -------------------
/opt/airflow/dags/news_pipeline_dag.py                           0           1  0.04s           2026-08-25T11:59:52
================================================================================
[2026-08-25T12:00:23.773+0000] {manager.py:879} INFO - 
================================================================================
DAG File Processing Stats

File Path                               PID    Runtime      # DAGs    # Errors  Last Runtime    Last Run
--------------------------------------  -----  ---------  --------  ----------  --------------  -------------------
/opt/airflow/dags/news_pipeline_dag.py                           0           1  0.09s           2026-08-25T12:00:22
================================================================================
[2026-08-25T12:00:53.901+0000] {manager.py:879} INFO - 
================================================================================
DAG File Processing Stats

File Path                               PID    Runtime      # DAGs    # Errors  Last Runtime    Last Run
--------------------------------------  -----  ---------  --------  ----------  --------------  -------------------
/opt/airflow/dags/news_pipeline_dag.py                           0           1  0.05s           2026-08-25T12:00:52
================================================================================
[2026-08-25T12:01:24.006+0000] {manager.py:879} INFO - 
================================================================================
DAG File Processing Stats

File Path                               PID    Runtime      # DAGs    # Errors  Last Runtime    Last Run
--------------------------------------  -----  ---------  --------  ----------  --------------  -------------------
/opt/airflow/dags/news_pipeline_dag.py                           0           1  0.04s           2026-08-25T12:01:23
================================================================================
[2026-08-25T12:01:34.290+0000] {manager.py:451} INFO - Exiting gracefully upon receiving signal 15
[2026-08-25T12:02:39.099+0000] {manager.py:469} INFO - Processing files using up to 2 processes at a time 
[2026-08-25T12:02:39.100+0000] {manager.py:470} INFO - Process each file at most once every 30 seconds
[2026-08-25T12:02:39.100+0000] {manager.py:471} INFO - Checking for new files in /opt/airflow/dags every 300 seconds
[2026-08-25T12:02:39.101+0000] {manager.py:738} INFO - Searching for files in /opt/airflow/dags
[2026-08-25T12:02:39.102+0000] {manager.py:741} INFO - There are 1 files in /opt/airflow/dags
[2026-08-25T12:02:39.236+0000] {manager.py:879} INFO - 
================================================================================
DAG File Processing Stats

File Path                                 PID  Runtime      # DAGs    # Errors  Last Runtime    Last Run
--------------------------------------  -----  ---------  --------  ----------  --------------  ----------
/opt/airflow/dags/news_pipeline_dag.py     37  0.07s             0           0
================================================================================
[2026-08-25T12:03:09.352+0000] {manager.py:879} INFO - 
================================================================================
DAG File Processing Stats

File Path                               PID    Runtime      # DAGs    # Errors  Last Runtime    Last Run
--------------------------------------  -----  ---------  --------  ----------  --------------  -------------------
/opt/airflow/dags/news_pipeline_dag.py                           0           1  0.31s           2026-08-25T12:02:39
================================================================================
[2026-08-25T12:03:39.705+0000] {manager.py:879} INFO - 
================================================================================
DAG File Processing Stats

File Path                                 PID  Runtime      # DAGs    # Errors  Last Runtime    Last Run
--------------------------------------  -----  ---------  --------  ----------  --------------  -------------------
/opt/airflow/dags/news_pipeline_dag.py     46  0.00s             0           1  0.08s           2026-08-25T12:03:09
================================================================================
[2026-08-25T12:04:09.857+0000] {manager.py:879} INFO - 
================================================================================
DAG File Processing Stats

File Path                                 PID  Runtime      # DAGs    # Errors  Last Runtime    Last Run
--------------------------------------  -----  ---------  --------  ----------  --------------  -------------------
/opt/airflow/dags/news_pipeline_dag.py     47  0.00s             0           1  0.09s           2026-08-25T12:03:39
================================================================================
[2026-08-25T12:04:39.993+0000] {manager.py:879} INFO - 
================================================================================
DAG File Processing Stats

File Path                                 PID  Runtime      # DAGs    # Errors  Last Runtime    Last Run
--------------------------------------  -----  ---------  --------  ----------  --------------  -------------------
/opt/airflow/dags/news_pipeline_dag.py     48  0.01s             0           1  0.08s           2026-08-25T12:04:09
================================================================================
[2026-08-25T12:05:10.129+0000] {manager.py:879} INFO - 
================================================================================
DAG File Processing Stats

File Path                                 PID  Runtime      # DAGs    # Errors  Last Runtime    Last Run
--------------------------------------  -----  ---------  --------  ----------  --------------  -------------------
/opt/airflow/dags/news_pipeline_dag.py     49  0.00s             0           1  0.13s           2026-08-25T12:04:40
================================================================================
[2026-08-25T12:05:40.303+0000] {manager.py:879} INFO - 
================================================================================
DAG File Processing Stats

File Path                                 PID  Runtime      # DAGs    # Errors  Last Runtime    Last Run
--------------------------------------  -----  ---------  --------  ----------  --------------  -------------------
/opt/airflow/dags/news_pipeline_dag.py     50  0.00s             0           1  0.07s           2026-08-25T12:05:10
================================================================================
[2026-08-25T12:06:10.413+0000] {manager.py:879} INFO - 
================================================================================
DAG File Processing Stats

File Path                                 PID  Runtime      # DAGs    # Errors  Last Runtime    Last Run
--------------------------------------  -----  ---------  --------  ----------  --------------  -------------------
/opt/airflow/dags/news_pipeline_dag.py     51  0.00s             0           1  0.07s           2026-08-25T12:05:40
================================================================================
[2026-08-25T12:06:40.557+0000] {manager.py:879} INFO - 
================================================================================
DAG File Processing Stats

File Path                                 PID  Runtime      # DAGs    # Errors  Last Runtime    Last Run
--------------------------------------  -----  ---------  --------  ----------  --------------  -------------------
/opt/airflow/dags/news_pipeline_dag.py     52  0.00s             0           1  0.07s           2026-08-25T12:06:10
================================================================================
[2026-08-25T12:07:10.680+0000] {manager.py:879} INFO - 
================================================================================
DAG File Processing Stats

File Path                                 PID  Runtime      # DAGs    # Errors  Last Runtime    Last Run
--------------------------------------  -----  ---------  --------  ----------  --------------  -------------------
/opt/airflow/dags/news_pipeline_dag.py     53  0.01s             0           1  0.09s           2026-08-25T12:06:40
================================================================================
[2026-08-25T12:07:39.821+0000] {manager.py:738} INFO - Searching for files in /opt/airflow/dags
[2026-08-25T12:07:39.822+0000] {manager.py:741} INFO - There are 1 files in /opt/airflow/dags
[2026-08-25T12:07:40.839+0000] {manager.py:879} INFO - 
================================================================================
DAG File Processing Stats

File Path                                 PID  Runtime      # DAGs    # Errors  Last Runtime    Last Run
--------------------------------------  -----  ---------  --------  ----------  --------------  -------------------
/opt/airflow/dags/news_pipeline_dag.py     54  0.00s             0           1  0.08s           2026-08-25T12:07:10
================================================================================
[2026-08-25T12:08:10.955+0000] {manager.py:879} INFO - 
================================================================================
DAG File Processing Stats

File Path                                 PID  Runtime      # DAGs    # Errors  Last Runtime    Last Run
--------------------------------------  -----  ---------  --------  ----------  --------------  -------------------
/opt/airflow/dags/news_pipeline_dag.py     55  0.00s             0           1  0.08s           2026-08-25T12:07:40
================================================================================
[2026-08-25T12:08:41.101+0000] {manager.py:879} INFO - 
================================================================================
DAG File Processing Stats

File Path                                 PID  Runtime      # DAGs    # Errors  Last Runtime    Last Run
--------------------------------------  -----  ---------  --------  ----------  --------------  -------------------
/opt/airflow/dags/news_pipeline_dag.py     56  0.00s             0           1  0.08s           2026-08-25T12:08:11
================================================================================
[2026-08-25T12:09:11.254+0000] {manager.py:879} INFO - 
================================================================================
DAG File Processing Stats

File Path                                 PID  Runtime      # DAGs    # Errors  Last Runtime    Last Run
--------------------------------------  -----  ---------  --------  ----------  --------------  -------------------
/opt/airflow/dags/news_pipeline_dag.py     57  0.00s             0           1  0.07s           2026-08-25T12:08:41
================================================================================
[2026-08-25T12:10:24.772+0000] {manager.py:469} INFO - Processing files using up to 2 processes at a time 
[2026-08-25T12:10:24.776+0000] {manager.py:470} INFO - Process each file at most once every 30 seconds
[2026-08-25T12:10:24.778+0000] {manager.py:471} INFO - Checking for new files in /opt/airflow/dags every 300 seconds
[2026-08-25T12:10:24.780+0000] {manager.py:738} INFO - Searching for files in /opt/airflow/dags
[2026-08-25T12:10:24.785+0000] {manager.py:741} INFO - There are 1 files in /opt/airflow/dags
[2026-08-25T12:10:25.068+0000] {manager.py:879} INFO - 
================================================================================
DAG File Processing Stats

File Path                                 PID  Runtime      # DAGs    # Errors  Last Runtime    Last Run
--------------------------------------  -----  ---------  --------  ----------  --------------  ----------
/opt/airflow/dags/news_pipeline_dag.py     37  0.13s             0           0
================================================================================
[2026-08-25T12:10:55.211+0000] {manager.py:879} INFO - 
================================================================================
DAG File Processing Stats

File Path                                 PID  Runtime      # DAGs    # Errors  Last Runtime    Last Run
--------------------------------------  -----  ---------  --------  ----------  --------------  -------------------
/opt/airflow/dags/news_pipeline_dag.py     38  0.01s             0           1  0.18s           2026-08-25T12:10:25
================================================================================
[2026-08-25T12:11:25.362+0000] {manager.py:879} INFO - 
================================================================================
DAG File Processing Stats

File Path                                 PID  Runtime      # DAGs    # Errors  Last Runtime    Last Run
--------------------------------------  -----  ---------  --------  ----------  --------------  -------------------
/opt/airflow/dags/news_pipeline_dag.py     39  0.01s             0           1  0.10s           2026-08-25T12:10:55
================================================================================
[2026-08-25T12:11:55.507+0000] {manager.py:879} INFO - 
================================================================================
DAG File Processing Stats

File Path                                 PID  Runtime      # DAGs    # Errors  Last Runtime    Last Run
--------------------------------------  -----  ---------  --------  ----------  --------------  -------------------
/opt/airflow/dags/news_pipeline_dag.py     40  0.01s             0           1  0.09s           2026-08-25T12:11:25
================================================================================
[2026-08-25T12:12:25.633+0000] {manager.py:879} INFO - 
================================================================================
DAG File Processing Stats

File Path                                 PID  Runtime      # DAGs    # Errors  Last Runtime    Last Run
--------------------------------------  -----  ---------  --------  ----------  --------------  -------------------
/opt/airflow/dags/news_pipeline_dag.py     41  0.00s             0           1  0.07s           2026-08-25T12:11:55
================================================================================
[2026-08-25T12:12:55.772+0000] {manager.py:879} INFO - 
================================================================================
DAG File Processing Stats

File Path                                 PID  Runtime      # DAGs    # Errors  Last Runtime    Last Run
--------------------------------------  -----  ---------  --------  ----------  --------------  -------------------
/opt/airflow/dags/news_pipeline_dag.py     42  0.00s             0           1  0.09s           2026-08-25T12:12:25
================================================================================
[2026-08-25T12:13:25.928+0000] {manager.py:879} INFO - 
================================================================================
DAG File Processing Stats

File Path                                 PID  Runtime      # DAGs    # Errors  Last Runtime    Last Run
--------------------------------------  -----  ---------  --------  ----------  --------------  -------------------
/opt/airflow/dags/news_pipeline_dag.py     43  0.01s             0           1  0.08s           2026-08-25T12:12:55
================================================================================
[2026-08-25T12:13:56.044+0000] {manager.py:879} INFO - 
================================================================================
DAG File Processing Stats

File Path                                 PID  Runtime      # DAGs    # Errors  Last Runtime    Last Run
--------------------------------------  -----  ---------  --------  ----------  --------------  -------------------
/opt/airflow/dags/news_pipeline_dag.py     44  0.00s             0           1  0.08s           2026-08-25T12:13:25
================================================================================
[2026-08-25T12:14:26.199+0000] {manager.py:879} INFO - 
================================================================================
DAG File Processing Stats

File Path                                 PID  Runtime      # DAGs    # Errors  Last Runtime    Last Run
--------------------------------------  -----  ---------  --------  ----------  --------------  -------------------
/opt/airflow/dags/news_pipeline_dag.py     45  0.00s             0           1  0.08s           2026-08-25T12:13:56
================================================================================
[2026-08-25T12:14:56.313+0000] {manager.py:879} INFO - 
================================================================================
DAG File Processing Stats

File Path                                 PID  Runtime      # DAGs    # Errors  Last Runtime    Last Run
--------------------------------------  -----  ---------  --------  ----------  --------------  -------------------
/opt/airflow/dags/news_pipeline_dag.py     46  0.00s             0           1  0.07s           2026-08-25T12:14:26
================================================================================
[2026-08-25T12:15:25.430+0000] {manager.py:738} INFO - Searching for files in /opt/airflow/dags
[2026-08-25T12:15:25.432+0000] {manager.py:741} INFO - There are 1 files in /opt/airflow/dags
[2026-08-25T12:15:26.450+0000] {manager.py:879} INFO - 
================================================================================
DAG File Processing Stats

File Path                                 PID  Runtime      # DAGs    # Errors  Last Runtime    Last Run
--------------------------------------  -----  ---------  --------  ----------  --------------  -------------------
/opt/airflow/dags/news_pipeline_dag.py     47  0.00s             0           1  0.07s           2026-08-25T12:14:56
================================================================================
[2026-08-25T12:15:56.567+0000] {manager.py:879} INFO - 
================================================================================
DAG File Processing Stats

File Path                                 PID  Runtime      # DAGs    # Errors  Last Runtime    Last Run
--------------------------------------  -----  ---------  --------  ----------  --------------  -------------------
/opt/airflow/dags/news_pipeline_dag.py     48  0.00s             0           1  0.08s           2026-08-25T12:15:26
================================================================================
[2026-08-25T12:16:26.707+0000] {manager.py:879} INFO - 
================================================================================
DAG File Processing Stats

File Path                                 PID  Runtime      # DAGs    # Errors  Last Runtime    Last Run
--------------------------------------  -----  ---------  --------  ----------  --------------  -------------------
/opt/airflow/dags/news_pipeline_dag.py     49  0.00s             0           1  0.07s           2026-08-25T12:15:56
================================================================================
[2026-08-25T12:16:56.824+0000] {manager.py:879} INFO - 
================================================================================
DAG File Processing Stats

File Path                                 PID  Runtime      # DAGs    # Errors  Last Runtime    Last Run
--------------------------------------  -----  ---------  --------  ----------  --------------  -------------------
/opt/airflow/dags/news_pipeline_dag.py     50  0.00s             0           1  0.07s           2026-08-25T12:16:26
================================================================================
[2026-08-25T12:17:26.960+0000] {manager.py:879} INFO - 
================================================================================
DAG File Processing Stats

File Path                                 PID  Runtime      # DAGs    # Errors  Last Runtime    Last Run
--------------------------------------  -----  ---------  --------  ----------  --------------  -------------------
/opt/airflow/dags/news_pipeline_dag.py     51  0.00s             0           1  0.08s           2026-08-25T12:16:56
================================================================================
[2026-08-25T12:17:57.077+0000] {manager.py:879} INFO - 
================================================================================
DAG File Processing Stats

File Path                                 PID  Runtime      # DAGs    # Errors  Last Runtime    Last Run
--------------------------------------  -----  ---------  --------  ----------  --------------  -------------------
/opt/airflow/dags/news_pipeline_dag.py     52  0.01s             0           1  0.08s           2026-08-25T12:17:27
================================================================================
[2026-08-25T12:18:27.225+0000] {manager.py:879} INFO - 
================================================================================
DAG File Processing Stats

File Path                                 PID  Runtime      # DAGs    # Errors  Last Runtime    Last Run
--------------------------------------  -----  ---------  --------  ----------  --------------  -------------------
/opt/airflow/dags/news_pipeline_dag.py     53  0.00s             0           1  0.09s           2026-08-25T12:17:57
================================================================================
[2026-08-25T12:18:57.351+0000] {manager.py:879} INFO - 
================================================================================
DAG File Processing Stats

File Path                                 PID  Runtime      # DAGs    # Errors  Last Runtime    Last Run
--------------------------------------  -----  ---------  --------  ----------  --------------  -------------------
/opt/airflow/dags/news_pipeline_dag.py     54  0.00s             0           1  0.07s           2026-08-25T12:18:27
================================================================================
[2026-08-25T12:19:27.492+0000] {manager.py:879} INFO - 
================================================================================
DAG File Processing Stats

File Path                                 PID  Runtime      # DAGs    # Errors  Last Runtime    Last Run
--------------------------------------  -----  ---------  --------  ----------  --------------  -------------------
/opt/airflow/dags/news_pipeline_dag.py     55  0.01s             0           1  0.07s           2026-08-25T12:18:57
================================================================================
[2026-08-25T12:19:57.610+0000] {manager.py:879} INFO - 
================================================================================
DAG File Processing Stats

File Path                                 PID  Runtime      # DAGs    # Errors  Last Runtime    Last Run
--------------------------------------  -----  ---------  --------  ----------  --------------  -------------------
/opt/airflow/dags/news_pipeline_dag.py     56  0.00s             0           1  0.07s           2026-08-25T12:19:27
================================================================================
[2026-08-25T12:20:25.787+0000] {manager.py:738} INFO - Searching for files in /opt/airflow/dags
[2026-08-25T12:20:25.788+0000] {manager.py:741} INFO - There are 1 files in /opt/airflow/dags
[2026-08-25T12:20:27.802+0000] {manager.py:879} INFO - 
================================================================================
DAG File Processing Stats

File Path                               PID    Runtime      # DAGs    # Errors  Last Runtime    Last Run
--------------------------------------  -----  ---------  --------  ----------  --------------  -------------------
/opt/airflow/dags/news_pipeline_dag.py                           1           0  3.41s           2026-08-25T12:20:24
================================================================================
[2026-08-25T12:20:57.898+0000] {manager.py:879} INFO - 
================================================================================
DAG File Processing Stats

File Path                               PID    Runtime      # DAGs    # Errors  Last Runtime    Last Run
--------------------------------------  -----  ---------  --------  ----------  --------------  -------------------
/opt/airflow/dags/news_pipeline_dag.py                           1           0  0.70s           2026-08-25T12:20:54
================================================================================
[2026-08-25T12:21:28.020+0000] {manager.py:879} INFO - 
================================================================================
DAG File Processing Stats

File Path                               PID    Runtime      # DAGs    # Errors  Last Runtime    Last Run
--------------------------------------  -----  ---------  --------  ----------  --------------  -------------------
/opt/airflow/dags/news_pipeline_dag.py                           1           0  0.78s           2026-08-25T12:21:25
================================================================================
[2026-08-25T12:21:58.108+0000] {manager.py:879} INFO - 
================================================================================
DAG File Processing Stats

File Path                               PID    Runtime      # DAGs    # Errors  Last Runtime    Last Run
--------------------------------------  -----  ---------  --------  ----------  --------------  -------------------
/opt/airflow/dags/news_pipeline_dag.py                           1           0  0.78s           2026-08-25T12:21:56
================================================================================
[2026-08-25T12:22:28.198+0000] {manager.py:879} INFO - 
================================================================================
DAG File Processing Stats

File Path                               PID    Runtime      # DAGs    # Errors  Last Runtime    Last Run
--------------------------------------  -----  ---------  --------  ----------  --------------  -------------------
/opt/airflow/dags/news_pipeline_dag.py                           1           0  0.82s           2026-08-25T12:22:27
================================================================================
[2026-08-25T12:22:58.290+0000] {manager.py:879} INFO - 
================================================================================
DAG File Processing Stats

File Path                                 PID  Runtime      # DAGs    # Errors  Last Runtime    Last Run
--------------------------------------  -----  ---------  --------  ----------  --------------  -------------------
/opt/airflow/dags/news_pipeline_dag.py     72  0.65s             1           0  0.82s           2026-08-25T12:22:27
================================================================================
[2026-08-25T12:23:28.400+0000] {manager.py:879} INFO - 
================================================================================
DAG File Processing Stats

File Path                               PID    Runtime      # DAGs    # Errors  Last Runtime    Last Run
--------------------------------------  -----  ---------  --------  ----------  --------------  -------------------
/opt/airflow/dags/news_pipeline_dag.py                           1           0  0.78s           2026-08-25T12:22:58
================================================================================
[2026-08-25T12:23:58.612+0000] {manager.py:879} INFO - 
================================================================================
DAG File Processing Stats

File Path                               PID    Runtime      # DAGs    # Errors  Last Runtime    Last Run
--------------------------------------  -----  ---------  --------  ----------  --------------  -------------------
/opt/airflow/dags/news_pipeline_dag.py                           1           0  0.64s           2026-08-25T12:23:29
================================================================================
[2026-08-25T12:24:28.711+0000] {manager.py:879} INFO - 
================================================================================
DAG File Processing Stats

File Path                               PID    Runtime      # DAGs    # Errors  Last Runtime    Last Run
--------------------------------------  -----  ---------  --------  ----------  --------------  -------------------
/opt/airflow/dags/news_pipeline_dag.py                           1           0  0.65s           2026-08-25T12:23:59
================================================================================
[2026-08-25T12:24:58.815+0000] {manager.py:879} INFO - 
================================================================================
DAG File Processing Stats

File Path                               PID    Runtime      # DAGs    # Errors  Last Runtime    Last Run
--------------------------------------  -----  ---------  --------  ----------  --------------  -------------------
/opt/airflow/dags/news_pipeline_dag.py                           1           0  0.81s           2026-08-25T12:24:30
================================================================================
[2026-08-25T12:25:25.955+0000] {manager.py:738} INFO - Searching for files in /opt/airflow/dags
[2026-08-25T12:25:25.956+0000] {manager.py:741} INFO - There are 1 files in /opt/airflow/dags
[2026-08-25T12:25:28.971+0000] {manager.py:879} INFO - 
================================================================================
DAG File Processing Stats

File Path                               PID    Runtime      # DAGs    # Errors  Last Runtime    Last Run
--------------------------------------  -----  ---------  --------  ----------  --------------  -------------------
/opt/airflow/dags/news_pipeline_dag.py                           1           0  0.83s           2026-08-25T12:25:01
================================================================================
[2026-08-25T12:25:59.069+0000] {manager.py:879} INFO - 
================================================================================
DAG File Processing Stats

File Path                               PID    Runtime      # DAGs    # Errors  Last Runtime    Last Run
--------------------------------------  -----  ---------  --------  ----------  --------------  -------------------
/opt/airflow/dags/news_pipeline_dag.py                           1           0  0.83s           2026-08-25T12:25:32
================================================================================
[2026-08-25T12:26:29.166+0000] {manager.py:879} INFO - 
================================================================================
DAG File Processing Stats

File Path                               PID    Runtime      # DAGs    # Errors  Last Runtime    Last Run
--------------------------------------  -----  ---------  --------  ----------  --------------  -------------------
/opt/airflow/dags/news_pipeline_dag.py                           1           0  0.85s           2026-08-25T12:26:03
================================================================================
[2026-08-25T12:26:59.272+0000] {manager.py:879} INFO - 
================================================================================
DAG File Processing Stats

File Path                               PID    Runtime      # DAGs    # Errors  Last Runtime    Last Run
--------------------------------------  -----  ---------  --------  ----------  --------------  -------------------
/opt/airflow/dags/news_pipeline_dag.py                           1           0  0.73s           2026-08-25T12:26:34
================================================================================
[2026-08-25T12:27:29.519+0000] {manager.py:879} INFO - 
================================================================================
DAG File Processing Stats

File Path                               PID    Runtime      # DAGs    # Errors  Last Runtime    Last Run
--------------------------------------  -----  ---------  --------  ----------  --------------  -------------------
/opt/airflow/dags/news_pipeline_dag.py                           1           0  0.66s           2026-08-25T12:27:05
================================================================================
[2026-08-25T12:27:59.611+0000] {manager.py:879} INFO - 
================================================================================
DAG File Processing Stats

File Path                               PID    Runtime      # DAGs    # Errors  Last Runtime    Last Run
--------------------------------------  -----  ---------  --------  ----------  --------------  -------------------
/opt/airflow/dags/news_pipeline_dag.py                           1           0  0.85s           2026-08-25T12:27:36
================================================================================
[2026-08-25T12:28:29.720+0000] {manager.py:879} INFO - 
================================================================================
DAG File Processing Stats

File Path                               PID    Runtime      # DAGs    # Errors  Last Runtime    Last Run
--------------------------------------  -----  ---------  --------  ----------  --------------  -------------------
/opt/airflow/dags/news_pipeline_dag.py                           1           0  0.95s           2026-08-25T12:28:07
================================================================================
[2026-08-25T12:28:59.817+0000] {manager.py:879} INFO - 
================================================================================
DAG File Processing Stats

File Path                               PID    Runtime      # DAGs    # Errors  Last Runtime    Last Run
--------------------------------------  -----  ---------  --------  ----------  --------------  -------------------
/opt/airflow/dags/news_pipeline_dag.py                           1           0  0.86s           2026-08-25T12:28:38
================================================================================
[2026-08-25T12:29:29.992+0000] {manager.py:879} INFO - 
================================================================================
DAG File Processing Stats

File Path                               PID    Runtime      # DAGs    # Errors  Last Runtime    Last Run
--------------------------------------  -----  ---------  --------  ----------  --------------  -------------------
/opt/airflow/dags/news_pipeline_dag.py                           1           0  0.65s           2026-08-25T12:29:23
================================================================================
[2026-08-25T12:30:00.359+0000] {manager.py:879} INFO - 
================================================================================
DAG File Processing Stats

File Path                               PID    Runtime      # DAGs    # Errors  Last Runtime    Last Run
--------------------------------------  -----  ---------  --------  ----------  --------------  -------------------
/opt/airflow/dags/news_pipeline_dag.py                           1           0  0.60s           2026-08-25T12:29:58
================================================================================
[2026-08-25T12:30:26.435+0000] {manager.py:738} INFO - Searching for files in /opt/airflow/dags
[2026-08-25T12:30:26.437+0000] {manager.py:741} INFO - There are 1 files in /opt/airflow/dags
[2026-08-25T12:30:30.474+0000] {manager.py:879} INFO - 
================================================================================
DAG File Processing Stats

File Path                               PID    Runtime      # DAGs    # Errors  Last Runtime    Last Run
--------------------------------------  -----  ---------  --------  ----------  --------------  -------------------
/opt/airflow/dags/news_pipeline_dag.py                           1           0  0.83s           2026-08-25T12:30:29
================================================================================
[2026-08-25T12:31:00.566+0000] {manager.py:879} INFO - 
================================================================================
DAG File Processing Stats

File Path                                 PID  Runtime      # DAGs    # Errors  Last Runtime    Last Run
--------------------------------------  -----  ---------  --------  ----------  --------------  -------------------
/opt/airflow/dags/news_pipeline_dag.py    131  0.74s             1           0  0.83s           2026-08-25T12:30:29
================================================================================
[2026-08-25T12:31:30.714+0000] {manager.py:879} INFO - 
================================================================================
DAG File Processing Stats

File Path                               PID    Runtime      # DAGs    # Errors  Last Runtime    Last Run
--------------------------------------  -----  ---------  --------  ----------  --------------  -------------------
/opt/airflow/dags/news_pipeline_dag.py                           1           0  0.91s           2026-08-25T12:31:00
================================================================================
[2026-08-25T12:32:00.963+0000] {manager.py:879} INFO - 
================================================================================
DAG File Processing Stats

File Path                               PID    Runtime      # DAGs    # Errors  Last Runtime    Last Run
--------------------------------------  -----  ---------  --------  ----------  --------------  -------------------
/opt/airflow/dags/news_pipeline_dag.py                           1           0  1.22s           2026-08-25T12:31:32
================================================================================
[2026-08-25T12:32:31.066+0000] {manager.py:879} INFO - 
================================================================================
DAG File Processing Stats

File Path                               PID    Runtime      # DAGs    # Errors  Last Runtime    Last Run
--------------------------------------  -----  ---------  --------  ----------  --------------  -------------------
/opt/airflow/dags/news_pipeline_dag.py                           1           0  0.82s           2026-08-25T12:32:02
================================================================================
[2026-08-25T12:33:01.163+0000] {manager.py:879} INFO - 
================================================================================
DAG File Processing Stats

File Path                               PID    Runtime      # DAGs    # Errors  Last Runtime    Last Run
--------------------------------------  -----  ---------  --------  ----------  --------------  -------------------
/opt/airflow/dags/news_pipeline_dag.py                           1           0  0.64s           2026-08-25T12:32:33
================================================================================
[2026-08-25T12:33:31.258+0000] {manager.py:879} INFO - 
================================================================================
DAG File Processing Stats

File Path                               PID    Runtime      # DAGs    # Errors  Last Runtime    Last Run
--------------------------------------  -----  ---------  --------  ----------  --------------  -------------------
/opt/airflow/dags/news_pipeline_dag.py                           1           0  0.59s           2026-08-25T12:33:04
================================================================================
[2026-08-25T12:34:01.565+0000] {manager.py:879} INFO - 
================================================================================
DAG File Processing Stats

File Path                               PID    Runtime      # DAGs    # Errors  Last Runtime    Last Run
--------------------------------------  -----  ---------  --------  ----------  --------------  -------------------
/opt/airflow/dags/news_pipeline_dag.py                           1           0  0.61s           2026-08-25T12:33:35
================================================================================
[2026-08-25T12:34:31.661+0000] {manager.py:879} INFO - 
================================================================================
DAG File Processing Stats

File Path                               PID    Runtime      # DAGs    # Errors  Last Runtime    Last Run
--------------------------------------  -----  ---------  --------  ----------  --------------  -------------------
/opt/airflow/dags/news_pipeline_dag.py                           1           0  0.82s           2026-08-25T12:34:06
================================================================================
[2026-08-25T12:35:01.756+0000] {manager.py:879} INFO - 
================================================================================
DAG File Processing Stats

File Path                               PID    Runtime      # DAGs    # Errors  Last Runtime    Last Run
--------------------------------------  -----  ---------  --------  ----------  --------------  -------------------
/opt/airflow/dags/news_pipeline_dag.py                           1           0  0.83s           2026-08-25T12:34:36
================================================================================
[2026-08-25T12:35:26.839+0000] {manager.py:738} INFO - Searching for files in /opt/airflow/dags
[2026-08-25T12:35:26.841+0000] {manager.py:741} INFO - There are 1 files in /opt/airflow/dags
[2026-08-25T12:35:31.867+0000] {manager.py:879} INFO - 
================================================================================
DAG File Processing Stats

File Path                               PID    Runtime      # DAGs    # Errors  Last Runtime    Last Run
--------------------------------------  -----  ---------  --------  ----------  --------------  -------------------
/opt/airflow/dags/news_pipeline_dag.py                           1           0  0.87s           2026-08-25T12:35:07
================================================================================
[2026-08-25T12:36:02.061+0000] {manager.py:879} INFO - 
================================================================================
DAG File Processing Stats

File Path                               PID    Runtime      # DAGs    # Errors  Last Runtime    Last Run
--------------------------------------  -----  ---------  --------  ----------  --------------  -------------------
/opt/airflow/dags/news_pipeline_dag.py                           1           0  0.70s           2026-08-25T12:35:38
================================================================================
[2026-08-25T12:36:32.156+0000] {manager.py:879} INFO - 
================================================================================
DAG File Processing Stats

File Path                               PID    Runtime      # DAGs    # Errors  Last Runtime    Last Run
--------------------------------------  -----  ---------  --------  ----------  --------------  -------------------
/opt/airflow/dags/news_pipeline_dag.py                           1           0  0.63s           2026-08-25T12:36:09
================================================================================
[2026-08-25T12:37:02.161+0000] {manager.py:879} INFO - 
================================================================================
DAG File Processing Stats

File Path                               PID    Runtime      # DAGs    # Errors  Last Runtime    Last Run
--------------------------------------  -----  ---------  --------  ----------  --------------  -------------------
/opt/airflow/dags/news_pipeline_dag.py                           1           0  0.60s           2026-08-25T12:36:40
================================================================================
[2026-08-25T12:37:32.654+0000] {manager.py:879} INFO - 
================================================================================
DAG File Processing Stats

File Path                               PID    Runtime      # DAGs    # Errors  Last Runtime    Last Run
--------------------------------------  -----  ---------  --------  ----------  --------------  -------------------
/opt/airflow/dags/news_pipeline_dag.py                           1           0  0.78s           2026-08-25T12:37:10
================================================================================
[2026-08-25T12:38:02.752+0000] {manager.py:879} INFO - 
================================================================================
DAG File Processing Stats

File Path                               PID    Runtime      # DAGs    # Errors  Last Runtime    Last Run
--------------------------------------  -----  ---------  --------  ----------  --------------  -------------------
/opt/airflow/dags/news_pipeline_dag.py                           1           0  0.77s           2026-08-25T12:37:41
================================================================================
[2026-08-25T12:38:32.978+0000] {manager.py:879} INFO - 
================================================================================
DAG File Processing Stats

File Path                               PID    Runtime      # DAGs    # Errors  Last Runtime    Last Run
--------------------------------------  -----  ---------  --------  ----------  --------------  -------------------
/opt/airflow/dags/news_pipeline_dag.py                           1           0  0.70s           2026-08-25T12:38:12
================================================================================
[2026-08-25T12:39:03.070+0000] {manager.py:879} INFO - 
================================================================================
DAG File Processing Stats

File Path                               PID    Runtime      # DAGs    # Errors  Last Runtime    Last Run
--------------------------------------  -----  ---------  --------  ----------  --------------  -------------------
/opt/airflow/dags/news_pipeline_dag.py                           1           0  0.66s           2026-08-25T12:38:43
================================================================================
[2026-08-25T12:39:33.166+0000] {manager.py:879} INFO - 
================================================================================
DAG File Processing Stats

File Path                               PID    Runtime      # DAGs    # Errors  Last Runtime    Last Run
--------------------------------------  -----  ---------  --------  ----------  --------------  -------------------
/opt/airflow/dags/news_pipeline_dag.py                           1           0  0.66s           2026-08-25T12:39:14
================================================================================
[2026-08-25T12:40:03.272+0000] {manager.py:879} INFO - 
================================================================================
DAG File Processing Stats

File Path                               PID    Runtime      # DAGs    # Errors  Last Runtime    Last Run
--------------------------------------  -----  ---------  --------  ----------  --------------  -------------------
/opt/airflow/dags/news_pipeline_dag.py                           1           0  0.90s           2026-08-25T12:39:59
================================================================================
[2026-08-25T12:40:27.118+0000] {manager.py:738} INFO - Searching for files in /opt/airflow/dags
[2026-08-25T12:40:27.119+0000] {manager.py:741} INFO - There are 1 files in /opt/airflow/dags
[2026-08-25T12:40:33.365+0000] {manager.py:879} INFO - 
================================================================================
DAG File Processing Stats

File Path                               PID    Runtime      # DAGs    # Errors  Last Runtime    Last Run
--------------------------------------  -----  ---------  --------  ----------  --------------  -------------------
/opt/airflow/dags/news_pipeline_dag.py                           1           0  0.89s           2026-08-25T12:40:30
================================================================================
[2026-08-25T12:41:03.456+0000] {manager.py:879} INFO - 
================================================================================
DAG File Processing Stats

File Path                               PID    Runtime      # DAGs    # Errors  Last Runtime    Last Run
--------------------------------------  -----  ---------  --------  ----------  --------------  -------------------
/opt/airflow/dags/news_pipeline_dag.py                           1           0  0.75s           2026-08-25T12:41:00
================================================================================
[2026-08-25T12:41:33.550+0000] {manager.py:879} INFO - 
================================================================================
DAG File Processing Stats

File Path                               PID    Runtime      # DAGs    # Errors  Last Runtime    Last Run
--------------------------------------  -----  ---------  --------  ----------  --------------  -------------------
/opt/airflow/dags/news_pipeline_dag.py                           1           0  0.60s           2026-08-25T12:41:31
================================================================================
[2026-08-25T12:42:03.710+0000] {manager.py:879} INFO - 
================================================================================
DAG File Processing Stats

File Path                               PID    Runtime      # DAGs    # Errors  Last Runtime    Last Run
--------------------------------------  -----  ---------  --------  ----------  --------------  -------------------
/opt/airflow/dags/news_pipeline_dag.py                           1           0  0.61s           2026-08-25T12:42:02
================================================================================
[2026-08-25T12:42:33.808+0000] {manager.py:879} INFO - 
================================================================================
DAG File Processing Stats

File Path                               PID    Runtime      # DAGs    # Errors  Last Runtime    Last Run
--------------------------------------  -----  ---------  --------  ----------  --------------  -------------------
/opt/airflow/dags/news_pipeline_dag.py                           1           0  0.63s           2026-08-25T12:42:33
================================================================================
[2026-08-25T12:43:03.903+0000] {manager.py:879} INFO - 
================================================================================
DAG File Processing Stats

File Path                                 PID  Runtime      # DAGs    # Errors  Last Runtime    Last Run
--------------------------------------  -----  ---------  --------  ----------  --------------  -------------------
/opt/airflow/dags/news_pipeline_dag.py    228  0.79s             1           0  0.63s           2026-08-25T12:42:33
================================================================================
[2026-08-25T12:43:34.007+0000] {manager.py:879} INFO - 
================================================================================
DAG File Processing Stats

File Path                               PID    Runtime      # DAGs    # Errors  Last Runtime    Last Run
--------------------------------------  -----  ---------  --------  ----------  --------------  -------------------
/opt/airflow/dags/news_pipeline_dag.py                           1           0  0.95s           2026-08-25T12:43:04
================================================================================
[2026-08-25T12:44:04.112+0000] {manager.py:879} INFO - 
================================================================================
DAG File Processing Stats

File Path                               PID    Runtime      # DAGs    # Errors  Last Runtime    Last Run
--------------------------------------  -----  ---------  --------  ----------  --------------  -------------------
/opt/airflow/dags/news_pipeline_dag.py                           1           0  0.95s           2026-08-25T12:43:35
================================================================================
[2026-08-25T12:44:34.173+0000] {manager.py:879} INFO - 
================================================================================
DAG File Processing Stats

File Path                               PID    Runtime      # DAGs    # Errors  Last Runtime    Last Run
--------------------------------------  -----  ---------  --------  ----------  --------------  -------------------
/opt/airflow/dags/news_pipeline_dag.py                           1           0  0.96s           2026-08-25T12:44:06
================================================================================
[2026-08-25T12:45:04.359+0000] {manager.py:879} INFO - 
================================================================================
DAG File Processing Stats

File Path                               PID    Runtime      # DAGs    # Errors  Last Runtime    Last Run
--------------------------------------  -----  ---------  --------  ----------  --------------  -------------------
/opt/airflow/dags/news_pipeline_dag.py                           1           0  0.64s           2026-08-25T12:44:36
================================================================================
[2026-08-25T12:45:27.440+0000] {manager.py:738} INFO - Searching for files in /opt/airflow/dags
[2026-08-25T12:45:27.441+0000] {manager.py:741} INFO - There are 1 files in /opt/airflow/dags
[2026-08-25T12:45:34.473+0000] {manager.py:879} INFO - 
================================================================================
DAG File Processing Stats

File Path                               PID    Runtime      # DAGs    # Errors  Last Runtime    Last Run
--------------------------------------  -----  ---------  --------  ----------  --------------  -------------------
/opt/airflow/dags/news_pipeline_dag.py                           1           0  0.60s           2026-08-25T12:45:07
================================================================================
[2026-08-25T12:46:04.665+0000] {manager.py:879} INFO - 
================================================================================
DAG File Processing Stats

File Path                               PID    Runtime      # DAGs    # Errors  Last Runtime    Last Run
--------------------------------------  -----  ---------  --------  ----------  --------------  -------------------
/opt/airflow/dags/news_pipeline_dag.py                           1           0  0.59s           2026-08-25T12:45:38
================================================================================
[2026-08-25T12:46:34.764+0000] {manager.py:879} INFO - 
================================================================================
DAG File Processing Stats

File Path                               PID    Runtime      # DAGs    # Errors  Last Runtime    Last Run
--------------------------------------  -----  ---------  --------  ----------  --------------  -------------------
/opt/airflow/dags/news_pipeline_dag.py                           1           0  0.74s           2026-08-25T12:46:08
================================================================================
[2026-08-25T12:47:04.865+0000] {manager.py:879} INFO - 
================================================================================
DAG File Processing Stats

File Path                               PID    Runtime      # DAGs    # Errors  Last Runtime    Last Run
--------------------------------------  -----  ---------  --------  ----------  --------------  -------------------
/opt/airflow/dags/news_pipeline_dag.py                           1           0  0.73s           2026-08-25T12:46:39
================================================================================
[2026-08-25T12:47:34.967+0000] {manager.py:879} INFO - 
================================================================================
DAG File Processing Stats

File Path                               PID    Runtime      # DAGs    # Errors  Last Runtime    Last Run
--------------------------------------  -----  ---------  --------  ----------  --------------  -------------------
/opt/airflow/dags/news_pipeline_dag.py                           1           0  0.72s           2026-08-25T12:47:10
================================================================================
[2026-08-25T12:48:05.054+0000] {manager.py:879} INFO - 
================================================================================
DAG File Processing Stats

File Path                               PID    Runtime      # DAGs    # Errors  Last Runtime    Last Run
--------------------------------------  -----  ---------  --------  ----------  --------------  -------------------
/opt/airflow/dags/news_pipeline_dag.py                           1           0  0.60s           2026-08-25T12:47:41
================================================================================
[2026-08-25T12:48:35.460+0000] {manager.py:879} INFO - 
================================================================================
DAG File Processing Stats

File Path                               PID    Runtime      # DAGs    # Errors  Last Runtime    Last Run
--------------------------------------  -----  ---------  --------  ----------  --------------  -------------------
/opt/airflow/dags/news_pipeline_dag.py                           1           0  0.58s           2026-08-25T12:48:11
================================================================================
[2026-08-25T12:49:05.555+0000] {manager.py:879} INFO - 
================================================================================
DAG File Processing Stats

File Path                               PID    Runtime      # DAGs    # Errors  Last Runtime    Last Run
--------------------------------------  -----  ---------  --------  ----------  --------------  -------------------
/opt/airflow/dags/news_pipeline_dag.py                           1           0  0.62s           2026-08-25T12:48:42
================================================================================
[2026-08-25T12:49:35.593+0000] {manager.py:879} INFO - 
================================================================================
DAG File Processing Stats

File Path                               PID    Runtime      # DAGs    # Errors  Last Runtime    Last Run
--------------------------------------  -----  ---------  --------  ----------  --------------  -------------------
/opt/airflow/dags/news_pipeline_dag.py                           1           0  0.75s           2026-08-25T12:49:13
================================================================================
[2026-08-25T12:50:05.930+0000] {manager.py:879} INFO - 
================================================================================
DAG File Processing Stats

File Path                               PID    Runtime      # DAGs    # Errors  Last Runtime    Last Run
--------------------------------------  -----  ---------  --------  ----------  --------------  -------------------
/opt/airflow/dags/news_pipeline_dag.py                           1           0  0.80s           2026-08-25T12:49:44
================================================================================
[2026-08-25T12:50:27.997+0000] {manager.py:738} INFO - Searching for files in /opt/airflow/dags
[2026-08-25T12:50:27.998+0000] {manager.py:741} INFO - There are 1 files in /opt/airflow/dags
[2026-08-25T12:50:36.029+0000] {manager.py:879} INFO - 
================================================================================
DAG File Processing Stats

File Path                               PID    Runtime      # DAGs    # Errors  Last Runtime    Last Run
--------------------------------------  -----  ---------  --------  ----------  --------------  -------------------
/opt/airflow/dags/news_pipeline_dag.py                           1           0  0.73s           2026-08-25T12:50:15
================================================================================
[2026-08-25T12:51:06.382+0000] {manager.py:879} INFO - 
================================================================================
DAG File Processing Stats

File Path                               PID    Runtime      # DAGs    # Errors  Last Runtime    Last Run
--------------------------------------  -----  ---------  --------  ----------  --------------  -------------------
/opt/airflow/dags/news_pipeline_dag.py                           1           0  0.60s           2026-08-25T12:50:45
================================================================================
[2026-08-25T12:51:36.472+0000] {manager.py:879} INFO - 
================================================================================
DAG File Processing Stats

File Path                               PID    Runtime      # DAGs    # Errors  Last Runtime    Last Run
--------------------------------------  -----  ---------  --------  ----------  --------------  -------------------
/opt/airflow/dags/news_pipeline_dag.py                           1           0  0.59s           2026-08-25T12:51:16
================================================================================
[2026-08-25T12:52:06.748+0000] {manager.py:879} INFO - 
================================================================================
DAG File Processing Stats

File Path                               PID    Runtime      # DAGs    # Errors  Last Runtime    Last Run
--------------------------------------  -----  ---------  --------  ----------  --------------  -------------------
/opt/airflow/dags/news_pipeline_dag.py                           1           0  0.72s           2026-08-25T12:51:47
================================================================================
[2026-08-25T12:52:36.839+0000] {manager.py:879} INFO - 
================================================================================
DAG File Processing Stats

File Path                               PID    Runtime      # DAGs    # Errors  Last Runtime    Last Run
--------------------------------------  -----  ---------  --------  ----------  --------------  -------------------
/opt/airflow/dags/news_pipeline_dag.py                           1           0  0.72s           2026-08-25T12:52:18
================================================================================
[2026-08-25T12:53:06.933+0000] {manager.py:879} INFO - 
================================================================================
DAG File Processing Stats

File Path                               PID    Runtime      # DAGs    # Errors  Last Runtime    Last Run
--------------------------------------  -----  ---------  --------  ----------  --------------  -------------------
/opt/airflow/dags/news_pipeline_dag.py                           1           0  0.72s           2026-08-25T12:52:49
================================================================================
[2026-08-25T12:53:37.163+0000] {manager.py:879} INFO - 
================================================================================
DAG File Processing Stats

File Path                               PID    Runtime      # DAGs    # Errors  Last Runtime    Last Run
--------------------------------------  -----  ---------  --------  ----------  --------------  -------------------
/opt/airflow/dags/news_pipeline_dag.py                           1           0  0.61s           2026-08-25T12:53:19
================================================================================
[2026-08-25T12:54:07.254+0000] {manager.py:879} INFO - 
================================================================================
DAG File Processing Stats

File Path                               PID    Runtime      # DAGs    # Errors  Last Runtime    Last Run
--------------------------------------  -----  ---------  --------  ----------  --------------  -------------------
/opt/airflow/dags/news_pipeline_dag.py                           1           0  0.62s           2026-08-25T12:53:50
================================================================================
[2026-08-25T12:54:37.564+0000] {manager.py:879} INFO - 
================================================================================
DAG File Processing Stats

File Path                               PID    Runtime      # DAGs    # Errors  Last Runtime    Last Run
--------------------------------------  -----  ---------  --------  ----------  --------------  -------------------
/opt/airflow/dags/news_pipeline_dag.py                           1           0  0.62s           2026-08-25T12:54:21
================================================================================
[2026-08-25T12:55:07.658+0000] {manager.py:879} INFO - 
================================================================================
DAG File Processing Stats

File Path                               PID    Runtime      # DAGs    # Errors  Last Runtime    Last Run
--------------------------------------  -----  ---------  --------  ----------  --------------  -------------------
/opt/airflow/dags/news_pipeline_dag.py                           1           0  0.76s           2026-08-25T12:54:51
================================================================================
[2026-08-25T12:55:28.723+0000] {manager.py:738} INFO - Searching for files in /opt/airflow/dags
[2026-08-25T12:55:28.724+0000] {manager.py:741} INFO - There are 1 files in /opt/airflow/dags
[2026-08-25T12:55:37.764+0000] {manager.py:879} INFO - 
================================================================================
DAG File Processing Stats

File Path                               PID    Runtime      # DAGs    # Errors  Last Runtime    Last Run
--------------------------------------  -----  ---------  --------  ----------  --------------  -------------------
/opt/airflow/dags/news_pipeline_dag.py                           1           0  0.73s           2026-08-25T12:55:22
================================================================================
[2026-08-25T12:56:07.918+0000] {manager.py:879} INFO - 
================================================================================
DAG File Processing Stats

File Path                               PID    Runtime      # DAGs    # Errors  Last Runtime    Last Run
--------------------------------------  -----  ---------  --------  ----------  --------------  -------------------
/opt/airflow/dags/news_pipeline_dag.py                           1           0  0.72s           2026-08-25T12:55:53
================================================================================
[2026-08-25T12:56:38.016+0000] {manager.py:879} INFO - 
================================================================================
DAG File Processing Stats

File Path                               PID    Runtime      # DAGs    # Errors  Last Runtime    Last Run
--------------------------------------  -----  ---------  --------  ----------  --------------  -------------------
/opt/airflow/dags/news_pipeline_dag.py                           1           0  0.61s           2026-08-25T12:56:24
================================================================================
[2026-08-25T12:57:08.361+0000] {manager.py:879} INFO - 
================================================================================
DAG File Processing Stats

File Path                               PID    Runtime      # DAGs    # Errors  Last Runtime    Last Run
--------------------------------------  -----  ---------  --------  ----------  --------------  -------------------
/opt/airflow/dags/news_pipeline_dag.py                           1           0  0.59s           2026-08-25T12:56:54
================================================================================
[2026-08-25T12:57:38.456+0000] {manager.py:879} INFO - 
================================================================================
DAG File Processing Stats

File Path                               PID    Runtime      # DAGs    # Errors  Last Runtime    Last Run
--------------------------------------  -----  ---------  --------  ----------  --------------  -------------------
/opt/airflow/dags/news_pipeline_dag.py                           1           0  0.59s           2026-08-25T12:57:25
================================================================================
[2026-08-25T12:58:08.711+0000] {manager.py:879} INFO - 
================================================================================
DAG File Processing Stats

File Path                               PID    Runtime      # DAGs    # Errors  Last Runtime    Last Run
--------------------------------------  -----  ---------  --------  ----------  --------------  -------------------
/opt/airflow/dags/news_pipeline_dag.py                           1           0  0.74s           2026-08-25T12:57:56
================================================================================
[2026-08-25T12:58:38.799+0000] {manager.py:879} INFO - 
================================================================================
DAG File Processing Stats

File Path                               PID    Runtime      # DAGs    # Errors  Last Runtime    Last Run
--------------------------------------  -----  ---------  --------  ----------  --------------  -------------------
/opt/airflow/dags/news_pipeline_dag.py                           1           0  0.75s           2026-08-25T12:58:27
================================================================================
[2026-08-25T12:59:08.892+0000] {manager.py:879} INFO - 
================================================================================
DAG File Processing Stats

File Path                               PID    Runtime      # DAGs    # Errors  Last Runtime    Last Run
--------------------------------------  -----  ---------  --------  ----------  --------------  -------------------
/opt/airflow/dags/news_pipeline_dag.py                           1           0  0.77s           2026-08-25T12:58:58
================================================================================
[2026-08-25T12:59:39.232+0000] {manager.py:879} INFO - 
================================================================================
DAG File Processing Stats

File Path                               PID    Runtime      # DAGs    # Errors  Last Runtime    Last Run
--------------------------------------  -----  ---------  --------  ----------  --------------  -------------------
/opt/airflow/dags/news_pipeline_dag.py                           1           0  0.65s           2026-08-25T12:59:28
================================================================================
[2026-08-25T13:00:09.324+0000] {manager.py:879} INFO - 
================================================================================
DAG File Processing Stats

File Path                               PID    Runtime      # DAGs    # Errors  Last Runtime    Last Run
--------------------------------------  -----  ---------  --------  ----------  --------------  -------------------
/opt/airflow/dags/news_pipeline_dag.py                           1           0  0.60s           2026-08-25T12:59:59
================================================================================
[2026-08-25T13:00:29.387+0000] {manager.py:738} INFO - Searching for files in /opt/airflow/dags
[2026-08-25T13:00:29.389+0000] {manager.py:741} INFO - There are 1 files in /opt/airflow/dags
[2026-08-25T13:00:39.375+0000] {manager.py:879} INFO - 
================================================================================
DAG File Processing Stats

File Path                               PID    Runtime      # DAGs    # Errors  Last Runtime    Last Run
--------------------------------------  -----  ---------  --------  ----------  --------------  -------------------
/opt/airflow/dags/news_pipeline_dag.py                           1           0  0.72s           2026-08-25T13:00:30
================================================================================
[2026-08-25T13:01:09.742+0000] {manager.py:879} INFO - 
================================================================================
DAG File Processing Stats

File Path                               PID    Runtime      # DAGs    # Errors  Last Runtime    Last Run
--------------------------------------  -----  ---------  --------  ----------  --------------  -------------------
/opt/airflow/dags/news_pipeline_dag.py                           1           0  0.78s           2026-08-25T13:01:01
================================================================================
[2026-08-25T13:01:39.834+0000] {manager.py:879} INFO - 
================================================================================
DAG File Processing Stats

File Path                               PID    Runtime      # DAGs    # Errors  Last Runtime    Last Run
--------------------------------------  -----  ---------  --------  ----------  --------------  -------------------
/opt/airflow/dags/news_pipeline_dag.py                           1           0  0.74s           2026-08-25T13:01:32
================================================================================
[2026-08-25T13:02:09.929+0000] {manager.py:879} INFO - 
================================================================================
DAG File Processing Stats

File Path                               PID    Runtime      # DAGs    # Errors  Last Runtime    Last Run
--------------------------------------  -----  ---------  --------  ----------  --------------  -------------------
/opt/airflow/dags/news_pipeline_dag.py                           1           0  0.81s           2026-08-25T13:02:02
================================================================================
[2026-08-25T13:02:40.037+0000] {manager.py:879} INFO - 
================================================================================
DAG File Processing Stats

File Path                               PID    Runtime      # DAGs    # Errors  Last Runtime    Last Run
--------------------------------------  -----  ---------  --------  ----------  --------------  -------------------
/opt/airflow/dags/news_pipeline_dag.py                           1           0  0.61s           2026-08-25T13:02:33
================================================================================
[2026-08-25T13:03:10.130+0000] {manager.py:879} INFO - 
================================================================================
DAG File Processing Stats

File Path                               PID    Runtime      # DAGs    # Errors  Last Runtime    Last Run
--------------------------------------  -----  ---------  --------  ----------  --------------  -------------------
/opt/airflow/dags/news_pipeline_dag.py                           1           0  0.59s           2026-08-25T13:03:04
================================================================================
[2026-08-25T13:03:40.169+0000] {manager.py:879} INFO - 
================================================================================
DAG File Processing Stats

File Path                               PID    Runtime      # DAGs    # Errors  Last Runtime    Last Run
--------------------------------------  -----  ---------  --------  ----------  --------------  -------------------
/opt/airflow/dags/news_pipeline_dag.py                           1           0  0.76s           2026-08-25T13:03:35
================================================================================
[2026-08-25T13:04:10.230+0000] {manager.py:879} INFO - 
================================================================================
DAG File Processing Stats

File Path                               PID    Runtime      # DAGs    # Errors  Last Runtime    Last Run
--------------------------------------  -----  ---------  --------  ----------  --------------  -------------------
/opt/airflow/dags/news_pipeline_dag.py                           1           0  0.97s           2026-08-25T13:04:06
================================================================================
[2026-08-25T13:04:40.304+0000] {manager.py:879} INFO - 
================================================================================
DAG File Processing Stats

File Path                               PID    Runtime      # DAGs    # Errors  Last Runtime    Last Run
--------------------------------------  -----  ---------  --------  ----------  --------------  -------------------
/opt/airflow/dags/news_pipeline_dag.py                           1           0  0.98s           2026-08-25T13:04:37
================================================================================
[2026-08-25T13:05:10.690+0000] {manager.py:879} INFO - 
================================================================================
DAG File Processing Stats

File Path                               PID    Runtime      # DAGs    # Errors  Last Runtime    Last Run
--------------------------------------  -----  ---------  --------  ----------  --------------  -------------------
/opt/airflow/dags/news_pipeline_dag.py                           1           0  0.81s           2026-08-25T13:05:08
================================================================================
[2026-08-25T13:05:29.745+0000] {manager.py:738} INFO - Searching for files in /opt/airflow/dags
[2026-08-25T13:05:29.747+0000] {manager.py:741} INFO - There are 1 files in /opt/airflow/dags
[2026-08-25T13:05:40.792+0000] {manager.py:879} INFO - 
================================================================================
DAG File Processing Stats

File Path                               PID    Runtime      # DAGs    # Errors  Last Runtime    Last Run
--------------------------------------  -----  ---------  --------  ----------  --------------  -------------------
/opt/airflow/dags/news_pipeline_dag.py                           1           0  0.75s           2026-08-25T13:05:39
================================================================================
[2026-08-25T13:06:11.134+0000] {manager.py:879} INFO - 
================================================================================
DAG File Processing Stats

File Path                               PID    Runtime      # DAGs    # Errors  Last Runtime    Last Run
--------------------------------------  -----  ---------  --------  ----------  --------------  -------------------
/opt/airflow/dags/news_pipeline_dag.py                           1           0  0.61s           2026-08-25T13:06:09
================================================================================
[2026-08-25T13:06:41.231+0000] {manager.py:879} INFO - 
================================================================================
DAG File Processing Stats

File Path                               PID    Runtime      # DAGs    # Errors  Last Runtime    Last Run
--------------------------------------  -----  ---------  --------  ----------  --------------  -------------------
/opt/airflow/dags/news_pipeline_dag.py                           1           0  0.74s           2026-08-25T13:06:40
================================================================================
[2026-08-25T13:07:11.321+0000] {manager.py:879} INFO - 
================================================================================
DAG File Processing Stats

File Path                                 PID  Runtime      # DAGs    # Errors  Last Runtime    Last Run
--------------------------------------  -----  ---------  --------  ----------  --------------  -------------------
/opt/airflow/dags/news_pipeline_dag.py    369  0.67s             1           0  0.74s           2026-08-25T13:06:40
================================================================================
[2026-08-25T13:07:41.417+0000] {manager.py:879} INFO - 
================================================================================
DAG File Processing Stats

File Path                               PID    Runtime      # DAGs    # Errors  Last Runtime    Last Run
--------------------------------------  -----  ---------  --------  ----------  --------------  -------------------
/opt/airflow/dags/news_pipeline_dag.py                           1           0  0.87s           2026-08-25T13:07:11
================================================================================
[2026-08-25T13:08:11.462+0000] {manager.py:879} INFO - 
================================================================================
DAG File Processing Stats

File Path                               PID    Runtime      # DAGs    # Errors  Last Runtime    Last Run
--------------------------------------  -----  ---------  --------  ----------  --------------  -------------------
/opt/airflow/dags/news_pipeline_dag.py                           1           0  0.76s           2026-08-25T13:07:42
================================================================================
[2026-08-25T13:08:41.798+0000] {manager.py:879} INFO - 
================================================================================
DAG File Processing Stats

File Path                               PID    Runtime      # DAGs    # Errors  Last Runtime    Last Run
--------------------------------------  -----  ---------  --------  ----------  --------------  -------------------
/opt/airflow/dags/news_pipeline_dag.py                           1           0  0.75s           2026-08-25T13:08:13
================================================================================
[2026-08-25T13:09:11.886+0000] {manager.py:879} INFO - 
================================================================================
DAG File Processing Stats

File Path                               PID    Runtime      # DAGs    # Errors  Last Runtime    Last Run
--------------------------------------  -----  ---------  --------  ----------  --------------  -------------------
/opt/airflow/dags/news_pipeline_dag.py                           1           0  0.73s           2026-08-25T13:08:44
================================================================================
[2026-08-25T13:09:42.216+0000] {manager.py:879} INFO - 
================================================================================
DAG File Processing Stats

File Path                               PID    Runtime      # DAGs    # Errors  Last Runtime    Last Run
--------------------------------------  -----  ---------  --------  ----------  --------------  -------------------
/opt/airflow/dags/news_pipeline_dag.py                           1           0  0.62s           2026-08-25T13:09:14
================================================================================
[2026-08-25T13:10:12.303+0000] {manager.py:879} INFO - 
================================================================================
DAG File Processing Stats

File Path                               PID    Runtime      # DAGs    # Errors  Last Runtime    Last Run
--------------------------------------  -----  ---------  --------  ----------  --------------  -------------------
/opt/airflow/dags/news_pipeline_dag.py                           1           0  0.78s           2026-08-25T13:09:45
================================================================================
[2026-08-25T13:10:30.369+0000] {manager.py:738} INFO - Searching for files in /opt/airflow/dags
[2026-08-25T13:10:30.370+0000] {manager.py:741} INFO - There are 1 files in /opt/airflow/dags
[2026-08-25T13:10:42.416+0000] {manager.py:879} INFO - 
================================================================================
DAG File Processing Stats

File Path                               PID    Runtime      # DAGs    # Errors  Last Runtime    Last Run
--------------------------------------  -----  ---------  --------  ----------  --------------  -------------------
/opt/airflow/dags/news_pipeline_dag.py                           1           0  0.74s           2026-08-25T13:10:16
================================================================================
[2026-08-25T13:11:12.623+0000] {manager.py:879} INFO - 
================================================================================
DAG File Processing Stats

File Path                               PID    Runtime      # DAGs    # Errors  Last Runtime    Last Run
--------------------------------------  -----  ---------  --------  ----------  --------------  -------------------
/opt/airflow/dags/news_pipeline_dag.py                           1           0  0.75s           2026-08-25T13:10:47
================================================================================
[2026-08-25T13:11:42.715+0000] {manager.py:879} INFO - 
================================================================================
DAG File Processing Stats

File Path                               PID    Runtime      # DAGs    # Errors  Last Runtime    Last Run
--------------------------------------  -----  ---------  --------  ----------  --------------  -------------------
/opt/airflow/dags/news_pipeline_dag.py                           1           0  0.75s           2026-08-25T13:11:18
================================================================================
[2026-08-25T13:12:12.825+0000] {manager.py:879} INFO - 
================================================================================
DAG File Processing Stats

File Path                               PID    Runtime      # DAGs    # Errors  Last Runtime    Last Run
--------------------------------------  -----  ---------  --------  ----------  --------------  -------------------
/opt/airflow/dags/news_pipeline_dag.py                           1           0  0.61s           2026-08-25T13:11:48
================================================================================
[2026-08-25T13:12:43.002+0000] {manager.py:879} INFO - 
================================================================================
DAG File Processing Stats

File Path                               PID    Runtime      # DAGs    # Errors  Last Runtime    Last Run
--------------------------------------  -----  ---------  --------  ----------  --------------  -------------------
/opt/airflow/dags/news_pipeline_dag.py                           1           0  0.78s           2026-08-25T13:12:19
================================================================================
[2026-08-25T13:13:13.092+0000] {manager.py:879} INFO - 
================================================================================
DAG File Processing Stats

File Path                               PID    Runtime      # DAGs    # Errors  Last Runtime    Last Run
--------------------------------------  -----  ---------  --------  ----------  --------------  -------------------
/opt/airflow/dags/news_pipeline_dag.py                           1           0  0.79s           2026-08-25T13:12:50
================================================================================
[2026-08-25T13:13:43.189+0000] {manager.py:879} INFO - 
================================================================================
DAG File Processing Stats

File Path                               PID    Runtime      # DAGs    # Errors  Last Runtime    Last Run
--------------------------------------  -----  ---------  --------  ----------  --------------  -------------------
/opt/airflow/dags/news_pipeline_dag.py                           1           0  0.78s           2026-08-25T13:13:21
================================================================================
[2026-08-25T13:14:13.289+0000] {manager.py:879} INFO - 
================================================================================
DAG File Processing Stats

File Path                               PID    Runtime      # DAGs    # Errors  Last Runtime    Last Run
--------------------------------------  -----  ---------  --------  ----------  --------------  -------------------
/opt/airflow/dags/news_pipeline_dag.py                           1           0  0.96s           2026-08-25T13:13:52
================================================================================
[2026-08-25T13:14:43.400+0000] {manager.py:879} INFO - 
================================================================================
DAG File Processing Stats

File Path                               PID    Runtime      # DAGs    # Errors  Last Runtime    Last Run
--------------------------------------  -----  ---------  --------  ----------  --------------  -------------------
/opt/airflow/dags/news_pipeline_dag.py                           1           0  0.84s           2026-08-25T13:14:23
================================================================================
[2026-08-25T13:15:13.506+0000] {manager.py:879} INFO - 
================================================================================
DAG File Processing Stats

File Path                               PID    Runtime      # DAGs    # Errors  Last Runtime    Last Run
--------------------------------------  -----  ---------  --------  ----------  --------------  -------------------
/opt/airflow/dags/news_pipeline_dag.py                           1           0  0.59s           2026-08-25T13:14:54
================================================================================
[2026-08-25T13:15:30.557+0000] {manager.py:738} INFO - Searching for files in /opt/airflow/dags
[2026-08-25T13:15:30.558+0000] {manager.py:741} INFO - There are 1 files in /opt/airflow/dags
[2026-08-25T13:15:43.605+0000] {manager.py:879} INFO - 
================================================================================
DAG File Processing Stats

File Path                               PID    Runtime      # DAGs    # Errors  Last Runtime    Last Run
--------------------------------------  -----  ---------  --------  ----------  --------------  -------------------
/opt/airflow/dags/news_pipeline_dag.py                           1           0  0.73s           2026-08-25T13:15:24
================================================================================
[2026-08-25T13:16:13.701+0000] {manager.py:879} INFO - 
================================================================================
DAG File Processing Stats

File Path                               PID    Runtime      # DAGs    # Errors  Last Runtime    Last Run
--------------------------------------  -----  ---------  --------  ----------  --------------  -------------------
/opt/airflow/dags/news_pipeline_dag.py                           1           0  0.71s           2026-08-25T13:15:55
================================================================================
[2026-08-25T13:16:44.090+0000] {manager.py:879} INFO - 
================================================================================
DAG File Processing Stats

File Path                               PID    Runtime      # DAGs    # Errors  Last Runtime    Last Run
--------------------------------------  -----  ---------  --------  ----------  --------------  -------------------
/opt/airflow/dags/news_pipeline_dag.py                           1           0  0.81s           2026-08-25T13:16:26
================================================================================
[2026-08-25T13:17:14.188+0000] {manager.py:879} INFO - 
================================================================================
DAG File Processing Stats

File Path                               PID    Runtime      # DAGs    # Errors  Last Runtime    Last Run
--------------------------------------  -----  ---------  --------  ----------  --------------  -------------------
/opt/airflow/dags/news_pipeline_dag.py                           1           0  0.73s           2026-08-25T13:16:57
================================================================================
[2026-08-25T13:17:44.266+0000] {manager.py:879} INFO - 
================================================================================
DAG File Processing Stats

File Path                               PID    Runtime      # DAGs    # Errors  Last Runtime    Last Run
--------------------------------------  -----  ---------  --------  ----------  --------------  -------------------
/opt/airflow/dags/news_pipeline_dag.py                           1           0  0.76s           2026-08-25T13:17:28
================================================================================
[2026-08-25T13:18:14.602+0000] {manager.py:879} INFO - 
================================================================================
DAG File Processing Stats

File Path                               PID    Runtime      # DAGs    # Errors  Last Runtime    Last Run
--------------------------------------  -----  ---------  --------  ----------  --------------  -------------------
/opt/airflow/dags/news_pipeline_dag.py                           1           0  0.63s           2026-08-25T13:17:58
================================================================================
[2026-08-25T13:18:44.695+0000] {manager.py:879} INFO - 
================================================================================
DAG File Processing Stats

File Path                               PID    Runtime      # DAGs    # Errors  Last Runtime    Last Run
--------------------------------------  -----  ---------  --------  ----------  --------------  -------------------
/opt/airflow/dags/news_pipeline_dag.py                           1           0  0.88s           2026-08-25T13:18:29
================================================================================
[2026-08-25T13:19:14.786+0000] {manager.py:879} INFO - 
================================================================================
DAG File Processing Stats

File Path                               PID    Runtime      # DAGs    # Errors  Last Runtime    Last Run
--------------------------------------  -----  ---------  --------  ----------  --------------  -------------------
/opt/airflow/dags/news_pipeline_dag.py                           1           0  0.80s           2026-08-25T13:19:00
================================================================================
[2026-08-25T13:19:44.937+0000] {manager.py:879} INFO - 
================================================================================
DAG File Processing Stats

File Path                               PID    Runtime      # DAGs    # Errors  Last Runtime    Last Run
--------------------------------------  -----  ---------  --------  ----------  --------------  -------------------
/opt/airflow/dags/news_pipeline_dag.py                           1           0  0.79s           2026-08-25T13:19:31
================================================================================
[2026-08-25T13:20:15.034+0000] {manager.py:879} INFO - 
================================================================================
DAG File Processing Stats

File Path                               PID    Runtime      # DAGs    # Errors  Last Runtime    Last Run
--------------------------------------  -----  ---------  --------  ----------  --------------  -------------------
/opt/airflow/dags/news_pipeline_dag.py                           1           0  0.83s           2026-08-25T13:20:02
================================================================================
[2026-08-25T13:20:30.655+0000] {manager.py:738} INFO - Searching for files in /opt/airflow/dags
[2026-08-25T13:20:30.657+0000] {manager.py:741} INFO - There are 1 files in /opt/airflow/dags
[2026-08-25T13:20:45.142+0000] {manager.py:879} INFO - 
================================================================================
DAG File Processing Stats

File Path                               PID    Runtime      # DAGs    # Errors  Last Runtime    Last Run
--------------------------------------  -----  ---------  --------  ----------  --------------  -------------------
/opt/airflow/dags/news_pipeline_dag.py                           1           0  0.83s           2026-08-25T13:20:33
================================================================================
[2026-08-25T13:21:15.248+0000] {manager.py:879} INFO - 
================================================================================
DAG File Processing Stats

File Path                               PID    Runtime      # DAGs    # Errors  Last Runtime    Last Run
--------------------------------------  -----  ---------  --------  ----------  --------------  -------------------
/opt/airflow/dags/news_pipeline_dag.py                           1           0  0.62s           2026-08-25T13:21:04
================================================================================
[2026-08-25T13:21:45.357+0000] {manager.py:879} INFO - 
================================================================================
DAG File Processing Stats

File Path                               PID    Runtime      # DAGs    # Errors  Last Runtime    Last Run
--------------------------------------  -----  ---------  --------  ----------  --------------  -------------------
/opt/airflow/dags/news_pipeline_dag.py                           1           0  0.81s           2026-08-25T13:21:35
================================================================================
[2026-08-25T13:22:15.461+0000] {manager.py:879} INFO - 
================================================================================
DAG File Processing Stats

File Path                               PID    Runtime      # DAGs    # Errors  Last Runtime    Last Run
--------------------------------------  -----  ---------  --------  ----------  --------------  -------------------
/opt/airflow/dags/news_pipeline_dag.py                           1           0  0.84s           2026-08-25T13:22:06
================================================================================
[2026-08-25T13:22:45.559+0000] {manager.py:879} INFO - 
================================================================================
DAG File Processing Stats

File Path                               PID    Runtime      # DAGs    # Errors  Last Runtime    Last Run
--------------------------------------  -----  ---------  --------  ----------  --------------  -------------------
/opt/airflow/dags/news_pipeline_dag.py                           1           0  0.89s           2026-08-25T13:22:37
================================================================================
[2026-08-25T13:23:15.661+0000] {manager.py:879} INFO - 
================================================================================
DAG File Processing Stats

File Path                               PID    Runtime      # DAGs    # Errors  Last Runtime    Last Run
--------------------------------------  -----  ---------  --------  ----------  --------------  -------------------
/opt/airflow/dags/news_pipeline_dag.py                           1           0  0.93s           2026-08-25T13:23:08
================================================================================
[2026-08-25T13:23:45.756+0000] {manager.py:879} INFO - 
================================================================================
DAG File Processing Stats

File Path                               PID    Runtime      # DAGs    # Errors  Last Runtime    Last Run
--------------------------------------  -----  ---------  --------  ----------  --------------  -------------------
/opt/airflow/dags/news_pipeline_dag.py                           1           0  0.79s           2026-08-25T13:23:38
================================================================================
[2026-08-25T13:24:15.857+0000] {manager.py:879} INFO - 
================================================================================
DAG File Processing Stats

File Path                               PID    Runtime      # DAGs    # Errors  Last Runtime    Last Run
--------------------------------------  -----  ---------  --------  ----------  --------------  -------------------
/opt/airflow/dags/news_pipeline_dag.py                           1           0  0.80s           2026-08-25T13:24:09
================================================================================
[2026-08-25T13:24:45.967+0000] {manager.py:879} INFO - 
================================================================================
DAG File Processing Stats

File Path                               PID    Runtime      # DAGs    # Errors  Last Runtime    Last Run
--------------------------------------  -----  ---------  --------  ----------  --------------  -------------------
/opt/airflow/dags/news_pipeline_dag.py                           1           0  0.81s           2026-08-25T13:24:40
================================================================================
[2026-08-25T13:25:16.061+0000] {manager.py:879} INFO - 
================================================================================
DAG File Processing Stats

File Path                               PID    Runtime      # DAGs    # Errors  Last Runtime    Last Run
--------------------------------------  -----  ---------  --------  ----------  --------------  -------------------
/opt/airflow/dags/news_pipeline_dag.py                           1           0  0.81s           2026-08-25T13:25:11
================================================================================
[2026-08-25T13:25:30.722+0000] {manager.py:738} INFO - Searching for files in /opt/airflow/dags
[2026-08-25T13:25:30.723+0000] {manager.py:741} INFO - There are 1 files in /opt/airflow/dags
[2026-08-25T13:25:46.155+0000] {manager.py:879} INFO - 
================================================================================
DAG File Processing Stats

File Path                               PID    Runtime      # DAGs    # Errors  Last Runtime    Last Run
--------------------------------------  -----  ---------  --------  ----------  --------------  -------------------
/opt/airflow/dags/news_pipeline_dag.py                           1           0  0.78s           2026-08-25T13:25:42
================================================================================
[2026-08-25T13:26:16.255+0000] {manager.py:879} INFO - 
================================================================================
DAG File Processing Stats

File Path                               PID    Runtime      # DAGs    # Errors  Last Runtime    Last Run
--------------------------------------  -----  ---------  --------  ----------  --------------  -------------------
/opt/airflow/dags/news_pipeline_dag.py                           1           0  0.76s           2026-08-25T13:26:13
================================================================================
[2026-08-25T13:26:46.267+0000] {manager.py:879} INFO - 
================================================================================
DAG File Processing Stats

File Path                               PID    Runtime      # DAGs    # Errors  Last Runtime    Last Run
--------------------------------------  -----  ---------  --------  ----------  --------------  -------------------
/opt/airflow/dags/news_pipeline_dag.py                           1           0  0.77s           2026-08-25T13:26:44
================================================================================
[2026-08-25T13:27:16.591+0000] {manager.py:879} INFO - 
================================================================================
DAG File Processing Stats

File Path                               PID    Runtime      # DAGs    # Errors  Last Runtime    Last Run
--------------------------------------  -----  ---------  --------  ----------  --------------  -------------------
/opt/airflow/dags/news_pipeline_dag.py                           1           0  0.85s           2026-08-25T13:27:15
================================================================================
[2026-08-25T13:27:46.689+0000] {manager.py:879} INFO - 
================================================================================
DAG File Processing Stats

File Path                               PID    Runtime      # DAGs    # Errors  Last Runtime    Last Run
--------------------------------------  -----  ---------  --------  ----------  --------------  -------------------
/opt/airflow/dags/news_pipeline_dag.py                           1           0  0.83s           2026-08-25T13:27:46
================================================================================
[2026-08-25T13:28:16.790+0000] {manager.py:879} INFO - 
================================================================================
DAG File Processing Stats

File Path                                 PID  Runtime      # DAGs    # Errors  Last Runtime    Last Run
--------------------------------------  -----  ---------  --------  ----------  --------------  -------------------
/opt/airflow/dags/news_pipeline_dag.py    492  0.58s             1           0  0.83s           2026-08-25T13:27:46
================================================================================
[2026-08-25T13:28:46.903+0000] {manager.py:879} INFO - 
================================================================================
DAG File Processing Stats

File Path                               PID    Runtime      # DAGs    # Errors  Last Runtime    Last Run
--------------------------------------  -----  ---------  --------  ----------  --------------  -------------------
/opt/airflow/dags/news_pipeline_dag.py                           1           0  0.83s           2026-08-25T13:28:17
================================================================================
[2026-08-25T13:29:16.995+0000] {manager.py:879} INFO - 
================================================================================
DAG File Processing Stats

File Path                               PID    Runtime      # DAGs    # Errors  Last Runtime    Last Run
--------------------------------------  -----  ---------  --------  ----------  --------------  -------------------
/opt/airflow/dags/news_pipeline_dag.py                           1           0  0.77s           2026-08-25T13:28:47
================================================================================
[2026-08-25T13:29:47.314+0000] {manager.py:879} INFO - 
================================================================================
DAG File Processing Stats

File Path                               PID    Runtime      # DAGs    # Errors  Last Runtime    Last Run
--------------------------------------  -----  ---------  --------  ----------  --------------  -------------------
/opt/airflow/dags/news_pipeline_dag.py                           1           0  0.74s           2026-08-25T13:29:18
================================================================================
[2026-08-25T13:30:17.410+0000] {manager.py:879} INFO - 
================================================================================
DAG File Processing Stats

File Path                               PID    Runtime      # DAGs    # Errors  Last Runtime    Last Run
--------------------------------------  -----  ---------  --------  ----------  --------------  -------------------
/opt/airflow/dags/news_pipeline_dag.py                           1           0  0.73s           2026-08-25T13:29:49
================================================================================
[2026-08-25T13:30:31.459+0000] {manager.py:738} INFO - Searching for files in /opt/airflow/dags
[2026-08-25T13:30:31.460+0000] {manager.py:741} INFO - There are 1 files in /opt/airflow/dags
[2026-08-25T13:30:47.519+0000] {manager.py:879} INFO - 
================================================================================
DAG File Processing Stats

File Path                               PID    Runtime      # DAGs    # Errors  Last Runtime    Last Run
--------------------------------------  -----  ---------  --------  ----------  --------------  -------------------
/opt/airflow/dags/news_pipeline_dag.py                           1           0  0.79s           2026-08-25T13:30:20
================================================================================
[2026-08-25T13:31:17.624+0000] {manager.py:879} INFO - 
================================================================================
DAG File Processing Stats

File Path                               PID    Runtime      # DAGs    # Errors  Last Runtime    Last Run
--------------------------------------  -----  ---------  --------  ----------  --------------  -------------------
/opt/airflow/dags/news_pipeline_dag.py                           1           0  0.82s           2026-08-25T13:30:51
================================================================================
[2026-08-25T13:31:47.715+0000] {manager.py:879} INFO - 
================================================================================
DAG File Processing Stats

File Path                               PID    Runtime      # DAGs    # Errors  Last Runtime    Last Run
--------------------------------------  -----  ---------  --------  ----------  --------------  -------------------
/opt/airflow/dags/news_pipeline_dag.py                           1           0  0.89s           2026-08-25T13:31:22
================================================================================
[2026-08-25T13:32:17.813+0000] {manager.py:879} INFO - 
================================================================================
DAG File Processing Stats

File Path                               PID    Runtime      # DAGs    # Errors  Last Runtime    Last Run
--------------------------------------  -----  ---------  --------  ----------  --------------  -------------------
/opt/airflow/dags/news_pipeline_dag.py                           1           0  0.75s           2026-08-25T13:31:53
================================================================================
[2026-08-25T13:32:47.909+0000] {manager.py:879} INFO - 
================================================================================
DAG File Processing Stats

File Path                               PID    Runtime      # DAGs    # Errors  Last Runtime    Last Run
--------------------------------------  -----  ---------  --------  ----------  --------------  -------------------
/opt/airflow/dags/news_pipeline_dag.py                           1           0  0.79s           2026-08-25T13:32:24
================================================================================
[2026-08-25T13:33:17.970+0000] {manager.py:879} INFO - 
================================================================================
DAG File Processing Stats

File Path                               PID    Runtime      # DAGs    # Errors  Last Runtime    Last Run
--------------------------------------  -----  ---------  --------  ----------  --------------  -------------------
/opt/airflow/dags/news_pipeline_dag.py                           1           0  0.76s           2026-08-25T13:32:54
================================================================================
[2026-08-25T13:33:48.306+0000] {manager.py:879} INFO - 
================================================================================
DAG File Processing Stats

File Path                               PID    Runtime      # DAGs    # Errors  Last Runtime    Last Run
--------------------------------------  -----  ---------  --------  ----------  --------------  -------------------
/opt/airflow/dags/news_pipeline_dag.py                           1           0  0.73s           2026-08-25T13:33:25
================================================================================
[2026-08-25T13:34:18.395+0000] {manager.py:879} INFO - 
================================================================================
DAG File Processing Stats

File Path                               PID    Runtime      # DAGs    # Errors  Last Runtime    Last Run
--------------------------------------  -----  ---------  --------  ----------  --------------  -------------------
/opt/airflow/dags/news_pipeline_dag.py                           1           0  0.80s           2026-08-25T13:33:56
================================================================================
[2026-08-25T13:34:48.509+0000] {manager.py:879} INFO - 
================================================================================
DAG File Processing Stats

File Path                               PID    Runtime      # DAGs    # Errors  Last Runtime    Last Run
--------------------------------------  -----  ---------  --------  ----------  --------------  -------------------
/opt/airflow/dags/news_pipeline_dag.py                           1           0  0.80s           2026-08-25T13:34:27
================================================================================
[2026-08-26T05:19:46.820+0000] {manager.py:469} INFO - Processing files using up to 2 processes at a time 
[2026-08-26T05:19:46.826+0000] {manager.py:470} INFO - Process each file at most once every 30 seconds
[2026-08-26T05:19:46.827+0000] {manager.py:471} INFO - Checking for new files in /opt/airflow/dags every 300 seconds
[2026-08-26T05:19:46.827+0000] {manager.py:738} INFO - Searching for files in /opt/airflow/dags
[2026-08-26T05:19:46.830+0000] {manager.py:741} INFO - There are 1 files in /opt/airflow/dags
[2026-08-26T05:19:47.449+0000] {manager.py:879} INFO - 
================================================================================
DAG File Processing Stats

File Path                                 PID  Runtime      # DAGs    # Errors  Last Runtime    Last Run
--------------------------------------  -----  ---------  --------  ----------  --------------  ----------
/opt/airflow/dags/news_pipeline_dag.py     93  0.13s             0           0
================================================================================
[2026-08-26T05:20:17.604+0000] {manager.py:879} INFO - 
================================================================================
DAG File Processing Stats

File Path                               PID    Runtime      # DAGs    # Errors  Last Runtime    Last Run
--------------------------------------  -----  ---------  --------  ----------  --------------  -------------------
/opt/airflow/dags/news_pipeline_dag.py                           1           0  3.28s           2026-08-26T05:19:50
================================================================================
[2026-08-26T05:20:47.833+0000] {manager.py:879} INFO - 
================================================================================
DAG File Processing Stats

File Path                               PID    Runtime      # DAGs    # Errors  Last Runtime    Last Run
--------------------------------------  -----  ---------  --------  ----------  --------------  -------------------
/opt/airflow/dags/news_pipeline_dag.py                           1           0  1.38s           2026-08-26T05:20:21
================================================================================
[2026-08-26T05:21:18.187+0000] {manager.py:879} INFO - 
================================================================================
DAG File Processing Stats

File Path                               PID    Runtime      # DAGs    # Errors  Last Runtime    Last Run
--------------------------------------  -----  ---------  --------  ----------  --------------  -------------------
/opt/airflow/dags/news_pipeline_dag.py                           1           0  0.61s           2026-08-26T05:20:52
================================================================================
[2026-08-26T05:21:48.286+0000] {manager.py:879} INFO - 
================================================================================
DAG File Processing Stats

File Path                               PID    Runtime      # DAGs    # Errors  Last Runtime    Last Run
--------------------------------------  -----  ---------  --------  ----------  --------------  -------------------
/opt/airflow/dags/news_pipeline_dag.py                           1           0  0.64s           2026-08-26T05:21:23
================================================================================
[2026-08-26T05:22:18.619+0000] {manager.py:879} INFO - 
================================================================================
DAG File Processing Stats

File Path                               PID    Runtime      # DAGs    # Errors  Last Runtime    Last Run
--------------------------------------  -----  ---------  --------  ----------  --------------  -------------------
/opt/airflow/dags/news_pipeline_dag.py                           1           0  0.58s           2026-08-26T05:21:54
================================================================================
[2026-08-26T05:22:48.716+0000] {manager.py:879} INFO - 
================================================================================
DAG File Processing Stats

File Path                               PID    Runtime      # DAGs    # Errors  Last Runtime    Last Run
--------------------------------------  -----  ---------  --------  ----------  --------------  -------------------
/opt/airflow/dags/news_pipeline_dag.py                           1           0  0.58s           2026-08-26T05:22:24
================================================================================
[2026-08-26T05:23:18.962+0000] {manager.py:879} INFO - 
================================================================================
DAG File Processing Stats

File Path                               PID    Runtime      # DAGs    # Errors  Last Runtime    Last Run
--------------------------------------  -----  ---------  --------  ----------  --------------  -------------------
/opt/airflow/dags/news_pipeline_dag.py                           1           0  0.57s           2026-08-26T05:22:55
================================================================================
[2026-08-26T05:23:49.056+0000] {manager.py:879} INFO - 
================================================================================
DAG File Processing Stats

File Path                               PID    Runtime      # DAGs    # Errors  Last Runtime    Last Run
--------------------------------------  -----  ---------  --------  ----------  --------------  -------------------
/opt/airflow/dags/news_pipeline_dag.py                           1           0  0.59s           2026-08-26T05:23:26
================================================================================
[2026-08-26T05:24:19.305+0000] {manager.py:879} INFO - 
================================================================================
DAG File Processing Stats

File Path                               PID    Runtime      # DAGs    # Errors  Last Runtime    Last Run
--------------------------------------  -----  ---------  --------  ----------  --------------  -------------------
/opt/airflow/dags/news_pipeline_dag.py                           1           0  0.59s           2026-08-26T05:23:56
================================================================================
[2026-08-26T05:24:47.394+0000] {manager.py:738} INFO - Searching for files in /opt/airflow/dags
[2026-08-26T05:24:47.396+0000] {manager.py:741} INFO - There are 1 files in /opt/airflow/dags
[2026-08-26T05:24:49.409+0000] {manager.py:879} INFO - 
================================================================================
DAG File Processing Stats

File Path                               PID    Runtime      # DAGs    # Errors  Last Runtime    Last Run
--------------------------------------  -----  ---------  --------  ----------  --------------  -------------------
/opt/airflow/dags/news_pipeline_dag.py                           1           0  0.62s           2026-08-26T05:24:27
================================================================================
[2026-08-26T05:25:19.698+0000] {manager.py:879} INFO - 
================================================================================
DAG File Processing Stats

File Path                               PID    Runtime      # DAGs    # Errors  Last Runtime    Last Run
--------------------------------------  -----  ---------  --------  ----------  --------------  -------------------
/opt/airflow/dags/news_pipeline_dag.py                           1           0  0.58s           2026-08-26T05:24:58
================================================================================
[2026-08-26T05:25:49.794+0000] {manager.py:879} INFO - 
================================================================================
DAG File Processing Stats

File Path                               PID    Runtime      # DAGs    # Errors  Last Runtime    Last Run
--------------------------------------  -----  ---------  --------  ----------  --------------  -------------------
/opt/airflow/dags/news_pipeline_dag.py                           1           0  0.68s           2026-08-26T05:25:28
================================================================================
[2026-08-26T05:26:20.148+0000] {manager.py:879} INFO - 
================================================================================
DAG File Processing Stats

File Path                               PID    Runtime      # DAGs    # Errors  Last Runtime    Last Run
--------------------------------------  -----  ---------  --------  ----------  --------------  -------------------
/opt/airflow/dags/news_pipeline_dag.py                           1           0  0.60s           2026-08-26T05:25:59
================================================================================
[2026-08-26T05:26:50.248+0000] {manager.py:879} INFO - 
================================================================================
DAG File Processing Stats

File Path                               PID    Runtime      # DAGs    # Errors  Last Runtime    Last Run
--------------------------------------  -----  ---------  --------  ----------  --------------  -------------------
/opt/airflow/dags/news_pipeline_dag.py                           1           0  0.63s           2026-08-26T05:26:30
================================================================================
[2026-08-26T05:27:20.566+0000] {manager.py:879} INFO - 
================================================================================
DAG File Processing Stats

File Path                               PID    Runtime      # DAGs    # Errors  Last Runtime    Last Run
--------------------------------------  -----  ---------  --------  ----------  --------------  -------------------
/opt/airflow/dags/news_pipeline_dag.py                           1           0  0.61s           2026-08-26T05:27:01
================================================================================
[2026-08-26T05:27:50.663+0000] {manager.py:879} INFO - 
================================================================================
DAG File Processing Stats

File Path                               PID    Runtime      # DAGs    # Errors  Last Runtime    Last Run
--------------------------------------  -----  ---------  --------  ----------  --------------  -------------------
/opt/airflow/dags/news_pipeline_dag.py                           1           0  0.64s           2026-08-26T05:27:31
================================================================================
[2026-08-26T05:28:21.006+0000] {manager.py:879} INFO - 
================================================================================
DAG File Processing Stats

File Path                               PID    Runtime      # DAGs    # Errors  Last Runtime    Last Run
--------------------------------------  -----  ---------  --------  ----------  --------------  -------------------
/opt/airflow/dags/news_pipeline_dag.py                           1           0  0.60s           2026-08-26T05:28:02
================================================================================
[2026-08-26T05:28:51.103+0000] {manager.py:879} INFO - 
================================================================================
DAG File Processing Stats

File Path                               PID    Runtime      # DAGs    # Errors  Last Runtime    Last Run
--------------------------------------  -----  ---------  --------  ----------  --------------  -------------------
/opt/airflow/dags/news_pipeline_dag.py                           1           0  0.62s           2026-08-26T05:28:33
================================================================================
[2026-08-26T05:29:21.413+0000] {manager.py:879} INFO - 
================================================================================
DAG File Processing Stats

File Path                               PID    Runtime      # DAGs    # Errors  Last Runtime    Last Run
--------------------------------------  -----  ---------  --------  ----------  --------------  -------------------
/opt/airflow/dags/news_pipeline_dag.py                           1           0  0.63s           2026-08-26T05:29:03
================================================================================
[2026-08-26T05:29:47.515+0000] {manager.py:738} INFO - Searching for files in /opt/airflow/dags
[2026-08-26T05:29:47.516+0000] {manager.py:741} INFO - There are 1 files in /opt/airflow/dags
[2026-08-26T05:29:51.536+0000] {manager.py:879} INFO - 
================================================================================
DAG File Processing Stats

File Path                               PID    Runtime      # DAGs    # Errors  Last Runtime    Last Run
--------------------------------------  -----  ---------  --------  ----------  --------------  -------------------
/opt/airflow/dags/news_pipeline_dag.py                           1           0  0.70s           2026-08-26T05:29:34
================================================================================
[2026-08-26T05:30:21.925+0000] {manager.py:879} INFO - 
================================================================================
DAG File Processing Stats

File Path                               PID    Runtime      # DAGs    # Errors  Last Runtime    Last Run
--------------------------------------  -----  ---------  --------  ----------  --------------  -------------------
/opt/airflow/dags/news_pipeline_dag.py                           1           0  0.61s           2026-08-26T05:30:05
================================================================================
[2026-08-26T05:30:52.031+0000] {manager.py:879} INFO - 
================================================================================
DAG File Processing Stats

File Path                               PID    Runtime      # DAGs    # Errors  Last Runtime    Last Run
--------------------------------------  -----  ---------  --------  ----------  --------------  -------------------
/opt/airflow/dags/news_pipeline_dag.py                           1           0  0.65s           2026-08-26T05:30:36
================================================================================
[2026-08-26T05:31:22.377+0000] {manager.py:879} INFO - 
================================================================================
DAG File Processing Stats

File Path                               PID    Runtime      # DAGs    # Errors  Last Runtime    Last Run
--------------------------------------  -----  ---------  --------  ----------  --------------  -------------------
/opt/airflow/dags/news_pipeline_dag.py                           1           0  0.61s           2026-08-26T05:31:06
================================================================================
[2026-08-26T05:31:52.472+0000] {manager.py:879} INFO - 
================================================================================
DAG File Processing Stats

File Path                               PID    Runtime      # DAGs    # Errors  Last Runtime    Last Run
--------------------------------------  -----  ---------  --------  ----------  --------------  -------------------
/opt/airflow/dags/news_pipeline_dag.py                           1           0  0.60s           2026-08-26T05:31:37
================================================================================
[2026-08-26T05:32:22.760+0000] {manager.py:879} INFO - 
================================================================================
DAG File Processing Stats

File Path                               PID    Runtime      # DAGs    # Errors  Last Runtime    Last Run
--------------------------------------  -----  ---------  --------  ----------  --------------  -------------------
/opt/airflow/dags/news_pipeline_dag.py                           1           0  0.58s           2026-08-26T05:32:08
================================================================================
[2026-08-26T05:32:52.855+0000] {manager.py:879} INFO - 
================================================================================
DAG File Processing Stats

File Path                               PID    Runtime      # DAGs    # Errors  Last Runtime    Last Run
--------------------------------------  -----  ---------  --------  ----------  --------------  -------------------
/opt/airflow/dags/news_pipeline_dag.py                           1           0  0.59s           2026-08-26T05:32:38
================================================================================
[2026-08-26T05:33:23.102+0000] {manager.py:879} INFO - 
================================================================================
DAG File Processing Stats

File Path                               PID    Runtime      # DAGs    # Errors  Last Runtime    Last Run
--------------------------------------  -----  ---------  --------  ----------  --------------  -------------------
/opt/airflow/dags/news_pipeline_dag.py                           1           0  0.58s           2026-08-26T05:33:09
================================================================================
[2026-08-26T05:33:53.193+0000] {manager.py:879} INFO - 
================================================================================
DAG File Processing Stats

File Path                               PID    Runtime      # DAGs    # Errors  Last Runtime    Last Run
--------------------------------------  -----  ---------  --------  ----------  --------------  -------------------
/opt/airflow/dags/news_pipeline_dag.py                           1           0  0.59s           2026-08-26T05:33:40
================================================================================
[2026-08-26T05:34:23.457+0000] {manager.py:879} INFO - 
================================================================================
DAG File Processing Stats

File Path                               PID    Runtime      # DAGs    # Errors  Last Runtime    Last Run
--------------------------------------  -----  ---------  --------  ----------  --------------  -------------------
/opt/airflow/dags/news_pipeline_dag.py                           1           0  0.58s           2026-08-26T05:34:10
================================================================================
[2026-08-26T05:34:47.539+0000] {manager.py:738} INFO - Searching for files in /opt/airflow/dags
[2026-08-26T05:34:47.540+0000] {manager.py:741} INFO - There are 1 files in /opt/airflow/dags
[2026-08-26T05:34:53.568+0000] {manager.py:879} INFO - 
================================================================================
DAG File Processing Stats

File Path                               PID    Runtime      # DAGs    # Errors  Last Runtime    Last Run
--------------------------------------  -----  ---------  --------  ----------  --------------  -------------------
/opt/airflow/dags/news_pipeline_dag.py                           1           0  0.58s           2026-08-26T05:34:41
================================================================================
[2026-08-26T05:35:23.790+0000] {manager.py:879} INFO - 
================================================================================
DAG File Processing Stats

File Path                               PID    Runtime      # DAGs    # Errors  Last Runtime    Last Run
--------------------------------------  -----  ---------  --------  ----------  --------------  -------------------
/opt/airflow/dags/news_pipeline_dag.py                           1           0  0.59s           2026-08-26T05:35:12
================================================================================
[2026-08-26T05:35:53.884+0000] {manager.py:879} INFO - 
================================================================================
DAG File Processing Stats

File Path                               PID    Runtime      # DAGs    # Errors  Last Runtime    Last Run
--------------------------------------  -----  ---------  --------  ----------  --------------  -------------------
/opt/airflow/dags/news_pipeline_dag.py                           1           0  0.65s           2026-08-26T05:35:43
================================================================================
[2026-08-26T05:36:24.213+0000] {manager.py:879} INFO - 
================================================================================
DAG File Processing Stats

File Path                               PID    Runtime      # DAGs    # Errors  Last Runtime    Last Run
--------------------------------------  -----  ---------  --------  ----------  --------------  -------------------
/opt/airflow/dags/news_pipeline_dag.py                           1           0  0.58s           2026-08-26T05:36:13
================================================================================
[2026-08-26T05:36:54.308+0000] {manager.py:879} INFO - 
================================================================================
DAG File Processing Stats

File Path                               PID    Runtime      # DAGs    # Errors  Last Runtime    Last Run
--------------------------------------  -----  ---------  --------  ----------  --------------  -------------------
/opt/airflow/dags/news_pipeline_dag.py                           1           0  0.60s           2026-08-26T05:36:44
================================================================================
[2026-08-26T05:37:24.571+0000] {manager.py:879} INFO - 
================================================================================
DAG File Processing Stats

File Path                               PID    Runtime      # DAGs    # Errors  Last Runtime    Last Run
--------------------------------------  -----  ---------  --------  ----------  --------------  -------------------
/opt/airflow/dags/news_pipeline_dag.py                           1           0  0.57s           2026-08-26T05:37:15
================================================================================
[2026-08-26T05:37:54.665+0000] {manager.py:879} INFO - 
================================================================================
DAG File Processing Stats

File Path                               PID    Runtime      # DAGs    # Errors  Last Runtime    Last Run
--------------------------------------  -----  ---------  --------  ----------  --------------  -------------------
/opt/airflow/dags/news_pipeline_dag.py                           1           0  0.63s           2026-08-26T05:37:45
================================================================================
[2026-08-26T05:38:24.683+0000] {manager.py:879} INFO - 
================================================================================
DAG File Processing Stats

File Path                               PID    Runtime      # DAGs    # Errors  Last Runtime    Last Run
--------------------------------------  -----  ---------  --------  ----------  --------------  -------------------
/opt/airflow/dags/news_pipeline_dag.py                           1           0  0.74s           2026-08-26T05:38:16
================================================================================
[2026-08-26T05:38:55.052+0000] {manager.py:879} INFO - 
================================================================================
DAG File Processing Stats

File Path                               PID    Runtime      # DAGs    # Errors  Last Runtime    Last Run
--------------------------------------  -----  ---------  --------  ----------  --------------  -------------------
/opt/airflow/dags/news_pipeline_dag.py                           1           0  0.72s           2026-08-26T05:38:47
================================================================================
[2026-08-26T05:39:25.153+0000] {manager.py:879} INFO - 
================================================================================
DAG File Processing Stats

File Path                               PID    Runtime      # DAGs    # Errors  Last Runtime    Last Run
--------------------------------------  -----  ---------  --------  ----------  --------------  -------------------
/opt/airflow/dags/news_pipeline_dag.py                           1           0  0.59s           2026-08-26T05:39:18
================================================================================
[2026-08-26T05:39:48.231+0000] {manager.py:738} INFO - Searching for files in /opt/airflow/dags
[2026-08-26T05:39:48.232+0000] {manager.py:741} INFO - There are 1 files in /opt/airflow/dags
[2026-08-26T05:39:55.272+0000] {manager.py:879} INFO - 
================================================================================
DAG File Processing Stats

File Path                               PID    Runtime      # DAGs    # Errors  Last Runtime    Last Run
--------------------------------------  -----  ---------  --------  ----------  --------------  -------------------
/opt/airflow/dags/news_pipeline_dag.py                           1           0  0.57s           2026-08-26T05:39:48
================================================================================
[2026-08-26T05:40:25.364+0000] {manager.py:879} INFO - 
================================================================================
DAG File Processing Stats

File Path                               PID    Runtime      # DAGs    # Errors  Last Runtime    Last Run
--------------------------------------  -----  ---------  --------  ----------  --------------  -------------------
/opt/airflow/dags/news_pipeline_dag.py                           1           0  0.57s           2026-08-26T05:40:19
================================================================================
[2026-08-26T05:40:55.585+0000] {manager.py:879} INFO - 
================================================================================
DAG File Processing Stats

File Path                               PID    Runtime      # DAGs    # Errors  Last Runtime    Last Run
--------------------------------------  -----  ---------  --------  ----------  --------------  -------------------
/opt/airflow/dags/news_pipeline_dag.py                           1           0  0.59s           2026-08-26T05:40:50
================================================================================
[2026-08-26T05:41:25.675+0000] {manager.py:879} INFO - 
================================================================================
DAG File Processing Stats

File Path                               PID    Runtime      # DAGs    # Errors  Last Runtime    Last Run
--------------------------------------  -----  ---------  --------  ----------  --------------  -------------------
/opt/airflow/dags/news_pipeline_dag.py                           1           0  0.57s           2026-08-26T05:41:20
================================================================================
[2026-08-26T05:41:55.926+0000] {manager.py:879} INFO - 
================================================================================
DAG File Processing Stats

File Path                               PID    Runtime      # DAGs    # Errors  Last Runtime    Last Run
--------------------------------------  -----  ---------  --------  ----------  --------------  -------------------
/opt/airflow/dags/news_pipeline_dag.py                           1           0  0.58s           2026-08-26T05:41:51
================================================================================
[2026-08-26T05:42:26.017+0000] {manager.py:879} INFO - 
================================================================================
DAG File Processing Stats

File Path                               PID    Runtime      # DAGs    # Errors  Last Runtime    Last Run
--------------------------------------  -----  ---------  --------  ----------  --------------  -------------------
/opt/airflow/dags/news_pipeline_dag.py                           1           0  0.57s           2026-08-26T05:42:22
================================================================================
[2026-08-26T05:42:56.255+0000] {manager.py:879} INFO - 
================================================================================
DAG File Processing Stats

File Path                               PID    Runtime      # DAGs    # Errors  Last Runtime    Last Run
--------------------------------------  -----  ---------  --------  ----------  --------------  -------------------
/opt/airflow/dags/news_pipeline_dag.py                           1           0  0.57s           2026-08-26T05:42:52
================================================================================
[2026-08-26T05:43:26.347+0000] {manager.py:879} INFO - 
================================================================================
DAG File Processing Stats

File Path                               PID    Runtime      # DAGs    # Errors  Last Runtime    Last Run
--------------------------------------  -----  ---------  --------  ----------  --------------  -------------------
/opt/airflow/dags/news_pipeline_dag.py                           1           0  0.59s           2026-08-26T05:43:23
================================================================================
[2026-08-26T05:43:56.598+0000] {manager.py:879} INFO - 
================================================================================
DAG File Processing Stats

File Path                               PID    Runtime      # DAGs    # Errors  Last Runtime    Last Run
--------------------------------------  -----  ---------  --------  ----------  --------------  -------------------
/opt/airflow/dags/news_pipeline_dag.py                           1           0  0.60s           2026-08-26T05:43:54
================================================================================
[2026-08-26T05:44:26.689+0000] {manager.py:879} INFO - 
================================================================================
DAG File Processing Stats

File Path                               PID    Runtime      # DAGs    # Errors  Last Runtime    Last Run
--------------------------------------  -----  ---------  --------  ----------  --------------  -------------------
/opt/airflow/dags/news_pipeline_dag.py                           1           0  0.59s           2026-08-26T05:44:24
================================================================================
[2026-08-26T05:44:48.755+0000] {manager.py:738} INFO - Searching for files in /opt/airflow/dags
[2026-08-26T05:44:48.756+0000] {manager.py:741} INFO - There are 1 files in /opt/airflow/dags
[2026-08-26T05:44:56.962+0000] {manager.py:879} INFO - 
================================================================================
DAG File Processing Stats

File Path                               PID    Runtime      # DAGs    # Errors  Last Runtime    Last Run
--------------------------------------  -----  ---------  --------  ----------  --------------  -------------------
/opt/airflow/dags/news_pipeline_dag.py                           1           0  0.58s           2026-08-26T05:44:55
================================================================================
[2026-08-26T05:45:27.059+0000] {manager.py:879} INFO - 
================================================================================
DAG File Processing Stats

File Path                               PID    Runtime      # DAGs    # Errors  Last Runtime    Last Run
--------------------------------------  -----  ---------  --------  ----------  --------------  -------------------
/opt/airflow/dags/news_pipeline_dag.py                           1           0  0.59s           2026-08-26T05:45:26
================================================================================
[2026-08-26T05:45:57.308+0000] {manager.py:879} INFO - 
================================================================================
DAG File Processing Stats

File Path                               PID    Runtime      # DAGs    # Errors  Last Runtime    Last Run
--------------------------------------  -----  ---------  --------  ----------  --------------  -------------------
/opt/airflow/dags/news_pipeline_dag.py                           1           0  0.57s           2026-08-26T05:45:56
================================================================================
[2026-08-26T05:46:27.399+0000] {manager.py:879} INFO - 
================================================================================
DAG File Processing Stats

File Path                                 PID  Runtime      # DAGs    # Errors  Last Runtime    Last Run
--------------------------------------  -----  ---------  --------  ----------  --------------  -------------------
/opt/airflow/dags/news_pipeline_dag.py    249  0.44s             1           0  0.57s           2026-08-26T05:45:56
================================================================================
[2026-08-26T05:46:57.493+0000] {manager.py:879} INFO - 
================================================================================
DAG File Processing Stats

File Path                               PID    Runtime      # DAGs    # Errors  Last Runtime    Last Run
--------------------------------------  -----  ---------  --------  ----------  --------------  -------------------
/opt/airflow/dags/news_pipeline_dag.py                           1           0  0.59s           2026-08-26T05:46:27
================================================================================
[2026-08-26T05:47:27.731+0000] {manager.py:879} INFO - 
================================================================================
DAG File Processing Stats

File Path                               PID    Runtime      # DAGs    # Errors  Last Runtime    Last Run
--------------------------------------  -----  ---------  --------  ----------  --------------  -------------------
/opt/airflow/dags/news_pipeline_dag.py                           1           0  0.58s           2026-08-26T05:46:58
================================================================================
[2026-08-26T05:47:57.834+0000] {manager.py:879} INFO - 
================================================================================
DAG File Processing Stats

File Path                               PID    Runtime      # DAGs    # Errors  Last Runtime    Last Run
--------------------------------------  -----  ---------  --------  ----------  --------------  -------------------
/opt/airflow/dags/news_pipeline_dag.py                           1           0  0.57s           2026-08-26T05:47:28
================================================================================
[2026-08-26T05:48:28.066+0000] {manager.py:879} INFO - 
================================================================================
DAG File Processing Stats

File Path                               PID    Runtime      # DAGs    # Errors  Last Runtime    Last Run
--------------------------------------  -----  ---------  --------  ----------  --------------  -------------------
/opt/airflow/dags/news_pipeline_dag.py                           1           0  0.57s           2026-08-26T05:47:59
================================================================================
[2026-08-26T05:48:58.162+0000] {manager.py:879} INFO - 
================================================================================
DAG File Processing Stats

File Path                               PID    Runtime      # DAGs    # Errors  Last Runtime    Last Run
--------------------------------------  -----  ---------  --------  ----------  --------------  -------------------
/opt/airflow/dags/news_pipeline_dag.py                           1           0  0.64s           2026-08-26T05:48:30
================================================================================
[2026-08-26T08:49:44.055+0000] {manager.py:469} INFO - Processing files using up to 2 processes at a time 
[2026-08-26T08:49:44.154+0000] {manager.py:470} INFO - Process each file at most once every 30 seconds
[2026-08-26T08:49:44.155+0000] {manager.py:471} INFO - Checking for new files in /opt/airflow/dags every 300 seconds
[2026-08-26T08:49:44.155+0000] {manager.py:738} INFO - Searching for files in /opt/airflow/dags
[2026-08-26T08:49:44.167+0000] {manager.py:741} INFO - There are 1 files in /opt/airflow/dags
[2026-08-26T08:49:44.701+0000] {manager.py:879} INFO - 
================================================================================
DAG File Processing Stats

File Path                                 PID  Runtime      # DAGs    # Errors  Last Runtime    Last Run
--------------------------------------  -----  ---------  --------  ----------  --------------  ----------
/opt/airflow/dags/news_pipeline_dag.py     37  0.25s             0           0
================================================================================
[2026-08-26T08:50:14.773+0000] {manager.py:879} INFO - 
================================================================================
DAG File Processing Stats

File Path                               PID    Runtime      # DAGs    # Errors  Last Runtime    Last Run
--------------------------------------  -----  ---------  --------  ----------  --------------  -------------------
/opt/airflow/dags/news_pipeline_dag.py                           1           0  15.28s          2026-08-26T08:49:59
================================================================================
[2026-08-26T08:50:44.882+0000] {manager.py:879} INFO - 
================================================================================
DAG File Processing Stats

File Path                               PID    Runtime      # DAGs    # Errors  Last Runtime    Last Run
--------------------------------------  -----  ---------  --------  ----------  --------------  -------------------
/opt/airflow/dags/news_pipeline_dag.py                           1           0  1.05s           2026-08-26T08:50:30
================================================================================
[2026-08-26T08:51:14.987+0000] {manager.py:879} INFO - 
================================================================================
DAG File Processing Stats

File Path                               PID    Runtime      # DAGs    # Errors  Last Runtime    Last Run
--------------------------------------  -----  ---------  --------  ----------  --------------  -------------------
/opt/airflow/dags/news_pipeline_dag.py                           1           0  0.70s           2026-08-26T08:51:01
================================================================================
[2026-08-26T08:51:45.073+0000] {manager.py:879} INFO - 
================================================================================
DAG File Processing Stats

File Path                               PID    Runtime      # DAGs    # Errors  Last Runtime    Last Run
--------------------------------------  -----  ---------  --------  ----------  --------------  -------------------
/opt/airflow/dags/news_pipeline_dag.py                           1           0  0.59s           2026-08-26T08:51:32
================================================================================
[2026-08-26T08:52:15.130+0000] {manager.py:879} INFO - 
================================================================================
DAG File Processing Stats

File Path                               PID    Runtime      # DAGs    # Errors  Last Runtime    Last Run
--------------------------------------  -----  ---------  --------  ----------  --------------  -------------------
/opt/airflow/dags/news_pipeline_dag.py                           1           0  0.70s           2026-08-26T08:52:03
================================================================================
[2026-08-26T08:52:45.527+0000] {manager.py:879} INFO - 
================================================================================
DAG File Processing Stats

File Path                               PID    Runtime      # DAGs    # Errors  Last Runtime    Last Run
--------------------------------------  -----  ---------  --------  ----------  --------------  -------------------
/opt/airflow/dags/news_pipeline_dag.py                           1           0  0.59s           2026-08-26T08:52:33
================================================================================
[2026-08-26T08:53:15.903+0000] {manager.py:879} INFO - 
================================================================================
DAG File Processing Stats

File Path                               PID    Runtime      # DAGs    # Errors  Last Runtime    Last Run
--------------------------------------  -----  ---------  --------  ----------  --------------  -------------------
/opt/airflow/dags/news_pipeline_dag.py                           1           0  0.57s           2026-08-26T08:53:04
================================================================================
[2026-08-26T08:53:46.002+0000] {manager.py:879} INFO - 
================================================================================
DAG File Processing Stats

File Path                               PID    Runtime      # DAGs    # Errors  Last Runtime    Last Run
--------------------------------------  -----  ---------  --------  ----------  --------------  -------------------
/opt/airflow/dags/news_pipeline_dag.py                           1           0  0.64s           2026-08-26T08:53:35
================================================================================
[2026-08-26T08:54:16.288+0000] {manager.py:879} INFO - 
================================================================================
DAG File Processing Stats

File Path                               PID    Runtime      # DAGs    # Errors  Last Runtime    Last Run
--------------------------------------  -----  ---------  --------  ----------  --------------  -------------------
/opt/airflow/dags/news_pipeline_dag.py                           1           0  0.56s           2026-08-26T08:54:05
================================================================================
[2026-08-26T08:54:44.376+0000] {manager.py:738} INFO - Searching for files in /opt/airflow/dags
[2026-08-26T08:54:44.377+0000] {manager.py:741} INFO - There are 1 files in /opt/airflow/dags
[2026-08-26T08:54:46.392+0000] {manager.py:879} INFO - 
================================================================================
DAG File Processing Stats

File Path                               PID    Runtime      # DAGs    # Errors  Last Runtime    Last Run
--------------------------------------  -----  ---------  --------  ----------  --------------  -------------------
/opt/airflow/dags/news_pipeline_dag.py                           1           0  0.60s           2026-08-26T08:54:36
================================================================================
[2026-08-26T08:55:16.619+0000] {manager.py:879} INFO - 
================================================================================
DAG File Processing Stats

File Path                               PID    Runtime      # DAGs    # Errors  Last Runtime    Last Run
--------------------------------------  -----  ---------  --------  ----------  --------------  -------------------
/opt/airflow/dags/news_pipeline_dag.py                           1           0  0.77s           2026-08-26T08:55:07
================================================================================
[2026-08-26T08:55:46.699+0000] {manager.py:879} INFO - 
================================================================================
DAG File Processing Stats

File Path                               PID    Runtime      # DAGs    # Errors  Last Runtime    Last Run
--------------------------------------  -----  ---------  --------  ----------  --------------  -------------------
/opt/airflow/dags/news_pipeline_dag.py                           1           0  0.70s           2026-08-26T08:55:38
================================================================================
[2026-08-26T08:56:16.789+0000] {manager.py:879} INFO - 
================================================================================
DAG File Processing Stats

File Path                               PID    Runtime      # DAGs    # Errors  Last Runtime    Last Run
--------------------------------------  -----  ---------  --------  ----------  --------------  -------------------
/opt/airflow/dags/news_pipeline_dag.py                           1           0  0.56s           2026-08-26T08:56:08
================================================================================
[2026-08-26T08:56:19.997+0000] {manager.py:451} INFO - Exiting gracefully upon receiving signal 15
[2026-08-26T08:57:11.957+0000] {manager.py:469} INFO - Processing files using up to 2 processes at a time 
[2026-08-26T08:57:11.962+0000] {manager.py:470} INFO - Process each file at most once every 30 seconds
[2026-08-26T08:57:11.962+0000] {manager.py:471} INFO - Checking for new files in /opt/airflow/dags every 300 seconds
[2026-08-26T08:57:11.964+0000] {manager.py:738} INFO - Searching for files in /opt/airflow/dags
[2026-08-26T08:57:11.965+0000] {manager.py:741} INFO - There are 1 files in /opt/airflow/dags
[2026-08-26T08:57:12.259+0000] {manager.py:879} INFO - 
================================================================================
DAG File Processing Stats

File Path                                 PID  Runtime      # DAGs    # Errors  Last Runtime    Last Run
--------------------------------------  -----  ---------  --------  ----------  --------------  ----------
/opt/airflow/dags/news_pipeline_dag.py     41  0.11s             0           0
================================================================================
[2026-08-26T08:57:42.412+0000] {manager.py:879} INFO - 
================================================================================
DAG File Processing Stats

File Path                               PID    Runtime      # DAGs    # Errors  Last Runtime    Last Run
--------------------------------------  -----  ---------  --------  ----------  --------------  -------------------
/opt/airflow/dags/news_pipeline_dag.py                           1           0  7.60s           2026-08-26T08:57:19
================================================================================
[2026-08-26T08:58:12.517+0000] {manager.py:879} INFO - 
================================================================================
DAG File Processing Stats

File Path                               PID    Runtime      # DAGs    # Errors  Last Runtime    Last Run
--------------------------------------  -----  ---------  --------  ----------  --------------  -------------------
/opt/airflow/dags/news_pipeline_dag.py                           1           0  0.61s           2026-08-26T08:57:50
================================================================================
[2026-08-26T08:58:42.614+0000] {manager.py:879} INFO - 
================================================================================
DAG File Processing Stats

File Path                               PID    Runtime      # DAGs    # Errors  Last Runtime    Last Run
--------------------------------------  -----  ---------  --------  ----------  --------------  -------------------
/opt/airflow/dags/news_pipeline_dag.py                           1           0  0.65s           2026-08-26T08:58:21
================================================================================
[2026-08-26T08:59:12.716+0000] {manager.py:879} INFO - 
================================================================================
DAG File Processing Stats

File Path                               PID    Runtime      # DAGs    # Errors  Last Runtime    Last Run
--------------------------------------  -----  ---------  --------  ----------  --------------  -------------------
/opt/airflow/dags/news_pipeline_dag.py                           1           0  0.59s           2026-08-26T08:58:51
================================================================================
[2026-08-26T08:59:43.022+0000] {manager.py:879} INFO - 
================================================================================
DAG File Processing Stats

File Path                               PID    Runtime      # DAGs    # Errors  Last Runtime    Last Run
--------------------------------------  -----  ---------  --------  ----------  --------------  -------------------
/opt/airflow/dags/news_pipeline_dag.py                           1           0  0.68s           2026-08-26T08:59:22
================================================================================
[2026-08-26T09:00:13.120+0000] {manager.py:879} INFO - 
================================================================================
DAG File Processing Stats

File Path                               PID    Runtime      # DAGs    # Errors  Last Runtime    Last Run
--------------------------------------  -----  ---------  --------  ----------  --------------  -------------------
/opt/airflow/dags/news_pipeline_dag.py                           1           0  0.59s           2026-08-26T08:59:53
================================================================================
[2026-08-26T09:00:43.465+0000] {manager.py:879} INFO - 
================================================================================
DAG File Processing Stats

File Path                               PID    Runtime      # DAGs    # Errors  Last Runtime    Last Run
--------------------------------------  -----  ---------  --------  ----------  --------------  -------------------
/opt/airflow/dags/news_pipeline_dag.py                           1           0  0.59s           2026-08-26T09:00:23
================================================================================
[2026-08-26T09:01:13.554+0000] {manager.py:879} INFO - 
================================================================================
DAG File Processing Stats

File Path                               PID    Runtime      # DAGs    # Errors  Last Runtime    Last Run
--------------------------------------  -----  ---------  --------  ----------  --------------  -------------------
/opt/airflow/dags/news_pipeline_dag.py                           1           0  0.65s           2026-08-26T09:00:54
================================================================================
[2026-08-26T09:01:43.880+0000] {manager.py:879} INFO - 
================================================================================
DAG File Processing Stats

File Path                               PID    Runtime      # DAGs    # Errors  Last Runtime    Last Run
--------------------------------------  -----  ---------  --------  ----------  --------------  -------------------
/opt/airflow/dags/news_pipeline_dag.py                           1           0  0.57s           2026-08-26T09:01:25
================================================================================
[2026-08-26T09:02:11.972+0000] {manager.py:738} INFO - Searching for files in /opt/airflow/dags
[2026-08-26T09:02:11.973+0000] {manager.py:741} INFO - There are 1 files in /opt/airflow/dags
[2026-08-26T09:02:13.988+0000] {manager.py:879} INFO - 
================================================================================
DAG File Processing Stats

File Path                               PID    Runtime      # DAGs    # Errors  Last Runtime    Last Run
--------------------------------------  -----  ---------  --------  ----------  --------------  -------------------
/opt/airflow/dags/news_pipeline_dag.py                           1           0  0.56s           2026-08-26T09:01:56
================================================================================
[2026-08-26T09:02:44.036+0000] {manager.py:879} INFO - 
================================================================================
DAG File Processing Stats

File Path                               PID    Runtime      # DAGs    # Errors  Last Runtime    Last Run
--------------------------------------  -----  ---------  --------  ----------  --------------  -------------------
/opt/airflow/dags/news_pipeline_dag.py                           1           0  1.94s           2026-08-26T09:02:22
================================================================================
[2026-08-26T09:03:14.256+0000] {manager.py:879} INFO - 
================================================================================
DAG File Processing Stats

File Path                               PID    Runtime      # DAGs    # Errors  Last Runtime    Last Run
--------------------------------------  -----  ---------  --------  ----------  --------------  -------------------
/opt/airflow/dags/news_pipeline_dag.py                           1           0  0.89s           2026-08-26T09:02:47
================================================================================
[2026-08-26T09:03:44.297+0000] {manager.py:879} INFO - 
================================================================================
DAG File Processing Stats

File Path                               PID    Runtime      # DAGs    # Errors  Last Runtime    Last Run
--------------------------------------  -----  ---------  --------  ----------  --------------  -------------------
/opt/airflow/dags/news_pipeline_dag.py                           1           0  0.96s           2026-08-26T09:03:35
================================================================================
[2026-08-26T09:04:14.346+0000] {manager.py:879} INFO - 
================================================================================
DAG File Processing Stats

File Path                               PID    Runtime      # DAGs    # Errors  Last Runtime    Last Run
--------------------------------------  -----  ---------  --------  ----------  --------------  -------------------
/opt/airflow/dags/news_pipeline_dag.py                           1           0  0.96s           2026-08-26T09:04:06
================================================================================
[2026-08-26T09:04:44.472+0000] {manager.py:879} INFO - 
================================================================================
DAG File Processing Stats

File Path                               PID    Runtime      # DAGs    # Errors  Last Runtime    Last Run
--------------------------------------  -----  ---------  --------  ----------  --------------  -------------------
/opt/airflow/dags/news_pipeline_dag.py                           1           0  1.21s           2026-08-26T09:04:37
================================================================================
[2026-08-26T09:05:14.587+0000] {manager.py:879} INFO - 
================================================================================
DAG File Processing Stats

File Path                               PID    Runtime      # DAGs    # Errors  Last Runtime    Last Run
--------------------------------------  -----  ---------  --------  ----------  --------------  -------------------
/opt/airflow/dags/news_pipeline_dag.py                           1           0  0.95s           2026-08-26T09:05:08
================================================================================
[2026-08-26T09:05:44.653+0000] {manager.py:879} INFO - 
================================================================================
DAG File Processing Stats

File Path                               PID    Runtime      # DAGs    # Errors  Last Runtime    Last Run
--------------------------------------  -----  ---------  --------  ----------  --------------  -------------------
/opt/airflow/dags/news_pipeline_dag.py                           1           0  0.97s           2026-08-26T09:05:39
================================================================================
[2026-08-26T09:06:14.830+0000] {manager.py:879} INFO - 
================================================================================
DAG File Processing Stats

File Path                               PID    Runtime      # DAGs    # Errors  Last Runtime    Last Run
--------------------------------------  -----  ---------  --------  ----------  --------------  -------------------
/opt/airflow/dags/news_pipeline_dag.py                           1           0  0.88s           2026-08-26T09:06:10
================================================================================
[2026-08-26T09:06:44.916+0000] {manager.py:879} INFO - 
================================================================================
DAG File Processing Stats

File Path                               PID    Runtime      # DAGs    # Errors  Last Runtime    Last Run
--------------------------------------  -----  ---------  --------  ----------  --------------  -------------------
/opt/airflow/dags/news_pipeline_dag.py                           1           0  0.90s           2026-08-26T09:06:41
================================================================================
[2026-08-26T09:07:11.997+0000] {manager.py:738} INFO - Searching for files in /opt/airflow/dags
[2026-08-26T09:07:11.999+0000] {manager.py:741} INFO - There are 1 files in /opt/airflow/dags
[2026-08-26T09:07:15.016+0000] {manager.py:879} INFO - 
================================================================================
DAG File Processing Stats

File Path                               PID    Runtime      # DAGs    # Errors  Last Runtime    Last Run
--------------------------------------  -----  ---------  --------  ----------  --------------  -------------------
/opt/airflow/dags/news_pipeline_dag.py                           1           0  0.96s           2026-08-26T09:07:12
================================================================================
[2026-08-26T09:07:45.770+0000] {manager.py:879} INFO - 
================================================================================
DAG File Processing Stats

File Path                               PID    Runtime      # DAGs    # Errors  Last Runtime    Last Run
--------------------------------------  -----  ---------  --------  ----------  --------------  -------------------
/opt/airflow/dags/news_pipeline_dag.py                           1           0  1.04s           2026-08-26T09:07:43
================================================================================
[2026-08-26T09:08:15.890+0000] {manager.py:879} INFO - 
================================================================================
DAG File Processing Stats

File Path                               PID    Runtime      # DAGs    # Errors  Last Runtime    Last Run
--------------------------------------  -----  ---------  --------  ----------  --------------  -------------------
/opt/airflow/dags/news_pipeline_dag.py                           1           0  1.07s           2026-08-26T09:08:14
================================================================================
[2026-08-26T09:08:45.959+0000] {manager.py:879} INFO - 
================================================================================
DAG File Processing Stats

File Path                               PID    Runtime      # DAGs    # Errors  Last Runtime    Last Run
--------------------------------------  -----  ---------  --------  ----------  --------------  -------------------
/opt/airflow/dags/news_pipeline_dag.py                           1           0  0.97s           2026-08-26T09:08:45
================================================================================
[2026-08-26T09:09:16.064+0000] {manager.py:879} INFO - 
================================================================================
DAG File Processing Stats

File Path                                 PID  Runtime      # DAGs    # Errors  Last Runtime    Last Run
--------------------------------------  -----  ---------  --------  ----------  --------------  -------------------
/opt/airflow/dags/news_pipeline_dag.py    289  0.00s             1           0  0.97s           2026-08-26T09:08:45
================================================================================
[2026-08-26T09:09:46.175+0000] {manager.py:879} INFO - 
================================================================================
DAG File Processing Stats

File Path                               PID    Runtime      # DAGs    # Errors  Last Runtime    Last Run
--------------------------------------  -----  ---------  --------  ----------  --------------  -------------------
/opt/airflow/dags/news_pipeline_dag.py                           1           0  0.89s           2026-08-26T09:09:16
================================================================================
[2026-08-26T09:10:16.261+0000] {manager.py:879} INFO - 
================================================================================
DAG File Processing Stats

File Path                               PID    Runtime      # DAGs    # Errors  Last Runtime    Last Run
--------------------------------------  -----  ---------  --------  ----------  --------------  -------------------
/opt/airflow/dags/news_pipeline_dag.py                           1           0  0.90s           2026-08-26T09:09:47
================================================================================
[2026-08-26T09:10:46.350+0000] {manager.py:879} INFO - 
================================================================================
DAG File Processing Stats

File Path                               PID    Runtime      # DAGs    # Errors  Last Runtime    Last Run
--------------------------------------  -----  ---------  --------  ----------  --------------  -------------------
/opt/airflow/dags/news_pipeline_dag.py                           1           0  0.94s           2026-08-26T09:10:18
================================================================================
[2026-08-26T09:11:16.438+0000] {manager.py:879} INFO - 
================================================================================
DAG File Processing Stats

File Path                               PID    Runtime      # DAGs    # Errors  Last Runtime    Last Run
--------------------------------------  -----  ---------  --------  ----------  --------------  -------------------
/opt/airflow/dags/news_pipeline_dag.py                           1           0  0.87s           2026-08-26T09:10:49
================================================================================
[2026-08-26T09:11:46.526+0000] {manager.py:879} INFO - 
================================================================================
DAG File Processing Stats

File Path                               PID    Runtime      # DAGs    # Errors  Last Runtime    Last Run
--------------------------------------  -----  ---------  --------  ----------  --------------  -------------------
/opt/airflow/dags/news_pipeline_dag.py                           1           0  0.91s           2026-08-26T09:11:20
================================================================================
[2026-08-26T09:12:12.111+0000] {manager.py:738} INFO - Searching for files in /opt/airflow/dags
[2026-08-26T09:12:12.112+0000] {manager.py:741} INFO - There are 1 files in /opt/airflow/dags
[2026-08-26T09:12:17.137+0000] {manager.py:879} INFO - 
================================================================================
DAG File Processing Stats

File Path                               PID    Runtime      # DAGs    # Errors  Last Runtime    Last Run
--------------------------------------  -----  ---------  --------  ----------  --------------  -------------------
/opt/airflow/dags/news_pipeline_dag.py                           1           0  1.06s           2026-08-26T09:11:52
================================================================================
[2026-08-26T09:12:47.249+0000] {manager.py:879} INFO - 
================================================================================
DAG File Processing Stats

File Path                               PID    Runtime      # DAGs    # Errors  Last Runtime    Last Run
--------------------------------------  -----  ---------  --------  ----------  --------------  -------------------
/opt/airflow/dags/news_pipeline_dag.py                           1           0  1.07s           2026-08-26T09:12:23
================================================================================
[2026-08-26T09:13:17.360+0000] {manager.py:879} INFO - 
================================================================================
DAG File Processing Stats

File Path                               PID    Runtime      # DAGs    # Errors  Last Runtime    Last Run
--------------------------------------  -----  ---------  --------  ----------  --------------  -------------------
/opt/airflow/dags/news_pipeline_dag.py                           1           0  1.03s           2026-08-26T09:12:54
================================================================================
[2026-08-26T09:13:47.460+0000] {manager.py:879} INFO - 
================================================================================
DAG File Processing Stats

File Path                               PID    Runtime      # DAGs    # Errors  Last Runtime    Last Run
--------------------------------------  -----  ---------  --------  ----------  --------------  -------------------
/opt/airflow/dags/news_pipeline_dag.py                           1           0  1.73s           2026-08-26T09:13:26
================================================================================
[2026-08-26T09:14:17.551+0000] {manager.py:879} INFO - 
================================================================================
DAG File Processing Stats

File Path                               PID    Runtime      # DAGs    # Errors  Last Runtime    Last Run
--------------------------------------  -----  ---------  --------  ----------  --------------  -------------------
/opt/airflow/dags/news_pipeline_dag.py                           1           0  0.97s           2026-08-26T09:13:57
================================================================================
[2026-08-26T09:14:47.650+0000] {manager.py:879} INFO - 
================================================================================
DAG File Processing Stats

File Path                               PID    Runtime      # DAGs    # Errors  Last Runtime    Last Run
--------------------------------------  -----  ---------  --------  ----------  --------------  -------------------
/opt/airflow/dags/news_pipeline_dag.py                           1           0  0.95s           2026-08-26T09:14:28
================================================================================
[2026-08-26T09:15:18.387+0000] {manager.py:879} INFO - 
================================================================================
DAG File Processing Stats

File Path                               PID    Runtime      # DAGs    # Errors  Last Runtime    Last Run
--------------------------------------  -----  ---------  --------  ----------  --------------  -------------------
/opt/airflow/dags/news_pipeline_dag.py                           1           0  1.04s           2026-08-26T09:14:59
================================================================================
[2026-08-26T09:15:48.433+0000] {manager.py:879} INFO - 
================================================================================
DAG File Processing Stats

File Path                               PID    Runtime      # DAGs    # Errors  Last Runtime    Last Run
--------------------------------------  -----  ---------  --------  ----------  --------------  -------------------
/opt/airflow/dags/news_pipeline_dag.py                           1           0  0.95s           2026-08-26T09:15:30
================================================================================
[2026-08-26T09:16:18.535+0000] {manager.py:879} INFO - 
================================================================================
DAG File Processing Stats

File Path                               PID    Runtime      # DAGs    # Errors  Last Runtime    Last Run
--------------------------------------  -----  ---------  --------  ----------  --------------  -------------------
/opt/airflow/dags/news_pipeline_dag.py                           1           0  1.01s           2026-08-26T09:16:01
================================================================================
[2026-08-26T09:16:48.649+0000] {manager.py:879} INFO - 
================================================================================
DAG File Processing Stats

File Path                               PID    Runtime      # DAGs    # Errors  Last Runtime    Last Run
--------------------------------------  -----  ---------  --------  ----------  --------------  -------------------
/opt/airflow/dags/news_pipeline_dag.py                           1           0  1.05s           2026-08-26T09:16:32
================================================================================
[2026-08-26T09:17:12.742+0000] {manager.py:738} INFO - Searching for files in /opt/airflow/dags
[2026-08-26T09:17:12.744+0000] {manager.py:741} INFO - There are 1 files in /opt/airflow/dags
[2026-08-26T09:17:18.773+0000] {manager.py:879} INFO - 
================================================================================
DAG File Processing Stats

File Path                               PID    Runtime      # DAGs    # Errors  Last Runtime    Last Run
--------------------------------------  -----  ---------  --------  ----------  --------------  -------------------
/opt/airflow/dags/news_pipeline_dag.py                           1           0  1.09s           2026-08-26T09:17:03
================================================================================
[2026-08-26T09:17:48.913+0000] {manager.py:879} INFO - 
================================================================================
DAG File Processing Stats

File Path                               PID    Runtime      # DAGs    # Errors  Last Runtime    Last Run
--------------------------------------  -----  ---------  --------  ----------  --------------  -------------------
/opt/airflow/dags/news_pipeline_dag.py                           1           0  1.08s           2026-08-26T09:17:34
================================================================================
[2026-08-26T09:18:19.024+0000] {manager.py:879} INFO - 
================================================================================
DAG File Processing Stats

File Path                               PID    Runtime      # DAGs    # Errors  Last Runtime    Last Run
--------------------------------------  -----  ---------  --------  ----------  --------------  -------------------
/opt/airflow/dags/news_pipeline_dag.py                           1           0  1.03s           2026-08-26T09:18:05
================================================================================
[2026-08-26T09:18:49.039+0000] {manager.py:879} INFO - 
================================================================================
DAG File Processing Stats

File Path                               PID    Runtime      # DAGs    # Errors  Last Runtime    Last Run
--------------------------------------  -----  ---------  --------  ----------  --------------  -------------------
/opt/airflow/dags/news_pipeline_dag.py                           1           0  0.92s           2026-08-26T09:18:36
================================================================================
[2026-08-26T09:19:19.075+0000] {manager.py:879} INFO - 
================================================================================
DAG File Processing Stats

File Path                               PID    Runtime      # DAGs    # Errors  Last Runtime    Last Run
--------------------------------------  -----  ---------  --------  ----------  --------------  -------------------
/opt/airflow/dags/news_pipeline_dag.py                           1           0  0.93s           2026-08-26T09:19:08
================================================================================
[2026-08-26T09:19:49.180+0000] {manager.py:879} INFO - 
================================================================================
DAG File Processing Stats

File Path                               PID    Runtime      # DAGs    # Errors  Last Runtime    Last Run
--------------------------------------  -----  ---------  --------  ----------  --------------  -------------------
/opt/airflow/dags/news_pipeline_dag.py                           1           0  1.01s           2026-08-26T09:19:39
================================================================================
[2026-08-26T09:20:19.234+0000] {manager.py:879} INFO - 
================================================================================
DAG File Processing Stats

File Path                               PID    Runtime      # DAGs    # Errors  Last Runtime    Last Run
--------------------------------------  -----  ---------  --------  ----------  --------------  -------------------
/opt/airflow/dags/news_pipeline_dag.py                           1           0  0.96s           2026-08-26T09:20:10
================================================================================
[2026-08-26T09:20:49.283+0000] {manager.py:879} INFO - 
================================================================================
DAG File Processing Stats

File Path                               PID    Runtime      # DAGs    # Errors  Last Runtime    Last Run
--------------------------------------  -----  ---------  --------  ----------  --------------  -------------------
/opt/airflow/dags/news_pipeline_dag.py                           1           0  0.95s           2026-08-26T09:20:41
================================================================================
[2026-08-26T09:21:19.430+0000] {manager.py:879} INFO - 
================================================================================
DAG File Processing Stats

File Path                               PID    Runtime      # DAGs    # Errors  Last Runtime    Last Run
--------------------------------------  -----  ---------  --------  ----------  --------------  -------------------
/opt/airflow/dags/news_pipeline_dag.py                           1           0  1.08s           2026-08-26T09:21:12
================================================================================
[2026-08-26T09:21:49.499+0000] {manager.py:879} INFO - 
================================================================================
DAG File Processing Stats

File Path                               PID    Runtime      # DAGs    # Errors  Last Runtime    Last Run
--------------------------------------  -----  ---------  --------  ----------  --------------  -------------------
/opt/airflow/dags/news_pipeline_dag.py                           1           0  0.97s           2026-08-26T09:21:43
================================================================================
[2026-08-26T09:22:13.575+0000] {manager.py:738} INFO - Searching for files in /opt/airflow/dags
[2026-08-26T09:22:13.577+0000] {manager.py:741} INFO - There are 1 files in /opt/airflow/dags
[2026-08-26T09:22:19.549+0000] {manager.py:879} INFO - 
================================================================================
DAG File Processing Stats

File Path                               PID    Runtime      # DAGs    # Errors  Last Runtime    Last Run
--------------------------------------  -----  ---------  --------  ----------  --------------  -------------------
/opt/airflow/dags/news_pipeline_dag.py                           1           0  0.94s           2026-08-26T09:22:14
================================================================================
[2026-08-26T09:22:49.652+0000] {manager.py:879} INFO - 
================================================================================
DAG File Processing Stats

File Path                               PID    Runtime      # DAGs    # Errors  Last Runtime    Last Run
--------------------------------------  -----  ---------  --------  ----------  --------------  -------------------
/opt/airflow/dags/news_pipeline_dag.py                           1           0  1.00s           2026-08-26T09:22:45
================================================================================
[2026-08-26T09:23:19.707+0000] {manager.py:879} INFO - 
================================================================================
DAG File Processing Stats

File Path                               PID    Runtime      # DAGs    # Errors  Last Runtime    Last Run
--------------------------------------  -----  ---------  --------  ----------  --------------  -------------------
/opt/airflow/dags/news_pipeline_dag.py                           1           0  0.95s           2026-08-26T09:23:16
================================================================================
[2026-08-26T09:23:49.746+0000] {manager.py:879} INFO - 
================================================================================
DAG File Processing Stats

File Path                               PID    Runtime      # DAGs    # Errors  Last Runtime    Last Run
--------------------------------------  -----  ---------  --------  ----------  --------------  -------------------
/opt/airflow/dags/news_pipeline_dag.py                           1           0  0.94s           2026-08-26T09:23:47
================================================================================
[2026-08-26T09:24:19.856+0000] {manager.py:879} INFO - 
================================================================================
DAG File Processing Stats

File Path                               PID    Runtime      # DAGs    # Errors  Last Runtime    Last Run
--------------------------------------  -----  ---------  --------  ----------  --------------  -------------------
/opt/airflow/dags/news_pipeline_dag.py                           1           0  1.09s           2026-08-26T09:24:18
================================================================================
[2026-08-26T09:24:49.893+0000] {manager.py:879} INFO - 
================================================================================
DAG File Processing Stats

File Path                               PID    Runtime      # DAGs    # Errors  Last Runtime    Last Run
--------------------------------------  -----  ---------  --------  ----------  --------------  -------------------
/opt/airflow/dags/news_pipeline_dag.py                           1           0  0.93s           2026-08-26T09:24:49
================================================================================
[2026-08-26T09:25:20.000+0000] {manager.py:879} INFO - 
================================================================================
DAG File Processing Stats

File Path                                 PID  Runtime      # DAGs    # Errors  Last Runtime    Last Run
--------------------------------------  -----  ---------  --------  ----------  --------------  -------------------
/opt/airflow/dags/news_pipeline_dag.py    433  0.00s             1           0  0.93s           2026-08-26T09:24:49
================================================================================
[2026-08-26T09:25:50.072+0000] {manager.py:879} INFO - 
================================================================================
DAG File Processing Stats

File Path                               PID    Runtime      # DAGs    # Errors  Last Runtime    Last Run
--------------------------------------  -----  ---------  --------  ----------  --------------  -------------------
/opt/airflow/dags/news_pipeline_dag.py                           1           0  0.98s           2026-08-26T09:25:20
================================================================================
[2026-08-26T09:26:20.180+0000] {manager.py:879} INFO - 
================================================================================
DAG File Processing Stats

File Path                               PID    Runtime      # DAGs    # Errors  Last Runtime    Last Run
--------------------------------------  -----  ---------  --------  ----------  --------------  -------------------
/opt/airflow/dags/news_pipeline_dag.py                           1           0  1.05s           2026-08-26T09:25:52
================================================================================
[2026-08-26T09:26:50.245+0000] {manager.py:879} INFO - 
================================================================================
DAG File Processing Stats

File Path                               PID    Runtime      # DAGs    # Errors  Last Runtime    Last Run
--------------------------------------  -----  ---------  --------  ----------  --------------  -------------------
/opt/airflow/dags/news_pipeline_dag.py                           1           0  0.96s           2026-08-26T09:26:23
================================================================================
[2026-08-26T09:27:14.356+0000] {manager.py:738} INFO - Searching for files in /opt/airflow/dags
[2026-08-26T09:27:14.358+0000] {manager.py:741} INFO - There are 1 files in /opt/airflow/dags
[2026-08-26T09:27:20.384+0000] {manager.py:879} INFO - 
================================================================================
DAG File Processing Stats

File Path                               PID    Runtime      # DAGs    # Errors  Last Runtime    Last Run
--------------------------------------  -----  ---------  --------  ----------  --------------  -------------------
/opt/airflow/dags/news_pipeline_dag.py                           1           0  1.07s           2026-08-26T09:26:54
================================================================================
[2026-08-26T09:27:50.491+0000] {manager.py:879} INFO - 
================================================================================
DAG File Processing Stats

File Path                               PID    Runtime      # DAGs    # Errors  Last Runtime    Last Run
--------------------------------------  -----  ---------  --------  ----------  --------------  -------------------
/opt/airflow/dags/news_pipeline_dag.py                           1           0  1.23s           2026-08-26T09:27:25
================================================================================
[2026-08-26T09:28:20.590+0000] {manager.py:879} INFO - 
================================================================================
DAG File Processing Stats

File Path                               PID    Runtime      # DAGs    # Errors  Last Runtime    Last Run
--------------------------------------  -----  ---------  --------  ----------  --------------  -------------------
/opt/airflow/dags/news_pipeline_dag.py                           1           0  1.01s           2026-08-26T09:27:56
================================================================================
[2026-08-26T09:28:50.690+0000] {manager.py:879} INFO - 
================================================================================
DAG File Processing Stats

File Path                               PID    Runtime      # DAGs    # Errors  Last Runtime    Last Run
--------------------------------------  -----  ---------  --------  ----------  --------------  -------------------
/opt/airflow/dags/news_pipeline_dag.py                           1           0  0.99s           2026-08-26T09:28:27
================================================================================
[2026-08-26T09:29:20.975+0000] {manager.py:879} INFO - 
================================================================================
DAG File Processing Stats

File Path                               PID    Runtime      # DAGs    # Errors  Last Runtime    Last Run
--------------------------------------  -----  ---------  --------  ----------  --------------  -------------------
/opt/airflow/dags/news_pipeline_dag.py                           1           0  1.04s           2026-08-26T09:28:58
================================================================================
[2026-08-26T09:29:51.015+0000] {manager.py:879} INFO - 
================================================================================
DAG File Processing Stats

File Path                               PID    Runtime      # DAGs    # Errors  Last Runtime    Last Run
--------------------------------------  -----  ---------  --------  ----------  --------------  -------------------
/opt/airflow/dags/news_pipeline_dag.py                           1           0  0.94s           2026-08-26T09:29:29
================================================================================
[2026-08-26T09:30:21.033+0000] {manager.py:879} INFO - 
================================================================================
DAG File Processing Stats

File Path                               PID    Runtime      # DAGs    # Errors  Last Runtime    Last Run
--------------------------------------  -----  ---------  --------  ----------  --------------  -------------------
/opt/airflow/dags/news_pipeline_dag.py                           1           0  0.92s           2026-08-26T09:30:00
================================================================================
[2026-08-26T09:30:51.148+0000] {manager.py:879} INFO - 
================================================================================
DAG File Processing Stats

File Path                               PID    Runtime      # DAGs    # Errors  Last Runtime    Last Run
--------------------------------------  -----  ---------  --------  ----------  --------------  -------------------
/opt/airflow/dags/news_pipeline_dag.py                           1           0  1.09s           2026-08-26T09:30:32
================================================================================
[2026-08-26T09:31:21.230+0000] {manager.py:879} INFO - 
================================================================================
DAG File Processing Stats

File Path                               PID    Runtime      # DAGs    # Errors  Last Runtime    Last Run
--------------------------------------  -----  ---------  --------  ----------  --------------  -------------------
/opt/airflow/dags/news_pipeline_dag.py                           1           0  0.98s           2026-08-26T09:31:03
================================================================================
[2026-08-26T09:31:51.264+0000] {manager.py:879} INFO - 
================================================================================
DAG File Processing Stats

File Path                               PID    Runtime      # DAGs    # Errors  Last Runtime    Last Run
--------------------------------------  -----  ---------  --------  ----------  --------------  -------------------
/opt/airflow/dags/news_pipeline_dag.py                           1           0  0.93s           2026-08-26T09:31:34
================================================================================
[2026-08-26T09:32:14.368+0000] {manager.py:738} INFO - Searching for files in /opt/airflow/dags
[2026-08-26T09:32:14.370+0000] {manager.py:741} INFO - There are 1 files in /opt/airflow/dags
[2026-08-26T09:32:21.401+0000] {manager.py:879} INFO - 
================================================================================
DAG File Processing Stats

File Path                               PID    Runtime      # DAGs    # Errors  Last Runtime    Last Run
--------------------------------------  -----  ---------  --------  ----------  --------------  -------------------
/opt/airflow/dags/news_pipeline_dag.py                           1           0  1.08s           2026-08-26T09:32:05
================================================================================
[2026-08-26T09:32:51.503+0000] {manager.py:879} INFO - 
================================================================================
DAG File Processing Stats

File Path                               PID    Runtime      # DAGs    # Errors  Last Runtime    Last Run
--------------------------------------  -----  ---------  --------  ----------  --------------  -------------------
/opt/airflow/dags/news_pipeline_dag.py                           1           0  1.01s           2026-08-26T09:32:36
================================================================================
[2026-08-26T09:33:21.582+0000] {manager.py:879} INFO - 
================================================================================
DAG File Processing Stats

File Path                               PID    Runtime      # DAGs    # Errors  Last Runtime    Last Run
--------------------------------------  -----  ---------  --------  ----------  --------------  -------------------
/opt/airflow/dags/news_pipeline_dag.py                           1           0  0.98s           2026-08-26T09:33:07
================================================================================
[2026-08-26T10:00:54.914+0000] {manager.py:469} INFO - Processing files using up to 2 processes at a time 
[2026-08-26T10:00:54.962+0000] {manager.py:470} INFO - Process each file at most once every 30 seconds
[2026-08-26T10:00:54.963+0000] {manager.py:471} INFO - Checking for new files in /opt/airflow/dags every 300 seconds
[2026-08-26T10:00:54.963+0000] {manager.py:738} INFO - Searching for files in /opt/airflow/dags
[2026-08-26T10:00:54.970+0000] {manager.py:741} INFO - There are 1 files in /opt/airflow/dags
[2026-08-26T10:00:55.258+0000] {manager.py:879} INFO - 
================================================================================
DAG File Processing Stats

File Path                                 PID  Runtime      # DAGs    # Errors  Last Runtime    Last Run
--------------------------------------  -----  ---------  --------  ----------  --------------  ----------
/opt/airflow/dags/news_pipeline_dag.py     41  0.12s             0           0
================================================================================
[2026-08-26T10:01:25.399+0000] {manager.py:879} INFO - 
================================================================================
DAG File Processing Stats

File Path                               PID    Runtime      # DAGs    # Errors  Last Runtime    Last Run
--------------------------------------  -----  ---------  --------  ----------  --------------  -------------------
/opt/airflow/dags/news_pipeline_dag.py                           1           0  18.06s          2026-08-26T10:01:13
================================================================================
[2026-08-26T10:01:55.486+0000] {manager.py:879} INFO - 
================================================================================
DAG File Processing Stats

File Path                               PID    Runtime      # DAGs    # Errors  Last Runtime    Last Run
--------------------------------------  -----  ---------  --------  ----------  --------------  -------------------
/opt/airflow/dags/news_pipeline_dag.py                           1           0  0.90s           2026-08-26T10:01:44
================================================================================
[2026-08-26T10:02:25.576+0000] {manager.py:879} INFO - 
================================================================================
DAG File Processing Stats

File Path                               PID    Runtime      # DAGs    # Errors  Last Runtime    Last Run
--------------------------------------  -----  ---------  --------  ----------  --------------  -------------------
/opt/airflow/dags/news_pipeline_dag.py                           1           0  0.95s           2026-08-26T10:02:15
================================================================================
[2026-08-26T10:02:55.668+0000] {manager.py:879} INFO - 
================================================================================
DAG File Processing Stats

File Path                               PID    Runtime      # DAGs    # Errors  Last Runtime    Last Run
--------------------------------------  -----  ---------  --------  ----------  --------------  -------------------
/opt/airflow/dags/news_pipeline_dag.py                           1           0  0.94s           2026-08-26T10:02:46
================================================================================
[2026-08-26T10:03:25.756+0000] {manager.py:879} INFO - 
================================================================================
DAG File Processing Stats

File Path                               PID    Runtime      # DAGs    # Errors  Last Runtime    Last Run
--------------------------------------  -----  ---------  --------  ----------  --------------  -------------------
/opt/airflow/dags/news_pipeline_dag.py                           1           0  0.98s           2026-08-26T10:03:17
================================================================================
[2026-08-26T10:03:55.845+0000] {manager.py:879} INFO - 
================================================================================
DAG File Processing Stats

File Path                               PID    Runtime      # DAGs    # Errors  Last Runtime    Last Run
--------------------------------------  -----  ---------  --------  ----------  --------------  -------------------
/opt/airflow/dags/news_pipeline_dag.py                           1           0  1.00s           2026-08-26T10:03:48
================================================================================
[2026-08-26T10:04:25.945+0000] {manager.py:879} INFO - 
================================================================================
DAG File Processing Stats

File Path                               PID    Runtime      # DAGs    # Errors  Last Runtime    Last Run
--------------------------------------  -----  ---------  --------  ----------  --------------  -------------------
/opt/airflow/dags/news_pipeline_dag.py                           1           0  0.96s           2026-08-26T10:04:19
================================================================================
[2026-08-26T10:04:56.033+0000] {manager.py:879} INFO - 
================================================================================
DAG File Processing Stats

File Path                               PID    Runtime      # DAGs    # Errors  Last Runtime    Last Run
--------------------------------------  -----  ---------  --------  ----------  --------------  -------------------
/opt/airflow/dags/news_pipeline_dag.py                           1           0  0.90s           2026-08-26T10:04:50
================================================================================
[2026-08-26T10:05:26.123+0000] {manager.py:879} INFO - 
================================================================================
DAG File Processing Stats

File Path                               PID    Runtime      # DAGs    # Errors  Last Runtime    Last Run
--------------------------------------  -----  ---------  --------  ----------  --------------  -------------------
/opt/airflow/dags/news_pipeline_dag.py                           1           0  0.89s           2026-08-26T10:05:21
================================================================================
[2026-08-26T10:05:55.207+0000] {manager.py:738} INFO - Searching for files in /opt/airflow/dags
[2026-08-26T10:05:55.208+0000] {manager.py:741} INFO - There are 1 files in /opt/airflow/dags
[2026-08-26T10:05:56.218+0000] {manager.py:879} INFO - 
================================================================================
DAG File Processing Stats

File Path                               PID    Runtime      # DAGs    # Errors  Last Runtime    Last Run
--------------------------------------  -----  ---------  --------  ----------  --------------  -------------------
/opt/airflow/dags/news_pipeline_dag.py                           1           0  0.88s           2026-08-26T10:05:52
================================================================================
[2026-08-26T10:06:26.319+0000] {manager.py:879} INFO - 
================================================================================
DAG File Processing Stats

File Path                               PID    Runtime      # DAGs    # Errors  Last Runtime    Last Run
--------------------------------------  -----  ---------  --------  ----------  --------------  -------------------
/opt/airflow/dags/news_pipeline_dag.py                           1           0  0.88s           2026-08-26T10:06:23
================================================================================
[2026-08-26T10:06:56.459+0000] {manager.py:879} INFO - 
================================================================================
DAG File Processing Stats

File Path                               PID    Runtime      # DAGs    # Errors  Last Runtime    Last Run
--------------------------------------  -----  ---------  --------  ----------  --------------  -------------------
/opt/airflow/dags/news_pipeline_dag.py                           1           0  0.90s           2026-08-26T10:06:54
================================================================================
[2026-08-26T10:07:26.544+0000] {manager.py:879} INFO - 
================================================================================
DAG File Processing Stats

File Path                               PID    Runtime      # DAGs    # Errors  Last Runtime    Last Run
--------------------------------------  -----  ---------  --------  ----------  --------------  -------------------
/opt/airflow/dags/news_pipeline_dag.py                           1           0  0.87s           2026-08-26T10:07:25
================================================================================
[2026-08-26T10:07:56.633+0000] {manager.py:879} INFO - 
================================================================================
DAG File Processing Stats

File Path                               PID    Runtime      # DAGs    # Errors  Last Runtime    Last Run
--------------------------------------  -----  ---------  --------  ----------  --------------  -------------------
/opt/airflow/dags/news_pipeline_dag.py                           1           0  0.90s           2026-08-26T10:07:56
================================================================================
[2026-08-26T10:08:26.720+0000] {manager.py:879} INFO - 
================================================================================
DAG File Processing Stats

File Path                                 PID  Runtime      # DAGs    # Errors  Last Runtime    Last Run
--------------------------------------  -----  ---------  --------  ----------  --------------  -------------------
/opt/airflow/dags/news_pipeline_dag.py     83  0.35s             1           0  0.90s           2026-08-26T10:07:56
================================================================================
[2026-08-26T10:08:56.807+0000] {manager.py:879} INFO - 
================================================================================
DAG File Processing Stats

File Path                               PID    Runtime      # DAGs    # Errors  Last Runtime    Last Run
--------------------------------------  -----  ---------  --------  ----------  --------------  -------------------
/opt/airflow/dags/news_pipeline_dag.py                           1           0  0.96s           2026-08-26T10:08:27
================================================================================
[2026-08-26T10:09:26.899+0000] {manager.py:879} INFO - 
================================================================================
DAG File Processing Stats

File Path                               PID    Runtime      # DAGs    # Errors  Last Runtime    Last Run
--------------------------------------  -----  ---------  --------  ----------  --------------  -------------------
/opt/airflow/dags/news_pipeline_dag.py                           1           0  0.90s           2026-08-26T10:08:58
================================================================================
[2026-08-26T10:09:56.986+0000] {manager.py:879} INFO - 
================================================================================
DAG File Processing Stats

File Path                               PID    Runtime      # DAGs    # Errors  Last Runtime    Last Run
--------------------------------------  -----  ---------  --------  ----------  --------------  -------------------
/opt/airflow/dags/news_pipeline_dag.py                           1           0  0.91s           2026-08-26T10:09:29
================================================================================
[2026-08-26T10:10:27.078+0000] {manager.py:879} INFO - 
================================================================================
DAG File Processing Stats

File Path                               PID    Runtime      # DAGs    # Errors  Last Runtime    Last Run
--------------------------------------  -----  ---------  --------  ----------  --------------  -------------------
/opt/airflow/dags/news_pipeline_dag.py                           1           0  0.96s           2026-08-26T10:10:00
================================================================================
[2026-08-26T10:10:55.450+0000] {manager.py:738} INFO - Searching for files in /opt/airflow/dags
[2026-08-26T10:10:55.452+0000] {manager.py:741} INFO - There are 1 files in /opt/airflow/dags
[2026-08-26T10:10:57.166+0000] {manager.py:879} INFO - 
================================================================================
DAG File Processing Stats

File Path                               PID    Runtime      # DAGs    # Errors  Last Runtime    Last Run
--------------------------------------  -----  ---------  --------  ----------  --------------  -------------------
/opt/airflow/dags/news_pipeline_dag.py                           1           0  0.93s           2026-08-26T10:10:31
================================================================================
[2026-08-26T10:11:27.273+0000] {manager.py:879} INFO - 
================================================================================
DAG File Processing Stats

File Path                               PID    Runtime      # DAGs    # Errors  Last Runtime    Last Run
--------------------------------------  -----  ---------  --------  ----------  --------------  -------------------
/opt/airflow/dags/news_pipeline_dag.py                           1           0  0.90s           2026-08-26T10:11:02
================================================================================
[2026-08-26T10:11:57.380+0000] {manager.py:879} INFO - 
================================================================================
DAG File Processing Stats

File Path                               PID    Runtime      # DAGs    # Errors  Last Runtime    Last Run
--------------------------------------  -----  ---------  --------  ----------  --------------  -------------------
/opt/airflow/dags/news_pipeline_dag.py                           1           0  0.95s           2026-08-26T10:11:33
================================================================================
[2026-08-26T10:12:27.534+0000] {manager.py:879} INFO - 
================================================================================
DAG File Processing Stats

File Path                               PID    Runtime      # DAGs    # Errors  Last Runtime    Last Run
--------------------------------------  -----  ---------  --------  ----------  --------------  -------------------
/opt/airflow/dags/news_pipeline_dag.py                           1           0  0.88s           2026-08-26T10:12:04
================================================================================
[2026-08-26T10:12:57.621+0000] {manager.py:879} INFO - 
================================================================================
DAG File Processing Stats

File Path                               PID    Runtime      # DAGs    # Errors  Last Runtime    Last Run
--------------------------------------  -----  ---------  --------  ----------  --------------  -------------------
/opt/airflow/dags/news_pipeline_dag.py                           1           0  0.92s           2026-08-26T10:12:35
================================================================================
[2026-08-26T10:13:27.710+0000] {manager.py:879} INFO - 
================================================================================
DAG File Processing Stats

File Path                               PID    Runtime      # DAGs    # Errors  Last Runtime    Last Run
--------------------------------------  -----  ---------  --------  ----------  --------------  -------------------
/opt/airflow/dags/news_pipeline_dag.py                           1           0  0.98s           2026-08-26T10:13:06
================================================================================
[2026-08-26T10:13:57.796+0000] {manager.py:879} INFO - 
================================================================================
DAG File Processing Stats

File Path                               PID    Runtime      # DAGs    # Errors  Last Runtime    Last Run
--------------------------------------  -----  ---------  --------  ----------  --------------  -------------------
/opt/airflow/dags/news_pipeline_dag.py                           1           0  0.96s           2026-08-26T10:13:37
================================================================================
[2026-08-26T10:14:28.602+0000] {manager.py:879} INFO - 
================================================================================
DAG File Processing Stats

File Path                               PID    Runtime      # DAGs    # Errors  Last Runtime    Last Run
--------------------------------------  -----  ---------  --------  ----------  --------------  -------------------
/opt/airflow/dags/news_pipeline_dag.py                           1           0  1.01s           2026-08-26T10:14:08
================================================================================
[2026-08-26T10:14:58.663+0000] {manager.py:879} INFO - 
================================================================================
DAG File Processing Stats

File Path                               PID    Runtime      # DAGs    # Errors  Last Runtime    Last Run
--------------------------------------  -----  ---------  --------  ----------  --------------  -------------------
/opt/airflow/dags/news_pipeline_dag.py                           1           0  0.96s           2026-08-26T10:14:39
================================================================================
[2026-08-26T10:15:28.664+0000] {manager.py:879} INFO - 
================================================================================
DAG File Processing Stats

File Path                               PID    Runtime      # DAGs    # Errors  Last Runtime    Last Run
--------------------------------------  -----  ---------  --------  ----------  --------------  -------------------
/opt/airflow/dags/news_pipeline_dag.py                           1           0  0.90s           2026-08-26T10:15:10
================================================================================
[2026-08-26T10:15:55.674+0000] {manager.py:738} INFO - Searching for files in /opt/airflow/dags
[2026-08-26T10:15:55.676+0000] {manager.py:741} INFO - There are 1 files in /opt/airflow/dags
[2026-08-26T10:15:58.699+0000] {manager.py:879} INFO - 
================================================================================
DAG File Processing Stats

File Path                               PID    Runtime      # DAGs    # Errors  Last Runtime    Last Run
--------------------------------------  -----  ---------  --------  ----------  --------------  -------------------
/opt/airflow/dags/news_pipeline_dag.py                           1           0  0.90s           2026-08-26T10:15:41
================================================================================
[2026-08-26T10:16:28.799+0000] {manager.py:879} INFO - 
================================================================================
DAG File Processing Stats

File Path                               PID    Runtime      # DAGs    # Errors  Last Runtime    Last Run
--------------------------------------  -----  ---------  --------  ----------  --------------  -------------------
/opt/airflow/dags/news_pipeline_dag.py                           1           0  1.00s           2026-08-26T10:16:12
================================================================================
[2026-08-26T10:16:58.813+0000] {manager.py:879} INFO - 
================================================================================
DAG File Processing Stats

File Path                               PID    Runtime      # DAGs    # Errors  Last Runtime    Last Run
--------------------------------------  -----  ---------  --------  ----------  --------------  -------------------
/opt/airflow/dags/news_pipeline_dag.py                           1           0  0.92s           2026-08-26T10:16:43
================================================================================
[2026-08-26T10:17:28.879+0000] {manager.py:879} INFO - 
================================================================================
DAG File Processing Stats

File Path                               PID    Runtime      # DAGs    # Errors  Last Runtime    Last Run
--------------------------------------  -----  ---------  --------  ----------  --------------  -------------------
/opt/airflow/dags/news_pipeline_dag.py                           1           0  0.97s           2026-08-26T10:17:14
================================================================================
[2026-08-26T10:17:58.928+0000] {manager.py:879} INFO - 
================================================================================
DAG File Processing Stats

File Path                               PID    Runtime      # DAGs    # Errors  Last Runtime    Last Run
--------------------------------------  -----  ---------  --------  ----------  --------------  -------------------
/opt/airflow/dags/news_pipeline_dag.py                           1           0  0.96s           2026-08-26T10:17:45
================================================================================
[2026-08-26T10:18:29.319+0000] {manager.py:879} INFO - 
================================================================================
DAG File Processing Stats

File Path                               PID    Runtime      # DAGs    # Errors  Last Runtime    Last Run
--------------------------------------  -----  ---------  --------  ----------  --------------  -------------------
/opt/airflow/dags/news_pipeline_dag.py                           1           0  0.91s           2026-08-26T10:18:16
================================================================================
[2026-08-26T10:18:59.409+0000] {manager.py:879} INFO - 
================================================================================
DAG File Processing Stats

File Path                               PID    Runtime      # DAGs    # Errors  Last Runtime    Last Run
--------------------------------------  -----  ---------  --------  ----------  --------------  -------------------
/opt/airflow/dags/news_pipeline_dag.py                           1           0  0.91s           2026-08-26T10:18:47
================================================================================
[2026-08-26T10:19:29.509+0000] {manager.py:879} INFO - 
================================================================================
DAG File Processing Stats

File Path                               PID    Runtime      # DAGs    # Errors  Last Runtime    Last Run
--------------------------------------  -----  ---------  --------  ----------  --------------  -------------------
/opt/airflow/dags/news_pipeline_dag.py                           1           0  1.01s           2026-08-26T10:19:18
================================================================================
[2026-08-26T10:19:59.606+0000] {manager.py:879} INFO - 
================================================================================
DAG File Processing Stats

File Path                               PID    Runtime      # DAGs    # Errors  Last Runtime    Last Run
--------------------------------------  -----  ---------  --------  ----------  --------------  -------------------
/opt/airflow/dags/news_pipeline_dag.py                           1           0  0.99s           2026-08-26T10:19:50
================================================================================
[2026-08-26T10:20:29.694+0000] {manager.py:879} INFO - 
================================================================================
DAG File Processing Stats

File Path                               PID    Runtime      # DAGs    # Errors  Last Runtime    Last Run
--------------------------------------  -----  ---------  --------  ----------  --------------  -------------------
/opt/airflow/dags/news_pipeline_dag.py                           1           0  0.91s           2026-08-26T10:20:21
================================================================================
[2026-08-26T10:20:55.771+0000] {manager.py:738} INFO - Searching for files in /opt/airflow/dags
[2026-08-26T10:20:55.772+0000] {manager.py:741} INFO - There are 1 files in /opt/airflow/dags
[2026-08-26T10:20:59.790+0000] {manager.py:879} INFO - 
================================================================================
DAG File Processing Stats

File Path                               PID    Runtime      # DAGs    # Errors  Last Runtime    Last Run
--------------------------------------  -----  ---------  --------  ----------  --------------  -------------------
/opt/airflow/dags/news_pipeline_dag.py                           1           0  0.91s           2026-08-26T10:20:52
================================================================================
[2026-08-26T10:21:29.884+0000] {manager.py:879} INFO - 
================================================================================
DAG File Processing Stats

File Path                               PID    Runtime      # DAGs    # Errors  Last Runtime    Last Run
--------------------------------------  -----  ---------  --------  ----------  --------------  -------------------
/opt/airflow/dags/news_pipeline_dag.py                           1           0  0.90s           2026-08-26T10:21:23
================================================================================
[2026-08-26T10:21:59.989+0000] {manager.py:879} INFO - 
================================================================================
DAG File Processing Stats

File Path                               PID    Runtime      # DAGs    # Errors  Last Runtime    Last Run
--------------------------------------  -----  ---------  --------  ----------  --------------  -------------------
/opt/airflow/dags/news_pipeline_dag.py                           1           0  0.88s           2026-08-26T10:21:54
================================================================================
[2026-08-26T10:22:30.106+0000] {manager.py:879} INFO - 
================================================================================
DAG File Processing Stats

File Path                               PID    Runtime      # DAGs    # Errors  Last Runtime    Last Run
--------------------------------------  -----  ---------  --------  ----------  --------------  -------------------
/opt/airflow/dags/news_pipeline_dag.py                           1           0  0.89s           2026-08-26T10:22:24
================================================================================
[2026-08-26T10:23:00.192+0000] {manager.py:879} INFO - 
================================================================================
DAG File Processing Stats

File Path                               PID    Runtime      # DAGs    # Errors  Last Runtime    Last Run
--------------------------------------  -----  ---------  --------  ----------  --------------  -------------------
/opt/airflow/dags/news_pipeline_dag.py                           1           0  0.87s           2026-08-26T10:22:55
================================================================================
[2026-08-26T10:23:30.279+0000] {manager.py:879} INFO - 
================================================================================
DAG File Processing Stats

File Path                               PID    Runtime      # DAGs    # Errors  Last Runtime    Last Run
--------------------------------------  -----  ---------  --------  ----------  --------------  -------------------
/opt/airflow/dags/news_pipeline_dag.py                           1           0  0.99s           2026-08-26T10:23:27
================================================================================
[2026-08-26T10:24:01.134+0000] {manager.py:879} INFO - 
================================================================================
DAG File Processing Stats

File Path                               PID    Runtime      # DAGs    # Errors  Last Runtime    Last Run
--------------------------------------  -----  ---------  --------  ----------  --------------  -------------------
/opt/airflow/dags/news_pipeline_dag.py                           1           0  1.08s           2026-08-26T10:23:58
================================================================================
[2026-08-26T10:24:31.150+0000] {manager.py:879} INFO - 
================================================================================
DAG File Processing Stats

File Path                               PID    Runtime      # DAGs    # Errors  Last Runtime    Last Run
--------------------------------------  -----  ---------  --------  ----------  --------------  -------------------
/opt/airflow/dags/news_pipeline_dag.py                           1           0  0.91s           2026-08-26T10:24:29
================================================================================
[2026-08-26T10:25:01.152+0000] {manager.py:879} INFO - 
================================================================================
DAG File Processing Stats

File Path                               PID    Runtime      # DAGs    # Errors  Last Runtime    Last Run
--------------------------------------  -----  ---------  --------  ----------  --------------  -------------------
/opt/airflow/dags/news_pipeline_dag.py                           1           0  0.90s           2026-08-26T10:25:00
================================================================================
[2026-08-26T10:25:31.158+0000] {manager.py:879} INFO - 
================================================================================
DAG File Processing Stats

File Path                               PID    Runtime      # DAGs    # Errors  Last Runtime    Last Run
--------------------------------------  -----  ---------  --------  ----------  --------------  -------------------
/opt/airflow/dags/news_pipeline_dag.py                           1           0  0.90s           2026-08-26T10:25:31
================================================================================
[2026-08-26T10:25:56.233+0000] {manager.py:738} INFO - Searching for files in /opt/airflow/dags
[2026-08-26T10:25:56.234+0000] {manager.py:741} INFO - There are 1 files in /opt/airflow/dags
[2026-08-26T10:26:01.264+0000] {manager.py:879} INFO - 
================================================================================
DAG File Processing Stats

File Path                                 PID  Runtime      # DAGs    # Errors  Last Runtime    Last Run
--------------------------------------  -----  ---------  --------  ----------  --------------  -------------------
/opt/airflow/dags/news_pipeline_dag.py    185  0.00s             1           0  0.90s           2026-08-26T10:25:31
================================================================================
[2026-08-26T10:26:31.638+0000] {manager.py:879} INFO - 
================================================================================
DAG File Processing Stats

File Path                               PID    Runtime      # DAGs    # Errors  Last Runtime    Last Run
--------------------------------------  -----  ---------  --------  ----------  --------------  -------------------
/opt/airflow/dags/news_pipeline_dag.py                           1           0  0.92s           2026-08-26T10:26:02
================================================================================
[2026-08-26T10:27:01.730+0000] {manager.py:879} INFO - 
================================================================================
DAG File Processing Stats

File Path                               PID    Runtime      # DAGs    # Errors  Last Runtime    Last Run
--------------------------------------  -----  ---------  --------  ----------  --------------  -------------------
/opt/airflow/dags/news_pipeline_dag.py                           1           0  0.86s           2026-08-26T10:26:33
================================================================================
[2026-08-26T10:27:31.832+0000] {manager.py:879} INFO - 
================================================================================
DAG File Processing Stats

File Path                               PID    Runtime      # DAGs    # Errors  Last Runtime    Last Run
--------------------------------------  -----  ---------  --------  ----------  --------------  -------------------
/opt/airflow/dags/news_pipeline_dag.py                           1           0  0.89s           2026-08-26T10:27:04
================================================================================
[2026-08-26T10:28:01.932+0000] {manager.py:879} INFO - 
================================================================================
DAG File Processing Stats

File Path                               PID    Runtime      # DAGs    # Errors  Last Runtime    Last Run
--------------------------------------  -----  ---------  --------  ----------  --------------  -------------------
/opt/airflow/dags/news_pipeline_dag.py                           1           0  0.87s           2026-08-26T10:27:35
================================================================================
[2026-08-26T10:28:32.032+0000] {manager.py:879} INFO - 
================================================================================
DAG File Processing Stats

File Path                               PID    Runtime      # DAGs    # Errors  Last Runtime    Last Run
--------------------------------------  -----  ---------  --------  ----------  --------------  -------------------
/opt/airflow/dags/news_pipeline_dag.py                           1           0  0.87s           2026-08-26T10:28:06
================================================================================
[2026-08-26T10:29:02.170+0000] {manager.py:879} INFO - 
================================================================================
DAG File Processing Stats

File Path                               PID    Runtime      # DAGs    # Errors  Last Runtime    Last Run
--------------------------------------  -----  ---------  --------  ----------  --------------  -------------------
/opt/airflow/dags/news_pipeline_dag.py                           1           0  0.86s           2026-08-26T10:28:36
================================================================================
[2026-08-26T10:29:32.257+0000] {manager.py:879} INFO - 
================================================================================
DAG File Processing Stats

File Path                               PID    Runtime      # DAGs    # Errors  Last Runtime    Last Run
--------------------------------------  -----  ---------  --------  ----------  --------------  -------------------
/opt/airflow/dags/news_pipeline_dag.py                           1           0  0.91s           2026-08-26T10:29:07
================================================================================
[2026-08-26T15:14:02.025+0000] {manager.py:469} INFO - Processing files using up to 2 processes at a time 
[2026-08-26T15:14:02.107+0000] {manager.py:470} INFO - Process each file at most once every 30 seconds
[2026-08-26T15:14:02.108+0000] {manager.py:471} INFO - Checking for new files in /opt/airflow/dags every 300 seconds
[2026-08-26T15:14:02.108+0000] {manager.py:738} INFO - Searching for files in /opt/airflow/dags
[2026-08-26T15:14:02.116+0000] {manager.py:741} INFO - There are 1 files in /opt/airflow/dags
[2026-08-26T15:14:02.512+0000] {manager.py:879} INFO - 
================================================================================
DAG File Processing Stats

File Path                                 PID  Runtime      # DAGs    # Errors  Last Runtime    Last Run
--------------------------------------  -----  ---------  --------  ----------  --------------  ----------
/opt/airflow/dags/news_pipeline_dag.py     41  0.25s             0           0
================================================================================
[2026-08-26T15:14:32.692+0000] {manager.py:879} INFO - 
================================================================================
DAG File Processing Stats

File Path                                 PID  Runtime      # DAGs    # Errors  Last Runtime    Last Run
--------------------------------------  -----  ---------  --------  ----------  --------------  -------------------
/opt/airflow/dags/news_pipeline_dag.py     42  0.01s             0           1  0.35s           2026-08-26T15:14:02
================================================================================
[2026-08-26T15:15:02.865+0000] {manager.py:879} INFO - 
================================================================================
DAG File Processing Stats

File Path                                 PID  Runtime      # DAGs    # Errors  Last Runtime    Last Run
--------------------------------------  -----  ---------  --------  ----------  --------------  -------------------
/opt/airflow/dags/news_pipeline_dag.py     43  0.01s             0           1  0.08s           2026-08-26T15:14:32
================================================================================
[2026-08-26T15:15:32.987+0000] {manager.py:879} INFO - 
================================================================================
DAG File Processing Stats

File Path                                 PID  Runtime      # DAGs    # Errors  Last Runtime    Last Run
--------------------------------------  -----  ---------  --------  ----------  --------------  -------------------
/opt/airflow/dags/news_pipeline_dag.py     44  0.01s             0           1  0.07s           2026-08-26T15:15:02
================================================================================
[2026-08-26T15:16:03.109+0000] {manager.py:879} INFO - 
================================================================================
DAG File Processing Stats

File Path                                 PID  Runtime      # DAGs    # Errors  Last Runtime    Last Run
--------------------------------------  -----  ---------  --------  ----------  --------------  -------------------
/opt/airflow/dags/news_pipeline_dag.py     45  0.00s             0           1  0.05s           2026-08-26T15:15:33
================================================================================
[2026-08-26T15:16:33.217+0000] {manager.py:879} INFO - 
================================================================================
DAG File Processing Stats

File Path                                 PID  Runtime      # DAGs    # Errors  Last Runtime    Last Run
--------------------------------------  -----  ---------  --------  ----------  --------------  -------------------
/opt/airflow/dags/news_pipeline_dag.py     46  0.00s             0           1  0.04s           2026-08-26T15:16:03
================================================================================
[2026-08-26T15:17:03.334+0000] {manager.py:879} INFO - 
================================================================================
DAG File Processing Stats

File Path                                 PID  Runtime      # DAGs    # Errors  Last Runtime    Last Run
--------------------------------------  -----  ---------  --------  ----------  --------------  -------------------
/opt/airflow/dags/news_pipeline_dag.py     47  0.00s             0           1  0.04s           2026-08-26T15:16:33
================================================================================
[2026-08-26T15:17:33.454+0000] {manager.py:879} INFO - 
================================================================================
DAG File Processing Stats

File Path                                 PID  Runtime      # DAGs    # Errors  Last Runtime    Last Run
--------------------------------------  -----  ---------  --------  ----------  --------------  -------------------
/opt/airflow/dags/news_pipeline_dag.py     48  0.00s             0           1  0.05s           2026-08-26T15:17:03
================================================================================
[2026-08-26T15:18:03.585+0000] {manager.py:879} INFO - 
================================================================================
DAG File Processing Stats

File Path                                 PID  Runtime      # DAGs    # Errors  Last Runtime    Last Run
--------------------------------------  -----  ---------  --------  ----------  --------------  -------------------
/opt/airflow/dags/news_pipeline_dag.py     49  0.01s             0           1  0.05s           2026-08-26T15:17:33
================================================================================
[2026-08-26T15:18:33.700+0000] {manager.py:879} INFO - 
================================================================================
DAG File Processing Stats

File Path                                 PID  Runtime      # DAGs    # Errors  Last Runtime    Last Run
--------------------------------------  -----  ---------  --------  ----------  --------------  -------------------
/opt/airflow/dags/news_pipeline_dag.py     50  0.00s             0           1  0.04s           2026-08-26T15:18:03
================================================================================
[2026-08-26T15:19:02.801+0000] {manager.py:738} INFO - Searching for files in /opt/airflow/dags
[2026-08-26T15:19:02.802+0000] {manager.py:741} INFO - There are 1 files in /opt/airflow/dags
[2026-08-26T15:19:03.820+0000] {manager.py:879} INFO - 
================================================================================
DAG File Processing Stats

File Path                                 PID  Runtime      # DAGs    # Errors  Last Runtime    Last Run
--------------------------------------  -----  ---------  --------  ----------  --------------  -------------------
/opt/airflow/dags/news_pipeline_dag.py     51  0.00s             0           1  0.04s           2026-08-26T15:18:33
================================================================================
[2026-08-26T15:19:34.067+0000] {manager.py:879} INFO - 
================================================================================
DAG File Processing Stats

File Path                               PID    Runtime      # DAGs    # Errors  Last Runtime    Last Run
--------------------------------------  -----  ---------  --------  ----------  --------------  -------------------
/opt/airflow/dags/news_pipeline_dag.py                           1           0  6.17s           2026-08-26T15:19:21
================================================================================
[2026-08-26T15:20:04.318+0000] {manager.py:879} INFO - 
================================================================================
DAG File Processing Stats

File Path                               PID    Runtime      # DAGs    # Errors  Last Runtime    Last Run
--------------------------------------  -----  ---------  --------  ----------  --------------  -------------------
/opt/airflow/dags/news_pipeline_dag.py                           1           0  1.10s           2026-08-26T15:19:52
================================================================================
[2026-08-26T15:20:34.494+0000] {manager.py:879} INFO - 
================================================================================
DAG File Processing Stats

File Path                               PID    Runtime      # DAGs    # Errors  Last Runtime    Last Run
--------------------------------------  -----  ---------  --------  ----------  --------------  -------------------
/opt/airflow/dags/news_pipeline_dag.py                           1           0  1.11s           2026-08-26T15:20:23
================================================================================
[2026-08-26T15:21:04.548+0000] {manager.py:879} INFO - 
================================================================================
DAG File Processing Stats

File Path                               PID    Runtime      # DAGs    # Errors  Last Runtime    Last Run
--------------------------------------  -----  ---------  --------  ----------  --------------  -------------------
/opt/airflow/dags/news_pipeline_dag.py                           1           0  0.95s           2026-08-26T15:20:54
================================================================================
[2026-08-26T15:21:34.595+0000] {manager.py:879} INFO - 
================================================================================
DAG File Processing Stats

File Path                               PID    Runtime      # DAGs    # Errors  Last Runtime    Last Run
--------------------------------------  -----  ---------  --------  ----------  --------------  -------------------
/opt/airflow/dags/news_pipeline_dag.py                           1           0  0.94s           2026-08-26T15:21:25
================================================================================
[2026-08-26T15:22:04.637+0000] {manager.py:879} INFO - 
================================================================================
DAG File Processing Stats

File Path                               PID    Runtime      # DAGs    # Errors  Last Runtime    Last Run
--------------------------------------  -----  ---------  --------  ----------  --------------  -------------------
/opt/airflow/dags/news_pipeline_dag.py                           1           0  0.94s           2026-08-26T15:21:56
================================================================================
[2026-08-26T15:22:34.747+0000] {manager.py:879} INFO - 
================================================================================
DAG File Processing Stats

File Path                               PID    Runtime      # DAGs    # Errors  Last Runtime    Last Run
--------------------------------------  -----  ---------  --------  ----------  --------------  -------------------
/opt/airflow/dags/news_pipeline_dag.py                           1           0  1.09s           2026-08-26T15:22:27
================================================================================
[2026-08-26T15:23:04.915+0000] {manager.py:879} INFO - 
================================================================================
DAG File Processing Stats

File Path                               PID    Runtime      # DAGs    # Errors  Last Runtime    Last Run
--------------------------------------  -----  ---------  --------  ----------  --------------  -------------------
/opt/airflow/dags/news_pipeline_dag.py                           1           0  1.13s           2026-08-26T15:22:58
================================================================================
[2026-08-26T15:23:34.958+0000] {manager.py:879} INFO - 
================================================================================
DAG File Processing Stats

File Path                               PID    Runtime      # DAGs    # Errors  Last Runtime    Last Run
--------------------------------------  -----  ---------  --------  ----------  --------------  -------------------
/opt/airflow/dags/news_pipeline_dag.py                           1           0  0.94s           2026-08-26T15:23:29
================================================================================
[2026-08-26T15:24:03.060+0000] {manager.py:738} INFO - Searching for files in /opt/airflow/dags
[2026-08-26T15:24:03.061+0000] {manager.py:741} INFO - There are 1 files in /opt/airflow/dags
[2026-08-26T15:24:05.077+0000] {manager.py:879} INFO - 
================================================================================
DAG File Processing Stats

File Path                               PID    Runtime      # DAGs    # Errors  Last Runtime    Last Run
--------------------------------------  -----  ---------  --------  ----------  --------------  -------------------
/opt/airflow/dags/news_pipeline_dag.py                           1           0  1.00s           2026-08-26T15:24:01
================================================================================
[2026-08-26T15:24:35.196+0000] {manager.py:879} INFO - 
================================================================================
DAG File Processing Stats

File Path                               PID    Runtime      # DAGs    # Errors  Last Runtime    Last Run
--------------------------------------  -----  ---------  --------  ----------  --------------  -------------------
/opt/airflow/dags/news_pipeline_dag.py                           1           0  1.02s           2026-08-26T15:24:32
================================================================================
[2026-08-26T15:25:05.235+0000] {manager.py:879} INFO - 
================================================================================
DAG File Processing Stats

File Path                               PID    Runtime      # DAGs    # Errors  Last Runtime    Last Run
--------------------------------------  -----  ---------  --------  ----------  --------------  -------------------
/opt/airflow/dags/news_pipeline_dag.py                           1           0  0.95s           2026-08-26T15:25:03
================================================================================
[2026-08-26T15:25:35.347+0000] {manager.py:879} INFO - 
================================================================================
DAG File Processing Stats

File Path                               PID    Runtime      # DAGs    # Errors  Last Runtime    Last Run
--------------------------------------  -----  ---------  --------  ----------  --------------  -------------------
/opt/airflow/dags/news_pipeline_dag.py                           1           0  1.00s           2026-08-26T15:25:34
================================================================================
[2026-08-26T15:26:05.433+0000] {manager.py:879} INFO - 
================================================================================
DAG File Processing Stats

File Path                               PID    Runtime      # DAGs    # Errors  Last Runtime    Last Run
--------------------------------------  -----  ---------  --------  ----------  --------------  -------------------
/opt/airflow/dags/news_pipeline_dag.py                           1           0  0.98s           2026-08-26T15:26:05
================================================================================
[2026-08-26T15:26:35.538+0000] {manager.py:879} INFO - 
================================================================================
DAG File Processing Stats

File Path                                 PID  Runtime      # DAGs    # Errors  Last Runtime    Last Run
--------------------------------------  -----  ---------  --------  ----------  --------------  -------------------
/opt/airflow/dags/news_pipeline_dag.py     94  0.00s             1           0  0.98s           2026-08-26T15:26:05
================================================================================
[2026-08-26T15:27:05.569+0000] {manager.py:879} INFO - 
================================================================================
DAG File Processing Stats

File Path                               PID    Runtime      # DAGs    # Errors  Last Runtime    Last Run
--------------------------------------  -----  ---------  --------  ----------  --------------  -------------------
/opt/airflow/dags/news_pipeline_dag.py                           1           0  0.93s           2026-08-26T15:26:36
================================================================================
[2026-08-26T15:27:35.635+0000] {manager.py:879} INFO - 
================================================================================
DAG File Processing Stats

File Path                               PID    Runtime      # DAGs    # Errors  Last Runtime    Last Run
--------------------------------------  -----  ---------  --------  ----------  --------------  -------------------
/opt/airflow/dags/news_pipeline_dag.py                           1           0  0.96s           2026-08-26T15:27:07
================================================================================
[2026-08-26T15:28:05.658+0000] {manager.py:879} INFO - 
================================================================================
DAG File Processing Stats

File Path                               PID    Runtime      # DAGs    # Errors  Last Runtime    Last Run
--------------------------------------  -----  ---------  --------  ----------  --------------  -------------------
/opt/airflow/dags/news_pipeline_dag.py                           1           0  0.92s           2026-08-26T15:27:38
================================================================================
[2026-08-26T15:28:35.732+0000] {manager.py:879} INFO - 
================================================================================
DAG File Processing Stats

File Path                               PID    Runtime      # DAGs    # Errors  Last Runtime    Last Run
--------------------------------------  -----  ---------  --------  ----------  --------------  -------------------
/opt/airflow/dags/news_pipeline_dag.py                           1           0  0.97s           2026-08-26T15:28:09
================================================================================
[2026-08-26T15:29:03.790+0000] {manager.py:738} INFO - Searching for files in /opt/airflow/dags
[2026-08-26T15:29:03.791+0000] {manager.py:741} INFO - There are 1 files in /opt/airflow/dags
[2026-08-26T15:29:05.806+0000] {manager.py:879} INFO - 
================================================================================
DAG File Processing Stats

File Path                               PID    Runtime      # DAGs    # Errors  Last Runtime    Last Run
--------------------------------------  -----  ---------  --------  ----------  --------------  -------------------
/opt/airflow/dags/news_pipeline_dag.py                           1           0  0.98s           2026-08-26T15:28:40
================================================================================
[2026-08-26T15:29:35.894+0000] {manager.py:879} INFO - 
================================================================================
DAG File Processing Stats

File Path                               PID    Runtime      # DAGs    # Errors  Last Runtime    Last Run
--------------------------------------  -----  ---------  --------  ----------  --------------  -------------------
/opt/airflow/dags/news_pipeline_dag.py                           1           0  0.99s           2026-08-26T15:29:11
================================================================================
[2026-08-26T15:30:05.934+0000] {manager.py:879} INFO - 
================================================================================
DAG File Processing Stats

File Path                               PID    Runtime      # DAGs    # Errors  Last Runtime    Last Run
--------------------------------------  -----  ---------  --------  ----------  --------------  -------------------
/opt/airflow/dags/news_pipeline_dag.py                           1           0  0.95s           2026-08-26T15:29:42
================================================================================
[2026-08-26T15:30:35.993+0000] {manager.py:879} INFO - 
================================================================================
DAG File Processing Stats

File Path                               PID    Runtime      # DAGs    # Errors  Last Runtime    Last Run
--------------------------------------  -----  ---------  --------  ----------  --------------  -------------------
/opt/airflow/dags/news_pipeline_dag.py                           1           0  0.96s           2026-08-26T15:30:13
================================================================================
[2026-08-26T15:31:06.081+0000] {manager.py:879} INFO - 
================================================================================
DAG File Processing Stats

File Path                               PID    Runtime      # DAGs    # Errors  Last Runtime    Last Run
--------------------------------------  -----  ---------  --------  ----------  --------------  -------------------
/opt/airflow/dags/news_pipeline_dag.py                           1           0  0.99s           2026-08-26T15:30:45
================================================================================
[2026-08-26T15:31:36.126+0000] {manager.py:879} INFO - 
================================================================================
DAG File Processing Stats

File Path                               PID    Runtime      # DAGs    # Errors  Last Runtime    Last Run
--------------------------------------  -----  ---------  --------  ----------  --------------  -------------------
/opt/airflow/dags/news_pipeline_dag.py                           1           0  0.95s           2026-08-26T15:31:16
================================================================================
[2026-08-26T15:32:06.161+0000] {manager.py:879} INFO - 
================================================================================
DAG File Processing Stats

File Path                               PID    Runtime      # DAGs    # Errors  Last Runtime    Last Run
--------------------------------------  -----  ---------  --------  ----------  --------------  -------------------
/opt/airflow/dags/news_pipeline_dag.py                           1           0  0.94s           2026-08-26T15:31:47
================================================================================
[2026-08-26T15:32:36.266+0000] {manager.py:879} INFO - 
================================================================================
DAG File Processing Stats

File Path                               PID    Runtime      # DAGs    # Errors  Last Runtime    Last Run
--------------------------------------  -----  ---------  --------  ----------  --------------  -------------------
/opt/airflow/dags/news_pipeline_dag.py                           1           0  1.07s           2026-08-26T15:32:18
================================================================================
[2026-08-26T15:33:06.430+0000] {manager.py:879} INFO - 
================================================================================
DAG File Processing Stats

File Path                               PID    Runtime      # DAGs    # Errors  Last Runtime    Last Run
--------------------------------------  -----  ---------  --------  ----------  --------------  -------------------
/opt/airflow/dags/news_pipeline_dag.py                           1           0  1.13s           2026-08-26T15:32:49
================================================================================
[2026-08-26T15:33:36.482+0000] {manager.py:879} INFO - 
================================================================================
DAG File Processing Stats

File Path                               PID    Runtime      # DAGs    # Errors  Last Runtime    Last Run
--------------------------------------  -----  ---------  --------  ----------  --------------  -------------------
/opt/airflow/dags/news_pipeline_dag.py                           1           0  0.95s           2026-08-26T15:33:20
================================================================================
[2026-08-26T15:34:04.521+0000] {manager.py:738} INFO - Searching for files in /opt/airflow/dags
[2026-08-26T15:34:04.523+0000] {manager.py:741} INFO - There are 1 files in /opt/airflow/dags
[2026-08-26T15:34:06.537+0000] {manager.py:879} INFO - 
================================================================================
DAG File Processing Stats

File Path                               PID    Runtime      # DAGs    # Errors  Last Runtime    Last Run
--------------------------------------  -----  ---------  --------  ----------  --------------  -------------------
/opt/airflow/dags/news_pipeline_dag.py                           1           0  0.94s           2026-08-26T15:33:51
================================================================================
[2026-08-26T15:34:36.545+0000] {manager.py:879} INFO - 
================================================================================
DAG File Processing Stats

File Path                               PID    Runtime      # DAGs    # Errors  Last Runtime    Last Run
--------------------------------------  -----  ---------  --------  ----------  --------------  -------------------
/opt/airflow/dags/news_pipeline_dag.py                           1           0  0.91s           2026-08-26T15:34:22
================================================================================
[2026-08-26T15:35:06.585+0000] {manager.py:879} INFO - 
================================================================================
DAG File Processing Stats

File Path                               PID    Runtime      # DAGs    # Errors  Last Runtime    Last Run
--------------------------------------  -----  ---------  --------  ----------  --------------  -------------------
/opt/airflow/dags/news_pipeline_dag.py                           1           0  0.94s           2026-08-26T15:34:53
================================================================================
[2026-08-26T15:35:36.655+0000] {manager.py:879} INFO - 
================================================================================
DAG File Processing Stats

File Path                               PID    Runtime      # DAGs    # Errors  Last Runtime    Last Run
--------------------------------------  -----  ---------  --------  ----------  --------------  -------------------
/opt/airflow/dags/news_pipeline_dag.py                           1           0  0.98s           2026-08-26T15:35:24
================================================================================
[2026-08-26T15:36:06.753+0000] {manager.py:879} INFO - 
================================================================================
DAG File Processing Stats

File Path                               PID    Runtime      # DAGs    # Errors  Last Runtime    Last Run
--------------------------------------  -----  ---------  --------  ----------  --------------  -------------------
/opt/airflow/dags/news_pipeline_dag.py                           1           0  1.00s           2026-08-26T15:35:55
================================================================================
[2026-08-26T15:36:36.783+0000] {manager.py:879} INFO - 
================================================================================
DAG File Processing Stats

File Path                               PID    Runtime      # DAGs    # Errors  Last Runtime    Last Run
--------------------------------------  -----  ---------  --------  ----------  --------------  -------------------
/opt/airflow/dags/news_pipeline_dag.py                           1           0  0.94s           2026-08-26T15:36:26
================================================================================
[2026-08-26T15:37:06.838+0000] {manager.py:879} INFO - 
================================================================================
DAG File Processing Stats

File Path                               PID    Runtime      # DAGs    # Errors  Last Runtime    Last Run
--------------------------------------  -----  ---------  --------  ----------  --------------  -------------------
/opt/airflow/dags/news_pipeline_dag.py                           1           0  0.96s           2026-08-26T15:36:57
================================================================================
[2026-08-26T15:37:36.939+0000] {manager.py:879} INFO - 
================================================================================
DAG File Processing Stats

File Path                               PID    Runtime      # DAGs    # Errors  Last Runtime    Last Run
--------------------------------------  -----  ---------  --------  ----------  --------------  -------------------
/opt/airflow/dags/news_pipeline_dag.py                           1           0  1.04s           2026-08-26T15:37:28
================================================================================
[2026-08-26T15:38:06.979+0000] {manager.py:879} INFO - 
================================================================================
DAG File Processing Stats

File Path                               PID    Runtime      # DAGs    # Errors  Last Runtime    Last Run
--------------------------------------  -----  ---------  --------  ----------  --------------  -------------------
/opt/airflow/dags/news_pipeline_dag.py                           1           0  0.94s           2026-08-26T15:37:59
================================================================================
[2026-08-26T15:38:37.039+0000] {manager.py:879} INFO - 
================================================================================
DAG File Processing Stats

File Path                               PID    Runtime      # DAGs    # Errors  Last Runtime    Last Run
--------------------------------------  -----  ---------  --------  ----------  --------------  -------------------
/opt/airflow/dags/news_pipeline_dag.py                           1           0  0.96s           2026-08-26T15:38:31
================================================================================
[2026-08-26T15:39:05.152+0000] {manager.py:738} INFO - Searching for files in /opt/airflow/dags
[2026-08-26T15:39:05.154+0000] {manager.py:741} INFO - There are 1 files in /opt/airflow/dags
[2026-08-26T15:39:07.170+0000] {manager.py:879} INFO - 
================================================================================
DAG File Processing Stats

File Path                               PID    Runtime      # DAGs    # Errors  Last Runtime    Last Run
--------------------------------------  -----  ---------  --------  ----------  --------------  -------------------
/opt/airflow/dags/news_pipeline_dag.py                           1           0  1.06s           2026-08-26T15:39:02
================================================================================
[2026-08-26T15:39:37.233+0000] {manager.py:879} INFO - 
================================================================================
DAG File Processing Stats

File Path                               PID    Runtime      # DAGs    # Errors  Last Runtime    Last Run
--------------------------------------  -----  ---------  --------  ----------  --------------  -------------------
/opt/airflow/dags/news_pipeline_dag.py                           1           0  0.97s           2026-08-26T15:39:33
================================================================================
[2026-08-26T15:40:07.285+0000] {manager.py:879} INFO - 
================================================================================
DAG File Processing Stats

File Path                               PID    Runtime      # DAGs    # Errors  Last Runtime    Last Run
--------------------------------------  -----  ---------  --------  ----------  --------------  -------------------
/opt/airflow/dags/news_pipeline_dag.py                           1           0  0.94s           2026-08-26T15:40:04
================================================================================
[2026-08-26T15:40:37.431+0000] {manager.py:879} INFO - 
================================================================================
DAG File Processing Stats

File Path                               PID    Runtime      # DAGs    # Errors  Last Runtime    Last Run
--------------------------------------  -----  ---------  --------  ----------  --------------  -------------------
/opt/airflow/dags/news_pipeline_dag.py                           1           0  1.05s           2026-08-26T15:40:35
================================================================================
[2026-08-26T15:41:07.546+0000] {manager.py:879} INFO - 
================================================================================
DAG File Processing Stats

File Path                               PID    Runtime      # DAGs    # Errors  Last Runtime    Last Run
--------------------------------------  -----  ---------  --------  ----------  --------------  -------------------
/opt/airflow/dags/news_pipeline_dag.py                           1           0  1.05s           2026-08-26T15:41:06
================================================================================
[2026-08-26T15:41:37.649+0000] {manager.py:879} INFO - 
================================================================================
DAG File Processing Stats

File Path                                 PID  Runtime      # DAGs    # Errors  Last Runtime    Last Run
--------------------------------------  -----  ---------  --------  ----------  --------------  -------------------
/opt/airflow/dags/news_pipeline_dag.py    181  1.01s             1           0  1.05s           2026-08-26T15:41:06
================================================================================
[2026-08-26T15:42:07.751+0000] {manager.py:879} INFO - 
================================================================================
DAG File Processing Stats

File Path                                 PID  Runtime      # DAGs    # Errors  Last Runtime    Last Run
--------------------------------------  -----  ---------  --------  ----------  --------------  -------------------
/opt/airflow/dags/news_pipeline_dag.py    184  0.01s             1           0  1.02s           2026-08-26T15:41:37
================================================================================
[2026-08-26T15:42:37.874+0000] {manager.py:879} INFO - 
================================================================================
DAG File Processing Stats

File Path                               PID    Runtime      # DAGs    # Errors  Last Runtime    Last Run
--------------------------------------  -----  ---------  --------  ----------  --------------  -------------------
/opt/airflow/dags/news_pipeline_dag.py                           1           0  1.17s           2026-08-26T15:42:08
================================================================================
[2026-08-26T15:43:08.102+0000] {manager.py:879} INFO - 
================================================================================
DAG File Processing Stats

File Path                               PID    Runtime      # DAGs    # Errors  Last Runtime    Last Run
--------------------------------------  -----  ---------  --------  ----------  --------------  -------------------
/opt/airflow/dags/news_pipeline_dag.py                           1           0  1.09s           2026-08-26T15:42:40
================================================================================
[2026-08-26T15:43:38.132+0000] {manager.py:879} INFO - 
================================================================================
DAG File Processing Stats

File Path                               PID    Runtime      # DAGs    # Errors  Last Runtime    Last Run
--------------------------------------  -----  ---------  --------  ----------  --------------  -------------------
/opt/airflow/dags/news_pipeline_dag.py                           1           0  0.93s           2026-08-26T15:43:11
================================================================================
[2026-08-26T15:44:05.197+0000] {manager.py:738} INFO - Searching for files in /opt/airflow/dags
[2026-08-26T15:44:05.199+0000] {manager.py:741} INFO - There are 1 files in /opt/airflow/dags
[2026-08-26T15:44:08.218+0000] {manager.py:879} INFO - 
================================================================================
DAG File Processing Stats

File Path                               PID    Runtime      # DAGs    # Errors  Last Runtime    Last Run
--------------------------------------  -----  ---------  --------  ----------  --------------  -------------------
/opt/airflow/dags/news_pipeline_dag.py                           1           0  0.97s           2026-08-26T15:43:42
================================================================================
[2026-08-26T15:44:38.281+0000] {manager.py:879} INFO - 
================================================================================
DAG File Processing Stats

File Path                               PID    Runtime      # DAGs    # Errors  Last Runtime    Last Run
--------------------------------------  -----  ---------  --------  ----------  --------------  -------------------
/opt/airflow/dags/news_pipeline_dag.py                           1           0  0.96s           2026-08-26T15:44:13
================================================================================
[2026-08-26T15:45:08.313+0000] {manager.py:879} INFO - 
================================================================================
DAG File Processing Stats

File Path                               PID    Runtime      # DAGs    # Errors  Last Runtime    Last Run
--------------------------------------  -----  ---------  --------  ----------  --------------  -------------------
/opt/airflow/dags/news_pipeline_dag.py                           1           0  0.93s           2026-08-26T15:44:44
================================================================================
[2026-08-26T15:45:38.416+0000] {manager.py:879} INFO - 
================================================================================
DAG File Processing Stats

File Path                               PID    Runtime      # DAGs    # Errors  Last Runtime    Last Run
--------------------------------------  -----  ---------  --------  ----------  --------------  -------------------
/opt/airflow/dags/news_pipeline_dag.py                           1           0  1.07s           2026-08-26T15:45:15
================================================================================
[2026-08-26T15:46:08.513+0000] {manager.py:879} INFO - 
================================================================================
DAG File Processing Stats

File Path                               PID    Runtime      # DAGs    # Errors  Last Runtime    Last Run
--------------------------------------  -----  ---------  --------  ----------  --------------  -------------------
/opt/airflow/dags/news_pipeline_dag.py                           1           0  0.99s           2026-08-26T15:45:46
================================================================================
[2026-08-26T15:46:38.590+0000] {manager.py:879} INFO - 
================================================================================
DAG File Processing Stats

File Path                               PID    Runtime      # DAGs    # Errors  Last Runtime    Last Run
--------------------------------------  -----  ---------  --------  ----------  --------------  -------------------
/opt/airflow/dags/news_pipeline_dag.py                           1           0  0.98s           2026-08-26T15:46:17
================================================================================
[2026-08-26T15:47:08.685+0000] {manager.py:879} INFO - 
================================================================================
DAG File Processing Stats

File Path                               PID    Runtime      # DAGs    # Errors  Last Runtime    Last Run
--------------------------------------  -----  ---------  --------  ----------  --------------  -------------------
/opt/airflow/dags/news_pipeline_dag.py                           1           0  1.00s           2026-08-26T15:46:48
================================================================================
[2026-08-26T15:47:38.720+0000] {manager.py:879} INFO - 
================================================================================
DAG File Processing Stats

File Path                               PID    Runtime      # DAGs    # Errors  Last Runtime    Last Run
--------------------------------------  -----  ---------  --------  ----------  --------------  -------------------
/opt/airflow/dags/news_pipeline_dag.py                           1           0  0.94s           2026-08-26T15:47:19
================================================================================
[2026-08-26T15:48:08.762+0000] {manager.py:879} INFO - 
================================================================================
DAG File Processing Stats

File Path                               PID    Runtime      # DAGs    # Errors  Last Runtime    Last Run
--------------------------------------  -----  ---------  --------  ----------  --------------  -------------------
/opt/airflow/dags/news_pipeline_dag.py                           1           0  0.94s           2026-08-26T15:47:50
================================================================================
[2026-08-26T15:48:38.864+0000] {manager.py:879} INFO - 
================================================================================
DAG File Processing Stats

File Path                               PID    Runtime      # DAGs    # Errors  Last Runtime    Last Run
--------------------------------------  -----  ---------  --------  ----------  --------------  -------------------
/opt/airflow/dags/news_pipeline_dag.py                           1           0  1.01s           2026-08-26T15:48:21
================================================================================
[2026-08-26T15:49:05.914+0000] {manager.py:738} INFO - Searching for files in /opt/airflow/dags
[2026-08-26T15:49:05.915+0000] {manager.py:741} INFO - There are 1 files in /opt/airflow/dags
[2026-08-26T15:49:08.935+0000] {manager.py:879} INFO - 
================================================================================
DAG File Processing Stats

File Path                               PID    Runtime      # DAGs    # Errors  Last Runtime    Last Run
--------------------------------------  -----  ---------  --------  ----------  --------------  -------------------
/opt/airflow/dags/news_pipeline_dag.py                           1           0  0.96s           2026-08-26T15:48:52
================================================================================
[2026-08-26T15:49:39.045+0000] {manager.py:879} INFO - 
================================================================================
DAG File Processing Stats

File Path                               PID    Runtime      # DAGs    # Errors  Last Runtime    Last Run
--------------------------------------  -----  ---------  --------  ----------  --------------  -------------------
/opt/airflow/dags/news_pipeline_dag.py                           1           0  1.02s           2026-08-26T15:49:24
================================================================================
[2026-08-26T15:50:09.162+0000] {manager.py:879} INFO - 
================================================================================
DAG File Processing Stats

File Path                               PID    Runtime      # DAGs    # Errors  Last Runtime    Last Run
--------------------------------------  -----  ---------  --------  ----------  --------------  -------------------
/opt/airflow/dags/news_pipeline_dag.py                           1           0  1.09s           2026-08-26T15:49:55
================================================================================
[2026-08-26T15:50:39.238+0000] {manager.py:879} INFO - 
================================================================================
DAG File Processing Stats

File Path                               PID    Runtime      # DAGs    # Errors  Last Runtime    Last Run
--------------------------------------  -----  ---------  --------  ----------  --------------  -------------------
/opt/airflow/dags/news_pipeline_dag.py                           1           0  0.97s           2026-08-26T15:50:26
================================================================================
[2026-08-26T15:51:09.300+0000] {manager.py:879} INFO - 
================================================================================
DAG File Processing Stats

File Path                               PID    Runtime      # DAGs    # Errors  Last Runtime    Last Run
--------------------------------------  -----  ---------  --------  ----------  --------------  -------------------
/opt/airflow/dags/news_pipeline_dag.py                           1           0  0.95s           2026-08-26T15:50:57
================================================================================
[2026-08-26T15:51:39.419+0000] {manager.py:879} INFO - 
================================================================================
DAG File Processing Stats

File Path                               PID    Runtime      # DAGs    # Errors  Last Runtime    Last Run
--------------------------------------  -----  ---------  --------  ----------  --------------  -------------------
/opt/airflow/dags/news_pipeline_dag.py                           1           0  1.07s           2026-08-26T15:51:28
================================================================================
[2026-08-26T15:52:09.544+0000] {manager.py:879} INFO - 
================================================================================
DAG File Processing Stats

File Path                               PID    Runtime      # DAGs    # Errors  Last Runtime    Last Run
--------------------------------------  -----  ---------  --------  ----------  --------------  -------------------
/opt/airflow/dags/news_pipeline_dag.py                           1           0  1.07s           2026-08-26T15:51:59
================================================================================
[2026-08-26T15:52:39.632+0000] {manager.py:879} INFO - 
================================================================================
DAG File Processing Stats

File Path                               PID    Runtime      # DAGs    # Errors  Last Runtime    Last Run
--------------------------------------  -----  ---------  --------  ----------  --------------  -------------------
/opt/airflow/dags/news_pipeline_dag.py                           1           0  0.99s           2026-08-26T15:52:30
================================================================================
[2026-08-26T15:53:09.684+0000] {manager.py:879} INFO - 
================================================================================
DAG File Processing Stats

File Path                               PID    Runtime      # DAGs    # Errors  Last Runtime    Last Run
--------------------------------------  -----  ---------  --------  ----------  --------------  -------------------
/opt/airflow/dags/news_pipeline_dag.py                           1           0  0.95s           2026-08-26T15:53:01
================================================================================
[2026-08-26T15:53:39.775+0000] {manager.py:879} INFO - 
================================================================================
DAG File Processing Stats

File Path                               PID    Runtime      # DAGs    # Errors  Last Runtime    Last Run
--------------------------------------  -----  ---------  --------  ----------  --------------  -------------------
/opt/airflow/dags/news_pipeline_dag.py                           1           0  0.99s           2026-08-26T15:53:32
================================================================================
[2026-08-26T15:54:06.837+0000] {manager.py:738} INFO - Searching for files in /opt/airflow/dags
[2026-08-26T15:54:06.838+0000] {manager.py:741} INFO - There are 1 files in /opt/airflow/dags
[2026-08-26T15:54:09.858+0000] {manager.py:879} INFO - 
================================================================================
DAG File Processing Stats

File Path                               PID    Runtime      # DAGs    # Errors  Last Runtime    Last Run
--------------------------------------  -----  ---------  --------  ----------  --------------  -------------------
/opt/airflow/dags/news_pipeline_dag.py                           1           0  0.97s           2026-08-26T15:54:03
================================================================================
[2026-08-26T15:54:39.903+0000] {manager.py:879} INFO - 
================================================================================
DAG File Processing Stats

File Path                               PID    Runtime      # DAGs    # Errors  Last Runtime    Last Run
--------------------------------------  -----  ---------  --------  ----------  --------------  -------------------
/opt/airflow/dags/news_pipeline_dag.py                           1           0  0.94s           2026-08-26T15:54:34
================================================================================
[2026-08-26T15:55:09.986+0000] {manager.py:879} INFO - 
================================================================================
DAG File Processing Stats

File Path                               PID    Runtime      # DAGs    # Errors  Last Runtime    Last Run
--------------------------------------  -----  ---------  --------  ----------  --------------  -------------------
/opt/airflow/dags/news_pipeline_dag.py                           1           0  0.98s           2026-08-26T15:55:05
================================================================================
[2026-08-26T15:55:40.058+0000] {manager.py:879} INFO - 
================================================================================
DAG File Processing Stats

File Path                               PID    Runtime      # DAGs    # Errors  Last Runtime    Last Run
--------------------------------------  -----  ---------  --------  ----------  --------------  -------------------
/opt/airflow/dags/news_pipeline_dag.py                           1           0  0.96s           2026-08-26T15:55:37
================================================================================
[2026-08-26T15:56:10.149+0000] {manager.py:879} INFO - 
================================================================================
DAG File Processing Stats

File Path                               PID    Runtime      # DAGs    # Errors  Last Runtime    Last Run
--------------------------------------  -----  ---------  --------  ----------  --------------  -------------------
/opt/airflow/dags/news_pipeline_dag.py                           1           0  0.99s           2026-08-26T15:56:08
================================================================================
[2026-08-26T15:56:40.219+0000] {manager.py:879} INFO - 
================================================================================
DAG File Processing Stats

File Path                               PID    Runtime      # DAGs    # Errors  Last Runtime    Last Run
--------------------------------------  -----  ---------  --------  ----------  --------------  -------------------
/opt/airflow/dags/news_pipeline_dag.py                           1           0  0.97s           2026-08-26T15:56:39
================================================================================
[2026-08-26T15:57:10.317+0000] {manager.py:879} INFO - 
================================================================================
DAG File Processing Stats

File Path                               PID    Runtime      # DAGs    # Errors  Last Runtime    Last Run
--------------------------------------  -----  ---------  --------  ----------  --------------  -------------------
/opt/airflow/dags/news_pipeline_dag.py                           1           0  0.99s           2026-08-26T15:57:10
================================================================================
[2026-08-26T15:57:40.423+0000] {manager.py:879} INFO - 
================================================================================
DAG File Processing Stats

File Path                                 PID  Runtime      # DAGs    # Errors  Last Runtime    Last Run
--------------------------------------  -----  ---------  --------  ----------  --------------  -------------------
/opt/airflow/dags/news_pipeline_dag.py    274  0.00s             1           0  0.99s           2026-08-26T15:57:10
================================================================================
[2026-08-26T15:58:10.479+0000] {manager.py:879} INFO - 
================================================================================
DAG File Processing Stats

File Path                               PID    Runtime      # DAGs    # Errors  Last Runtime    Last Run
--------------------------------------  -----  ---------  --------  ----------  --------------  -------------------
/opt/airflow/dags/news_pipeline_dag.py                           1           0  0.96s           2026-08-26T15:57:41
================================================================================
[2026-08-26T15:58:40.604+0000] {manager.py:879} INFO - 
================================================================================
DAG File Processing Stats

File Path                               PID    Runtime      # DAGs    # Errors  Last Runtime    Last Run
--------------------------------------  -----  ---------  --------  ----------  --------------  -------------------
/opt/airflow/dags/news_pipeline_dag.py                           1           0  1.04s           2026-08-26T15:58:12
================================================================================
[2026-08-26T15:59:07.634+0000] {manager.py:738} INFO - Searching for files in /opt/airflow/dags
[2026-08-26T15:59:07.635+0000] {manager.py:741} INFO - There are 1 files in /opt/airflow/dags
[2026-08-26T15:59:10.653+0000] {manager.py:879} INFO - 
================================================================================
DAG File Processing Stats

File Path                               PID    Runtime      # DAGs    # Errors  Last Runtime    Last Run
--------------------------------------  -----  ---------  --------  ----------  --------------  -------------------
/opt/airflow/dags/news_pipeline_dag.py                           1           0  0.94s           2026-08-26T15:58:43
================================================================================
[2026-08-26T15:59:40.756+0000] {manager.py:879} INFO - 
================================================================================
DAG File Processing Stats

File Path                               PID    Runtime      # DAGs    # Errors  Last Runtime    Last Run
--------------------------------------  -----  ---------  --------  ----------  --------------  -------------------
/opt/airflow/dags/news_pipeline_dag.py                           1           0  1.00s           2026-08-26T15:59:14
================================================================================
[2026-08-26T16:00:10.807+0000] {manager.py:879} INFO - 
================================================================================
DAG File Processing Stats

File Path                               PID    Runtime      # DAGs    # Errors  Last Runtime    Last Run
--------------------------------------  -----  ---------  --------  ----------  --------------  -------------------
/opt/airflow/dags/news_pipeline_dag.py                           1           0  0.95s           2026-08-26T15:59:45
================================================================================
[2026-08-26T16:00:40.877+0000] {manager.py:879} INFO - 
================================================================================
DAG File Processing Stats

File Path                               PID    Runtime      # DAGs    # Errors  Last Runtime    Last Run
--------------------------------------  -----  ---------  --------  ----------  --------------  -------------------
/opt/airflow/dags/news_pipeline_dag.py                           1           0  0.96s           2026-08-26T16:00:16
================================================================================
[2026-08-26T16:01:10.945+0000] {manager.py:879} INFO - 
================================================================================
DAG File Processing Stats

File Path                               PID    Runtime      # DAGs    # Errors  Last Runtime    Last Run
--------------------------------------  -----  ---------  --------  ----------  --------------  -------------------
/opt/airflow/dags/news_pipeline_dag.py                           1           0  0.95s           2026-08-26T16:00:47
================================================================================
[2026-08-26T16:01:41.111+0000] {manager.py:879} INFO - 
================================================================================
DAG File Processing Stats

File Path                               PID    Runtime      # DAGs    # Errors  Last Runtime    Last Run
--------------------------------------  -----  ---------  --------  ----------  --------------  -------------------
/opt/airflow/dags/news_pipeline_dag.py                           1           0  1.11s           2026-08-26T16:01:19
================================================================================
[2026-08-26T16:02:11.227+0000] {manager.py:879} INFO - 
================================================================================
DAG File Processing Stats

File Path                               PID    Runtime      # DAGs    # Errors  Last Runtime    Last Run
--------------------------------------  -----  ---------  --------  ----------  --------------  -------------------
/opt/airflow/dags/news_pipeline_dag.py                           1           0  1.18s           2026-08-26T16:01:50
================================================================================
[2026-08-26T16:02:41.330+0000] {manager.py:879} INFO - 
================================================================================
DAG File Processing Stats

File Path                               PID    Runtime      # DAGs    # Errors  Last Runtime    Last Run
--------------------------------------  -----  ---------  --------  ----------  --------------  -------------------
/opt/airflow/dags/news_pipeline_dag.py                           1           0  0.93s           2026-08-26T16:02:21
================================================================================
[2026-08-26T16:03:11.403+0000] {manager.py:879} INFO - 
================================================================================
DAG File Processing Stats

File Path                               PID    Runtime      # DAGs    # Errors  Last Runtime    Last Run
--------------------------------------  -----  ---------  --------  ----------  --------------  -------------------
/opt/airflow/dags/news_pipeline_dag.py                           1           0  0.97s           2026-08-26T16:02:52
================================================================================
[2026-08-26T16:03:41.508+0000] {manager.py:879} INFO - 
================================================================================
DAG File Processing Stats

File Path                               PID    Runtime      # DAGs    # Errors  Last Runtime    Last Run
--------------------------------------  -----  ---------  --------  ----------  --------------  -------------------
/opt/airflow/dags/news_pipeline_dag.py                           1           0  1.00s           2026-08-26T16:03:23
================================================================================
[2026-08-26T16:04:08.529+0000] {manager.py:738} INFO - Searching for files in /opt/airflow/dags
[2026-08-26T16:04:08.530+0000] {manager.py:741} INFO - There are 1 files in /opt/airflow/dags
[2026-08-26T16:04:11.548+0000] {manager.py:879} INFO - 
================================================================================
DAG File Processing Stats

File Path                               PID    Runtime      # DAGs    # Errors  Last Runtime    Last Run
--------------------------------------  -----  ---------  --------  ----------  --------------  -------------------
/opt/airflow/dags/news_pipeline_dag.py                           1           0  0.93s           2026-08-26T16:03:54
================================================================================
[2026-08-26T16:04:41.645+0000] {manager.py:879} INFO - 
================================================================================
DAG File Processing Stats

File Path                               PID    Runtime      # DAGs    # Errors  Last Runtime    Last Run
--------------------------------------  -----  ---------  --------  ----------  --------------  -------------------
/opt/airflow/dags/news_pipeline_dag.py                           1           0  0.99s           2026-08-26T16:04:25
================================================================================
[2026-08-26T16:05:11.696+0000] {manager.py:879} INFO - 
================================================================================
DAG File Processing Stats

File Path                               PID    Runtime      # DAGs    # Errors  Last Runtime    Last Run
--------------------------------------  -----  ---------  --------  ----------  --------------  -------------------
/opt/airflow/dags/news_pipeline_dag.py                           1           0  0.94s           2026-08-26T16:04:56
================================================================================
[2026-08-26T16:05:41.775+0000] {manager.py:879} INFO - 
================================================================================
DAG File Processing Stats

File Path                               PID    Runtime      # DAGs    # Errors  Last Runtime    Last Run
--------------------------------------  -----  ---------  --------  ----------  --------------  -------------------
/opt/airflow/dags/news_pipeline_dag.py                           1           0  0.98s           2026-08-26T16:05:27
================================================================================
[2026-08-26T16:06:11.840+0000] {manager.py:879} INFO - 
================================================================================
DAG File Processing Stats

File Path                               PID    Runtime      # DAGs    # Errors  Last Runtime    Last Run
--------------------------------------  -----  ---------  --------  ----------  --------------  -------------------
/opt/airflow/dags/news_pipeline_dag.py                           1           0  0.97s           2026-08-26T16:05:58
================================================================================
[2026-08-26T16:06:41.945+0000] {manager.py:879} INFO - 
================================================================================
DAG File Processing Stats

File Path                               PID    Runtime      # DAGs    # Errors  Last Runtime    Last Run
--------------------------------------  -----  ---------  --------  ----------  --------------  -------------------
/opt/airflow/dags/news_pipeline_dag.py                           1           0  1.02s           2026-08-26T16:06:29
================================================================================
[2026-08-26T16:07:12.026+0000] {manager.py:879} INFO - 
================================================================================
DAG File Processing Stats

File Path                               PID    Runtime      # DAGs    # Errors  Last Runtime    Last Run
--------------------------------------  -----  ---------  --------  ----------  --------------  -------------------
/opt/airflow/dags/news_pipeline_dag.py                           1           0  0.99s           2026-08-26T16:07:00
================================================================================
[2026-08-26T16:07:42.128+0000] {manager.py:879} INFO - 
================================================================================
DAG File Processing Stats

File Path                               PID    Runtime      # DAGs    # Errors  Last Runtime    Last Run
--------------------------------------  -----  ---------  --------  ----------  --------------  -------------------
/opt/airflow/dags/news_pipeline_dag.py                           1           0  1.01s           2026-08-26T16:07:32
================================================================================
[2026-08-26T16:08:12.194+0000] {manager.py:879} INFO - 
================================================================================
DAG File Processing Stats

File Path                               PID    Runtime      # DAGs    # Errors  Last Runtime    Last Run
--------------------------------------  -----  ---------  --------  ----------  --------------  -------------------
/opt/airflow/dags/news_pipeline_dag.py                           1           0  0.97s           2026-08-26T16:08:03
================================================================================
