[2026-08-26T05:19:47.363+0000] {processor.py:161} INFO - Started process (PID=93) to work on /opt/airflow/dags/news_pipeline_dag.py
[2026-08-26T05:19:47.370+0000] {processor.py:830} INFO - Processing file /opt/airflow/dags/news_pipeline_dag.py for tasks to queue
[2026-08-26T05:19:47.375+0000] {logging_mixin.py:188} INFO - [2026-08-26T05:19:47.370+0000] {dagbag.py:538} INFO - Filling up the DagBag from /opt/airflow/dags/news_pipeline_dag.py
[2026-08-26T05:19:50.507+0000] {processor.py:840} INFO - DAG(s) 'news_medallion_pipeline' retrieved from /opt/airflow/dags/news_pipeline_dag.py
[2026-08-26T05:19:50.545+0000] {logging_mixin.py:188} INFO - [2026-08-26T05:19:50.543+0000] {dag.py:3036} INFO - Sync 1 DAGs
[2026-08-26T05:19:50.559+0000] {logging_mixin.py:188} INFO - [2026-08-26T05:19:50.559+0000] {dag.py:3823} INFO - Setting next_dagrun for news_medallion_pipeline to None, run_after=None
[2026-08-26T05:19:50.574+0000] {processor.py:183} INFO - Processing /opt/airflow/dags/news_pipeline_dag.py took 3.227 seconds
[2026-08-26T05:20:20.635+0000] {processor.py:161} INFO - Started process (PID=96) to work on /opt/airflow/dags/news_pipeline_dag.py
[2026-08-26T05:20:20.636+0000] {processor.py:830} INFO - Processing file /opt/airflow/dags/news_pipeline_dag.py for tasks to queue
[2026-08-26T05:20:20.638+0000] {logging_mixin.py:188} INFO - [2026-08-26T05:20:20.636+0000] {dagbag.py:538} INFO - Filling up the DagBag from /opt/airflow/dags/news_pipeline_dag.py
[2026-08-26T05:20:21.497+0000] {processor.py:840} INFO - DAG(s) 'news_medallion_pipeline' retrieved from /opt/airflow/dags/news_pipeline_dag.py
[2026-08-26T05:20:21.690+0000] {logging_mixin.py:188} INFO - [2026-08-26T05:20:21.689+0000] {dag.py:3036} INFO - Sync 1 DAGs
[2026-08-26T05:20:21.931+0000] {logging_mixin.py:188} INFO - [2026-08-26T05:20:21.931+0000] {dag.py:3823} INFO - Setting next_dagrun for news_medallion_pipeline to None, run_after=None
[2026-08-26T05:20:21.958+0000] {processor.py:183} INFO - Processing /opt/airflow/dags/news_pipeline_dag.py took 1.327 seconds
[2026-08-26T05:20:52.112+0000] {processor.py:161} INFO - Started process (PID=99) to work on /opt/airflow/dags/news_pipeline_dag.py
[2026-08-26T05:20:52.113+0000] {processor.py:830} INFO - Processing file /opt/airflow/dags/news_pipeline_dag.py for tasks to queue
[2026-08-26T05:20:52.113+0000] {logging_mixin.py:188} INFO - [2026-08-26T05:20:52.113+0000] {dagbag.py:538} INFO - Filling up the DagBag from /opt/airflow/dags/news_pipeline_dag.py
[2026-08-26T05:20:52.636+0000] {processor.py:840} INFO - DAG(s) 'news_medallion_pipeline' retrieved from /opt/airflow/dags/news_pipeline_dag.py
[2026-08-26T05:20:52.660+0000] {logging_mixin.py:188} INFO - [2026-08-26T05:20:52.659+0000] {dag.py:3036} INFO - Sync 1 DAGs
[2026-08-26T05:20:52.675+0000] {logging_mixin.py:188} INFO - [2026-08-26T05:20:52.674+0000] {dag.py:3823} INFO - Setting next_dagrun for news_medallion_pipeline to None, run_after=None
[2026-08-26T05:20:52.693+0000] {processor.py:183} INFO - Processing /opt/airflow/dags/news_pipeline_dag.py took 0.584 seconds
[2026-08-26T05:21:22.819+0000] {processor.py:161} INFO - Started process (PID=102) to work on /opt/airflow/dags/news_pipeline_dag.py
[2026-08-26T05:21:22.820+0000] {processor.py:830} INFO - Processing file /opt/airflow/dags/news_pipeline_dag.py for tasks to queue
[2026-08-26T05:21:22.820+0000] {logging_mixin.py:188} INFO - [2026-08-26T05:21:22.820+0000] {dagbag.py:538} INFO - Filling up the DagBag from /opt/airflow/dags/news_pipeline_dag.py
[2026-08-26T05:21:23.391+0000] {processor.py:840} INFO - DAG(s) 'news_medallion_pipeline' retrieved from /opt/airflow/dags/news_pipeline_dag.py
[2026-08-26T05:21:23.415+0000] {logging_mixin.py:188} INFO - [2026-08-26T05:21:23.414+0000] {dag.py:3036} INFO - Sync 1 DAGs
[2026-08-26T05:21:23.424+0000] {logging_mixin.py:188} INFO - [2026-08-26T05:21:23.424+0000] {dag.py:3823} INFO - Setting next_dagrun for news_medallion_pipeline to None, run_after=None
[2026-08-26T05:21:23.437+0000] {processor.py:183} INFO - Processing /opt/airflow/dags/news_pipeline_dag.py took 0.621 seconds
[2026-08-26T05:21:53.551+0000] {processor.py:161} INFO - Started process (PID=105) to work on /opt/airflow/dags/news_pipeline_dag.py
[2026-08-26T05:21:53.552+0000] {processor.py:830} INFO - Processing file /opt/airflow/dags/news_pipeline_dag.py for tasks to queue
[2026-08-26T05:21:53.553+0000] {logging_mixin.py:188} INFO - [2026-08-26T05:21:53.553+0000] {dagbag.py:538} INFO - Filling up the DagBag from /opt/airflow/dags/news_pipeline_dag.py
[2026-08-26T05:21:54.060+0000] {processor.py:840} INFO - DAG(s) 'news_medallion_pipeline' retrieved from /opt/airflow/dags/news_pipeline_dag.py
[2026-08-26T05:21:54.084+0000] {logging_mixin.py:188} INFO - [2026-08-26T05:21:54.083+0000] {dag.py:3036} INFO - Sync 1 DAGs
[2026-08-26T05:21:54.094+0000] {logging_mixin.py:188} INFO - [2026-08-26T05:21:54.094+0000] {dag.py:3823} INFO - Setting next_dagrun for news_medallion_pipeline to None, run_after=None
[2026-08-26T05:21:54.109+0000] {processor.py:183} INFO - Processing /opt/airflow/dags/news_pipeline_dag.py took 0.560 seconds
[2026-08-26T05:22:24.227+0000] {processor.py:161} INFO - Started process (PID=108) to work on /opt/airflow/dags/news_pipeline_dag.py
[2026-08-26T05:22:24.227+0000] {processor.py:830} INFO - Processing file /opt/airflow/dags/news_pipeline_dag.py for tasks to queue
[2026-08-26T05:22:24.228+0000] {logging_mixin.py:188} INFO - [2026-08-26T05:22:24.228+0000] {dagbag.py:538} INFO - Filling up the DagBag from /opt/airflow/dags/news_pipeline_dag.py
[2026-08-26T05:22:24.736+0000] {processor.py:840} INFO - DAG(s) 'news_medallion_pipeline' retrieved from /opt/airflow/dags/news_pipeline_dag.py
[2026-08-26T05:22:24.759+0000] {logging_mixin.py:188} INFO - [2026-08-26T05:22:24.759+0000] {dag.py:3036} INFO - Sync 1 DAGs
[2026-08-26T05:22:24.769+0000] {logging_mixin.py:188} INFO - [2026-08-26T05:22:24.769+0000] {dag.py:3823} INFO - Setting next_dagrun for news_medallion_pipeline to None, run_after=None
[2026-08-26T05:22:24.783+0000] {processor.py:183} INFO - Processing /opt/airflow/dags/news_pipeline_dag.py took 0.559 seconds
[2026-08-26T05:22:54.896+0000] {processor.py:161} INFO - Started process (PID=111) to work on /opt/airflow/dags/news_pipeline_dag.py
[2026-08-26T05:22:54.897+0000] {processor.py:830} INFO - Processing file /opt/airflow/dags/news_pipeline_dag.py for tasks to queue
[2026-08-26T05:22:54.898+0000] {logging_mixin.py:188} INFO - [2026-08-26T05:22:54.898+0000] {dagbag.py:538} INFO - Filling up the DagBag from /opt/airflow/dags/news_pipeline_dag.py
[2026-08-26T05:22:55.396+0000] {processor.py:840} INFO - DAG(s) 'news_medallion_pipeline' retrieved from /opt/airflow/dags/news_pipeline_dag.py
[2026-08-26T05:22:55.418+0000] {logging_mixin.py:188} INFO - [2026-08-26T05:22:55.418+0000] {dag.py:3036} INFO - Sync 1 DAGs
[2026-08-26T05:22:55.428+0000] {logging_mixin.py:188} INFO - [2026-08-26T05:22:55.428+0000] {dag.py:3823} INFO - Setting next_dagrun for news_medallion_pipeline to None, run_after=None
[2026-08-26T05:22:55.442+0000] {processor.py:183} INFO - Processing /opt/airflow/dags/news_pipeline_dag.py took 0.549 seconds
[2026-08-26T05:23:25.556+0000] {processor.py:161} INFO - Started process (PID=114) to work on /opt/airflow/dags/news_pipeline_dag.py
[2026-08-26T05:23:25.556+0000] {processor.py:830} INFO - Processing file /opt/airflow/dags/news_pipeline_dag.py for tasks to queue
[2026-08-26T05:23:25.557+0000] {logging_mixin.py:188} INFO - [2026-08-26T05:23:25.557+0000] {dagbag.py:538} INFO - Filling up the DagBag from /opt/airflow/dags/news_pipeline_dag.py
[2026-08-26T05:23:26.076+0000] {processor.py:840} INFO - DAG(s) 'news_medallion_pipeline' retrieved from /opt/airflow/dags/news_pipeline_dag.py
[2026-08-26T05:23:26.098+0000] {logging_mixin.py:188} INFO - [2026-08-26T05:23:26.097+0000] {dag.py:3036} INFO - Sync 1 DAGs
[2026-08-26T05:23:26.109+0000] {logging_mixin.py:188} INFO - [2026-08-26T05:23:26.109+0000] {dag.py:3823} INFO - Setting next_dagrun for news_medallion_pipeline to None, run_after=None
[2026-08-26T05:23:26.123+0000] {processor.py:183} INFO - Processing /opt/airflow/dags/news_pipeline_dag.py took 0.570 seconds
[2026-08-26T05:23:56.240+0000] {processor.py:161} INFO - Started process (PID=117) to work on /opt/airflow/dags/news_pipeline_dag.py
[2026-08-26T05:23:56.241+0000] {processor.py:830} INFO - Processing file /opt/airflow/dags/news_pipeline_dag.py for tasks to queue
[2026-08-26T05:23:56.242+0000] {logging_mixin.py:188} INFO - [2026-08-26T05:23:56.242+0000] {dagbag.py:538} INFO - Filling up the DagBag from /opt/airflow/dags/news_pipeline_dag.py
[2026-08-26T05:23:56.752+0000] {processor.py:840} INFO - DAG(s) 'news_medallion_pipeline' retrieved from /opt/airflow/dags/news_pipeline_dag.py
[2026-08-26T05:23:56.781+0000] {logging_mixin.py:188} INFO - [2026-08-26T05:23:56.780+0000] {dag.py:3036} INFO - Sync 1 DAGs
[2026-08-26T05:23:56.793+0000] {logging_mixin.py:188} INFO - [2026-08-26T05:23:56.793+0000] {dag.py:3823} INFO - Setting next_dagrun for news_medallion_pipeline to None, run_after=None
[2026-08-26T05:23:56.807+0000] {processor.py:183} INFO - Processing /opt/airflow/dags/news_pipeline_dag.py took 0.570 seconds
[2026-08-26T05:24:26.924+0000] {processor.py:161} INFO - Started process (PID=120) to work on /opt/airflow/dags/news_pipeline_dag.py
[2026-08-26T05:24:26.925+0000] {processor.py:830} INFO - Processing file /opt/airflow/dags/news_pipeline_dag.py for tasks to queue
[2026-08-26T05:24:26.926+0000] {logging_mixin.py:188} INFO - [2026-08-26T05:24:26.926+0000] {dagbag.py:538} INFO - Filling up the DagBag from /opt/airflow/dags/news_pipeline_dag.py
[2026-08-26T05:24:27.474+0000] {processor.py:840} INFO - DAG(s) 'news_medallion_pipeline' retrieved from /opt/airflow/dags/news_pipeline_dag.py
[2026-08-26T05:24:27.497+0000] {logging_mixin.py:188} INFO - [2026-08-26T05:24:27.496+0000] {dag.py:3036} INFO - Sync 1 DAGs
[2026-08-26T05:24:27.506+0000] {logging_mixin.py:188} INFO - [2026-08-26T05:24:27.506+0000] {dag.py:3823} INFO - Setting next_dagrun for news_medallion_pipeline to None, run_after=None
[2026-08-26T05:24:27.521+0000] {processor.py:183} INFO - Processing /opt/airflow/dags/news_pipeline_dag.py took 0.599 seconds
[2026-08-26T05:24:57.637+0000] {processor.py:161} INFO - Started process (PID=123) to work on /opt/airflow/dags/news_pipeline_dag.py
[2026-08-26T05:24:57.638+0000] {processor.py:830} INFO - Processing file /opt/airflow/dags/news_pipeline_dag.py for tasks to queue
[2026-08-26T05:24:57.639+0000] {logging_mixin.py:188} INFO - [2026-08-26T05:24:57.639+0000] {dagbag.py:538} INFO - Filling up the DagBag from /opt/airflow/dags/news_pipeline_dag.py
[2026-08-26T05:24:58.150+0000] {processor.py:840} INFO - DAG(s) 'news_medallion_pipeline' retrieved from /opt/airflow/dags/news_pipeline_dag.py
[2026-08-26T05:24:58.172+0000] {logging_mixin.py:188} INFO - [2026-08-26T05:24:58.172+0000] {dag.py:3036} INFO - Sync 1 DAGs
[2026-08-26T05:24:58.182+0000] {logging_mixin.py:188} INFO - [2026-08-26T05:24:58.182+0000] {dag.py:3823} INFO - Setting next_dagrun for news_medallion_pipeline to None, run_after=None
[2026-08-26T05:24:58.196+0000] {processor.py:183} INFO - Processing /opt/airflow/dags/news_pipeline_dag.py took 0.562 seconds
[2026-08-26T05:25:28.315+0000] {processor.py:161} INFO - Started process (PID=126) to work on /opt/airflow/dags/news_pipeline_dag.py
[2026-08-26T05:25:28.316+0000] {processor.py:830} INFO - Processing file /opt/airflow/dags/news_pipeline_dag.py for tasks to queue
[2026-08-26T05:25:28.317+0000] {logging_mixin.py:188} INFO - [2026-08-26T05:25:28.317+0000] {dagbag.py:538} INFO - Filling up the DagBag from /opt/airflow/dags/news_pipeline_dag.py
[2026-08-26T05:25:28.901+0000] {processor.py:840} INFO - DAG(s) 'news_medallion_pipeline' retrieved from /opt/airflow/dags/news_pipeline_dag.py
[2026-08-26T05:25:28.932+0000] {logging_mixin.py:188} INFO - [2026-08-26T05:25:28.931+0000] {dag.py:3036} INFO - Sync 1 DAGs
[2026-08-26T05:25:28.953+0000] {logging_mixin.py:188} INFO - [2026-08-26T05:25:28.953+0000] {dag.py:3823} INFO - Setting next_dagrun for news_medallion_pipeline to None, run_after=None
[2026-08-26T05:25:28.968+0000] {processor.py:183} INFO - Processing /opt/airflow/dags/news_pipeline_dag.py took 0.656 seconds
[2026-08-26T05:25:59.088+0000] {processor.py:161} INFO - Started process (PID=129) to work on /opt/airflow/dags/news_pipeline_dag.py
[2026-08-26T05:25:59.089+0000] {processor.py:830} INFO - Processing file /opt/airflow/dags/news_pipeline_dag.py for tasks to queue
[2026-08-26T05:25:59.089+0000] {logging_mixin.py:188} INFO - [2026-08-26T05:25:59.089+0000] {dagbag.py:538} INFO - Filling up the DagBag from /opt/airflow/dags/news_pipeline_dag.py
[2026-08-26T05:25:59.615+0000] {processor.py:840} INFO - DAG(s) 'news_medallion_pipeline' retrieved from /opt/airflow/dags/news_pipeline_dag.py
[2026-08-26T05:25:59.637+0000] {logging_mixin.py:188} INFO - [2026-08-26T05:25:59.637+0000] {dag.py:3036} INFO - Sync 1 DAGs
[2026-08-26T05:25:59.647+0000] {logging_mixin.py:188} INFO - [2026-08-26T05:25:59.647+0000] {dag.py:3823} INFO - Setting next_dagrun for news_medallion_pipeline to None, run_after=None
[2026-08-26T05:25:59.661+0000] {processor.py:183} INFO - Processing /opt/airflow/dags/news_pipeline_dag.py took 0.576 seconds
[2026-08-26T05:26:29.782+0000] {processor.py:161} INFO - Started process (PID=132) to work on /opt/airflow/dags/news_pipeline_dag.py
[2026-08-26T05:26:29.783+0000] {processor.py:830} INFO - Processing file /opt/airflow/dags/news_pipeline_dag.py for tasks to queue
[2026-08-26T05:26:29.783+0000] {logging_mixin.py:188} INFO - [2026-08-26T05:26:29.783+0000] {dagbag.py:538} INFO - Filling up the DagBag from /opt/airflow/dags/news_pipeline_dag.py
[2026-08-26T05:26:30.338+0000] {processor.py:840} INFO - DAG(s) 'news_medallion_pipeline' retrieved from /opt/airflow/dags/news_pipeline_dag.py
[2026-08-26T05:26:30.361+0000] {logging_mixin.py:188} INFO - [2026-08-26T05:26:30.361+0000] {dag.py:3036} INFO - Sync 1 DAGs
[2026-08-26T05:26:30.372+0000] {logging_mixin.py:188} INFO - [2026-08-26T05:26:30.372+0000] {dag.py:3823} INFO - Setting next_dagrun for news_medallion_pipeline to None, run_after=None
[2026-08-26T05:26:30.387+0000] {processor.py:183} INFO - Processing /opt/airflow/dags/news_pipeline_dag.py took 0.608 seconds
[2026-08-26T05:27:00.507+0000] {processor.py:161} INFO - Started process (PID=135) to work on /opt/airflow/dags/news_pipeline_dag.py
[2026-08-26T05:27:00.508+0000] {processor.py:830} INFO - Processing file /opt/airflow/dags/news_pipeline_dag.py for tasks to queue
[2026-08-26T05:27:00.509+0000] {logging_mixin.py:188} INFO - [2026-08-26T05:27:00.509+0000] {dagbag.py:538} INFO - Filling up the DagBag from /opt/airflow/dags/news_pipeline_dag.py
[2026-08-26T05:27:01.044+0000] {processor.py:840} INFO - DAG(s) 'news_medallion_pipeline' retrieved from /opt/airflow/dags/news_pipeline_dag.py
[2026-08-26T05:27:01.068+0000] {logging_mixin.py:188} INFO - [2026-08-26T05:27:01.068+0000] {dag.py:3036} INFO - Sync 1 DAGs
[2026-08-26T05:27:01.080+0000] {logging_mixin.py:188} INFO - [2026-08-26T05:27:01.080+0000] {dag.py:3823} INFO - Setting next_dagrun for news_medallion_pipeline to None, run_after=None
[2026-08-26T05:27:01.095+0000] {processor.py:183} INFO - Processing /opt/airflow/dags/news_pipeline_dag.py took 0.591 seconds
[2026-08-26T05:27:31.218+0000] {processor.py:161} INFO - Started process (PID=138) to work on /opt/airflow/dags/news_pipeline_dag.py
[2026-08-26T05:27:31.219+0000] {processor.py:830} INFO - Processing file /opt/airflow/dags/news_pipeline_dag.py for tasks to queue
[2026-08-26T05:27:31.220+0000] {logging_mixin.py:188} INFO - [2026-08-26T05:27:31.220+0000] {dagbag.py:538} INFO - Filling up the DagBag from /opt/airflow/dags/news_pipeline_dag.py
[2026-08-26T05:27:31.784+0000] {processor.py:840} INFO - DAG(s) 'news_medallion_pipeline' retrieved from /opt/airflow/dags/news_pipeline_dag.py
[2026-08-26T05:27:31.809+0000] {logging_mixin.py:188} INFO - [2026-08-26T05:27:31.809+0000] {dag.py:3036} INFO - Sync 1 DAGs
[2026-08-26T05:27:31.819+0000] {logging_mixin.py:188} INFO - [2026-08-26T05:27:31.819+0000] {dag.py:3823} INFO - Setting next_dagrun for news_medallion_pipeline to None, run_after=None
[2026-08-26T05:27:31.834+0000] {processor.py:183} INFO - Processing /opt/airflow/dags/news_pipeline_dag.py took 0.618 seconds
[2026-08-26T05:28:01.953+0000] {processor.py:161} INFO - Started process (PID=141) to work on /opt/airflow/dags/news_pipeline_dag.py
[2026-08-26T05:28:01.954+0000] {processor.py:830} INFO - Processing file /opt/airflow/dags/news_pipeline_dag.py for tasks to queue
[2026-08-26T05:28:01.955+0000] {logging_mixin.py:188} INFO - [2026-08-26T05:28:01.954+0000] {dagbag.py:538} INFO - Filling up the DagBag from /opt/airflow/dags/news_pipeline_dag.py
[2026-08-26T05:28:02.480+0000] {processor.py:840} INFO - DAG(s) 'news_medallion_pipeline' retrieved from /opt/airflow/dags/news_pipeline_dag.py
[2026-08-26T05:28:02.503+0000] {logging_mixin.py:188} INFO - [2026-08-26T05:28:02.502+0000] {dag.py:3036} INFO - Sync 1 DAGs
[2026-08-26T05:28:02.513+0000] {logging_mixin.py:188} INFO - [2026-08-26T05:28:02.513+0000] {dag.py:3823} INFO - Setting next_dagrun for news_medallion_pipeline to None, run_after=None
[2026-08-26T05:28:02.528+0000] {processor.py:183} INFO - Processing /opt/airflow/dags/news_pipeline_dag.py took 0.578 seconds
[2026-08-26T05:28:32.648+0000] {processor.py:161} INFO - Started process (PID=144) to work on /opt/airflow/dags/news_pipeline_dag.py
[2026-08-26T05:28:32.649+0000] {processor.py:830} INFO - Processing file /opt/airflow/dags/news_pipeline_dag.py for tasks to queue
[2026-08-26T05:28:32.649+0000] {logging_mixin.py:188} INFO - [2026-08-26T05:28:32.649+0000] {dagbag.py:538} INFO - Filling up the DagBag from /opt/airflow/dags/news_pipeline_dag.py
[2026-08-26T05:28:33.193+0000] {processor.py:840} INFO - DAG(s) 'news_medallion_pipeline' retrieved from /opt/airflow/dags/news_pipeline_dag.py
[2026-08-26T05:28:33.216+0000] {logging_mixin.py:188} INFO - [2026-08-26T05:28:33.216+0000] {dag.py:3036} INFO - Sync 1 DAGs
[2026-08-26T05:28:33.227+0000] {logging_mixin.py:188} INFO - [2026-08-26T05:28:33.226+0000] {dag.py:3823} INFO - Setting next_dagrun for news_medallion_pipeline to None, run_after=None
[2026-08-26T05:28:33.242+0000] {processor.py:183} INFO - Processing /opt/airflow/dags/news_pipeline_dag.py took 0.597 seconds
[2026-08-26T05:29:03.362+0000] {processor.py:161} INFO - Started process (PID=147) to work on /opt/airflow/dags/news_pipeline_dag.py
[2026-08-26T05:29:03.363+0000] {processor.py:830} INFO - Processing file /opt/airflow/dags/news_pipeline_dag.py for tasks to queue
[2026-08-26T05:29:03.364+0000] {logging_mixin.py:188} INFO - [2026-08-26T05:29:03.364+0000] {dagbag.py:538} INFO - Filling up the DagBag from /opt/airflow/dags/news_pipeline_dag.py
[2026-08-26T05:29:03.913+0000] {processor.py:840} INFO - DAG(s) 'news_medallion_pipeline' retrieved from /opt/airflow/dags/news_pipeline_dag.py
[2026-08-26T05:29:03.938+0000] {logging_mixin.py:188} INFO - [2026-08-26T05:29:03.937+0000] {dag.py:3036} INFO - Sync 1 DAGs
[2026-08-26T05:29:03.949+0000] {logging_mixin.py:188} INFO - [2026-08-26T05:29:03.948+0000] {dag.py:3823} INFO - Setting next_dagrun for news_medallion_pipeline to None, run_after=None
[2026-08-26T05:29:03.964+0000] {processor.py:183} INFO - Processing /opt/airflow/dags/news_pipeline_dag.py took 0.604 seconds
[2026-08-26T05:29:34.087+0000] {processor.py:161} INFO - Started process (PID=150) to work on /opt/airflow/dags/news_pipeline_dag.py
[2026-08-26T05:29:34.088+0000] {processor.py:830} INFO - Processing file /opt/airflow/dags/news_pipeline_dag.py for tasks to queue
[2026-08-26T05:29:34.089+0000] {logging_mixin.py:188} INFO - [2026-08-26T05:29:34.088+0000] {dagbag.py:538} INFO - Filling up the DagBag from /opt/airflow/dags/news_pipeline_dag.py
[2026-08-26T05:29:34.691+0000] {processor.py:840} INFO - DAG(s) 'news_medallion_pipeline' retrieved from /opt/airflow/dags/news_pipeline_dag.py
[2026-08-26T05:29:34.714+0000] {logging_mixin.py:188} INFO - [2026-08-26T05:29:34.714+0000] {dag.py:3036} INFO - Sync 1 DAGs
[2026-08-26T05:29:34.730+0000] {logging_mixin.py:188} INFO - [2026-08-26T05:29:34.729+0000] {dag.py:3823} INFO - Setting next_dagrun for news_medallion_pipeline to None, run_after=None
[2026-08-26T05:29:34.753+0000] {processor.py:183} INFO - Processing /opt/airflow/dags/news_pipeline_dag.py took 0.669 seconds
[2026-08-26T05:30:04.879+0000] {processor.py:161} INFO - Started process (PID=153) to work on /opt/airflow/dags/news_pipeline_dag.py
[2026-08-26T05:30:04.880+0000] {processor.py:830} INFO - Processing file /opt/airflow/dags/news_pipeline_dag.py for tasks to queue
[2026-08-26T05:30:04.880+0000] {logging_mixin.py:188} INFO - [2026-08-26T05:30:04.880+0000] {dagbag.py:538} INFO - Filling up the DagBag from /opt/airflow/dags/news_pipeline_dag.py
[2026-08-26T05:30:05.419+0000] {processor.py:840} INFO - DAG(s) 'news_medallion_pipeline' retrieved from /opt/airflow/dags/news_pipeline_dag.py
[2026-08-26T05:30:05.441+0000] {logging_mixin.py:188} INFO - [2026-08-26T05:30:05.441+0000] {dag.py:3036} INFO - Sync 1 DAGs
[2026-08-26T05:30:05.452+0000] {logging_mixin.py:188} INFO - [2026-08-26T05:30:05.452+0000] {dag.py:3823} INFO - Setting next_dagrun for news_medallion_pipeline to None, run_after=None
[2026-08-26T05:30:05.467+0000] {processor.py:183} INFO - Processing /opt/airflow/dags/news_pipeline_dag.py took 0.591 seconds
[2026-08-26T05:30:35.589+0000] {processor.py:161} INFO - Started process (PID=156) to work on /opt/airflow/dags/news_pipeline_dag.py
[2026-08-26T05:30:35.590+0000] {processor.py:830} INFO - Processing file /opt/airflow/dags/news_pipeline_dag.py for tasks to queue
[2026-08-26T05:30:35.590+0000] {logging_mixin.py:188} INFO - [2026-08-26T05:30:35.590+0000] {dagbag.py:538} INFO - Filling up the DagBag from /opt/airflow/dags/news_pipeline_dag.py
[2026-08-26T05:30:36.171+0000] {processor.py:840} INFO - DAG(s) 'news_medallion_pipeline' retrieved from /opt/airflow/dags/news_pipeline_dag.py
[2026-08-26T05:30:36.193+0000] {logging_mixin.py:188} INFO - [2026-08-26T05:30:36.193+0000] {dag.py:3036} INFO - Sync 1 DAGs
[2026-08-26T05:30:36.202+0000] {logging_mixin.py:188} INFO - [2026-08-26T05:30:36.202+0000] {dag.py:3823} INFO - Setting next_dagrun for news_medallion_pipeline to None, run_after=None
[2026-08-26T05:30:36.215+0000] {processor.py:183} INFO - Processing /opt/airflow/dags/news_pipeline_dag.py took 0.629 seconds
[2026-08-26T05:31:06.335+0000] {processor.py:161} INFO - Started process (PID=159) to work on /opt/airflow/dags/news_pipeline_dag.py
[2026-08-26T05:31:06.336+0000] {processor.py:830} INFO - Processing file /opt/airflow/dags/news_pipeline_dag.py for tasks to queue
[2026-08-26T05:31:06.336+0000] {logging_mixin.py:188} INFO - [2026-08-26T05:31:06.336+0000] {dagbag.py:538} INFO - Filling up the DagBag from /opt/airflow/dags/news_pipeline_dag.py
[2026-08-26T05:31:06.876+0000] {processor.py:840} INFO - DAG(s) 'news_medallion_pipeline' retrieved from /opt/airflow/dags/news_pipeline_dag.py
[2026-08-26T05:31:06.900+0000] {logging_mixin.py:188} INFO - [2026-08-26T05:31:06.899+0000] {dag.py:3036} INFO - Sync 1 DAGs
[2026-08-26T05:31:06.909+0000] {logging_mixin.py:188} INFO - [2026-08-26T05:31:06.909+0000] {dag.py:3823} INFO - Setting next_dagrun for news_medallion_pipeline to None, run_after=None
[2026-08-26T05:31:06.923+0000] {processor.py:183} INFO - Processing /opt/airflow/dags/news_pipeline_dag.py took 0.591 seconds
[2026-08-26T05:31:37.039+0000] {processor.py:161} INFO - Started process (PID=162) to work on /opt/airflow/dags/news_pipeline_dag.py
[2026-08-26T05:31:37.040+0000] {processor.py:830} INFO - Processing file /opt/airflow/dags/news_pipeline_dag.py for tasks to queue
[2026-08-26T05:31:37.041+0000] {logging_mixin.py:188} INFO - [2026-08-26T05:31:37.041+0000] {dagbag.py:538} INFO - Filling up the DagBag from /opt/airflow/dags/news_pipeline_dag.py
[2026-08-26T05:31:37.570+0000] {processor.py:840} INFO - DAG(s) 'news_medallion_pipeline' retrieved from /opt/airflow/dags/news_pipeline_dag.py
[2026-08-26T05:31:37.591+0000] {logging_mixin.py:188} INFO - [2026-08-26T05:31:37.591+0000] {dag.py:3036} INFO - Sync 1 DAGs
[2026-08-26T05:31:37.600+0000] {logging_mixin.py:188} INFO - [2026-08-26T05:31:37.600+0000] {dag.py:3823} INFO - Setting next_dagrun for news_medallion_pipeline to None, run_after=None
[2026-08-26T05:31:37.613+0000] {processor.py:183} INFO - Processing /opt/airflow/dags/news_pipeline_dag.py took 0.576 seconds
[2026-08-26T05:32:07.722+0000] {processor.py:161} INFO - Started process (PID=165) to work on /opt/airflow/dags/news_pipeline_dag.py
[2026-08-26T05:32:07.723+0000] {processor.py:830} INFO - Processing file /opt/airflow/dags/news_pipeline_dag.py for tasks to queue
[2026-08-26T05:32:07.723+0000] {logging_mixin.py:188} INFO - [2026-08-26T05:32:07.723+0000] {dagbag.py:538} INFO - Filling up the DagBag from /opt/airflow/dags/news_pipeline_dag.py
[2026-08-26T05:32:08.228+0000] {processor.py:840} INFO - DAG(s) 'news_medallion_pipeline' retrieved from /opt/airflow/dags/news_pipeline_dag.py
[2026-08-26T05:32:08.249+0000] {logging_mixin.py:188} INFO - [2026-08-26T05:32:08.249+0000] {dag.py:3036} INFO - Sync 1 DAGs
[2026-08-26T05:32:08.261+0000] {logging_mixin.py:188} INFO - [2026-08-26T05:32:08.261+0000] {dag.py:3823} INFO - Setting next_dagrun for news_medallion_pipeline to None, run_after=None
[2026-08-26T05:32:08.278+0000] {processor.py:183} INFO - Processing /opt/airflow/dags/news_pipeline_dag.py took 0.558 seconds
[2026-08-26T05:32:38.390+0000] {processor.py:161} INFO - Started process (PID=168) to work on /opt/airflow/dags/news_pipeline_dag.py
[2026-08-26T05:32:38.391+0000] {processor.py:830} INFO - Processing file /opt/airflow/dags/news_pipeline_dag.py for tasks to queue
[2026-08-26T05:32:38.391+0000] {logging_mixin.py:188} INFO - [2026-08-26T05:32:38.391+0000] {dagbag.py:538} INFO - Filling up the DagBag from /opt/airflow/dags/news_pipeline_dag.py
[2026-08-26T05:32:38.912+0000] {processor.py:840} INFO - DAG(s) 'news_medallion_pipeline' retrieved from /opt/airflow/dags/news_pipeline_dag.py
[2026-08-26T05:32:38.932+0000] {logging_mixin.py:188} INFO - [2026-08-26T05:32:38.932+0000] {dag.py:3036} INFO - Sync 1 DAGs
[2026-08-26T05:32:38.942+0000] {logging_mixin.py:188} INFO - [2026-08-26T05:32:38.942+0000] {dag.py:3823} INFO - Setting next_dagrun for news_medallion_pipeline to None, run_after=None
[2026-08-26T05:32:38.958+0000] {processor.py:183} INFO - Processing /opt/airflow/dags/news_pipeline_dag.py took 0.571 seconds
[2026-08-26T05:33:09.067+0000] {processor.py:161} INFO - Started process (PID=171) to work on /opt/airflow/dags/news_pipeline_dag.py
[2026-08-26T05:33:09.068+0000] {processor.py:830} INFO - Processing file /opt/airflow/dags/news_pipeline_dag.py for tasks to queue
[2026-08-26T05:33:09.069+0000] {logging_mixin.py:188} INFO - [2026-08-26T05:33:09.068+0000] {dagbag.py:538} INFO - Filling up the DagBag from /opt/airflow/dags/news_pipeline_dag.py
[2026-08-26T05:33:09.583+0000] {processor.py:840} INFO - DAG(s) 'news_medallion_pipeline' retrieved from /opt/airflow/dags/news_pipeline_dag.py
[2026-08-26T05:33:09.604+0000] {logging_mixin.py:188} INFO - [2026-08-26T05:33:09.603+0000] {dag.py:3036} INFO - Sync 1 DAGs
[2026-08-26T05:33:09.613+0000] {logging_mixin.py:188} INFO - [2026-08-26T05:33:09.613+0000] {dag.py:3823} INFO - Setting next_dagrun for news_medallion_pipeline to None, run_after=None
[2026-08-26T05:33:09.626+0000] {processor.py:183} INFO - Processing /opt/airflow/dags/news_pipeline_dag.py took 0.561 seconds
[2026-08-26T05:33:39.745+0000] {processor.py:161} INFO - Started process (PID=174) to work on /opt/airflow/dags/news_pipeline_dag.py
[2026-08-26T05:33:39.746+0000] {processor.py:830} INFO - Processing file /opt/airflow/dags/news_pipeline_dag.py for tasks to queue
[2026-08-26T05:33:39.746+0000] {logging_mixin.py:188} INFO - [2026-08-26T05:33:39.746+0000] {dagbag.py:538} INFO - Filling up the DagBag from /opt/airflow/dags/news_pipeline_dag.py
[2026-08-26T05:33:40.268+0000] {processor.py:840} INFO - DAG(s) 'news_medallion_pipeline' retrieved from /opt/airflow/dags/news_pipeline_dag.py
[2026-08-26T05:33:40.289+0000] {logging_mixin.py:188} INFO - [2026-08-26T05:33:40.289+0000] {dag.py:3036} INFO - Sync 1 DAGs
[2026-08-26T05:33:40.298+0000] {logging_mixin.py:188} INFO - [2026-08-26T05:33:40.298+0000] {dag.py:3823} INFO - Setting next_dagrun for news_medallion_pipeline to None, run_after=None
[2026-08-26T05:33:40.311+0000] {processor.py:183} INFO - Processing /opt/airflow/dags/news_pipeline_dag.py took 0.569 seconds
[2026-08-26T05:34:10.421+0000] {processor.py:161} INFO - Started process (PID=177) to work on /opt/airflow/dags/news_pipeline_dag.py
[2026-08-26T05:34:10.421+0000] {processor.py:830} INFO - Processing file /opt/airflow/dags/news_pipeline_dag.py for tasks to queue
[2026-08-26T05:34:10.422+0000] {logging_mixin.py:188} INFO - [2026-08-26T05:34:10.422+0000] {dagbag.py:538} INFO - Filling up the DagBag from /opt/airflow/dags/news_pipeline_dag.py
[2026-08-26T05:34:10.940+0000] {processor.py:840} INFO - DAG(s) 'news_medallion_pipeline' retrieved from /opt/airflow/dags/news_pipeline_dag.py
[2026-08-26T05:34:10.961+0000] {logging_mixin.py:188} INFO - [2026-08-26T05:34:10.961+0000] {dag.py:3036} INFO - Sync 1 DAGs
[2026-08-26T05:34:10.970+0000] {logging_mixin.py:188} INFO - [2026-08-26T05:34:10.970+0000] {dag.py:3823} INFO - Setting next_dagrun for news_medallion_pipeline to None, run_after=None
[2026-08-26T05:34:10.983+0000] {processor.py:183} INFO - Processing /opt/airflow/dags/news_pipeline_dag.py took 0.565 seconds
[2026-08-26T05:34:41.096+0000] {processor.py:161} INFO - Started process (PID=180) to work on /opt/airflow/dags/news_pipeline_dag.py
[2026-08-26T05:34:41.096+0000] {processor.py:830} INFO - Processing file /opt/airflow/dags/news_pipeline_dag.py for tasks to queue
[2026-08-26T05:34:41.097+0000] {logging_mixin.py:188} INFO - [2026-08-26T05:34:41.097+0000] {dagbag.py:538} INFO - Filling up the DagBag from /opt/airflow/dags/news_pipeline_dag.py
[2026-08-26T05:34:41.609+0000] {processor.py:840} INFO - DAG(s) 'news_medallion_pipeline' retrieved from /opt/airflow/dags/news_pipeline_dag.py
[2026-08-26T05:34:41.630+0000] {logging_mixin.py:188} INFO - [2026-08-26T05:34:41.629+0000] {dag.py:3036} INFO - Sync 1 DAGs
[2026-08-26T05:34:41.639+0000] {logging_mixin.py:188} INFO - [2026-08-26T05:34:41.639+0000] {dag.py:3823} INFO - Setting next_dagrun for news_medallion_pipeline to None, run_after=None
[2026-08-26T05:34:41.652+0000] {processor.py:183} INFO - Processing /opt/airflow/dags/news_pipeline_dag.py took 0.559 seconds
[2026-08-26T05:35:11.759+0000] {processor.py:161} INFO - Started process (PID=183) to work on /opt/airflow/dags/news_pipeline_dag.py
[2026-08-26T05:35:11.760+0000] {processor.py:830} INFO - Processing file /opt/airflow/dags/news_pipeline_dag.py for tasks to queue
[2026-08-26T05:35:11.761+0000] {logging_mixin.py:188} INFO - [2026-08-26T05:35:11.761+0000] {dagbag.py:538} INFO - Filling up the DagBag from /opt/airflow/dags/news_pipeline_dag.py
[2026-08-26T05:35:12.266+0000] {processor.py:840} INFO - DAG(s) 'news_medallion_pipeline' retrieved from /opt/airflow/dags/news_pipeline_dag.py
[2026-08-26T05:35:12.299+0000] {logging_mixin.py:188} INFO - [2026-08-26T05:35:12.298+0000] {dag.py:3036} INFO - Sync 1 DAGs
[2026-08-26T05:35:12.309+0000] {logging_mixin.py:188} INFO - [2026-08-26T05:35:12.309+0000] {dag.py:3823} INFO - Setting next_dagrun for news_medallion_pipeline to None, run_after=None
[2026-08-26T05:35:12.328+0000] {processor.py:183} INFO - Processing /opt/airflow/dags/news_pipeline_dag.py took 0.571 seconds
[2026-08-26T05:35:42.451+0000] {processor.py:161} INFO - Started process (PID=186) to work on /opt/airflow/dags/news_pipeline_dag.py
[2026-08-26T05:35:42.452+0000] {processor.py:830} INFO - Processing file /opt/airflow/dags/news_pipeline_dag.py for tasks to queue
[2026-08-26T05:35:42.452+0000] {logging_mixin.py:188} INFO - [2026-08-26T05:35:42.452+0000] {dagbag.py:538} INFO - Filling up the DagBag from /opt/airflow/dags/news_pipeline_dag.py
[2026-08-26T05:35:43.034+0000] {processor.py:840} INFO - DAG(s) 'news_medallion_pipeline' retrieved from /opt/airflow/dags/news_pipeline_dag.py
[2026-08-26T05:35:43.055+0000] {logging_mixin.py:188} INFO - [2026-08-26T05:35:43.054+0000] {dag.py:3036} INFO - Sync 1 DAGs
[2026-08-26T05:35:43.065+0000] {logging_mixin.py:188} INFO - [2026-08-26T05:35:43.064+0000] {dag.py:3823} INFO - Setting next_dagrun for news_medallion_pipeline to None, run_after=None
[2026-08-26T05:35:43.078+0000] {processor.py:183} INFO - Processing /opt/airflow/dags/news_pipeline_dag.py took 0.630 seconds
[2026-08-26T05:36:13.186+0000] {processor.py:161} INFO - Started process (PID=189) to work on /opt/airflow/dags/news_pipeline_dag.py
[2026-08-26T05:36:13.187+0000] {processor.py:830} INFO - Processing file /opt/airflow/dags/news_pipeline_dag.py for tasks to queue
[2026-08-26T05:36:13.188+0000] {logging_mixin.py:188} INFO - [2026-08-26T05:36:13.187+0000] {dagbag.py:538} INFO - Filling up the DagBag from /opt/airflow/dags/news_pipeline_dag.py
[2026-08-26T05:36:13.688+0000] {processor.py:840} INFO - DAG(s) 'news_medallion_pipeline' retrieved from /opt/airflow/dags/news_pipeline_dag.py
[2026-08-26T05:36:13.718+0000] {logging_mixin.py:188} INFO - [2026-08-26T05:36:13.718+0000] {dag.py:3036} INFO - Sync 1 DAGs
[2026-08-26T05:36:13.732+0000] {logging_mixin.py:188} INFO - [2026-08-26T05:36:13.732+0000] {dag.py:3823} INFO - Setting next_dagrun for news_medallion_pipeline to None, run_after=None
[2026-08-26T05:36:13.746+0000] {processor.py:183} INFO - Processing /opt/airflow/dags/news_pipeline_dag.py took 0.562 seconds
[2026-08-26T05:36:43.859+0000] {processor.py:161} INFO - Started process (PID=192) to work on /opt/airflow/dags/news_pipeline_dag.py
[2026-08-26T05:36:43.859+0000] {processor.py:830} INFO - Processing file /opt/airflow/dags/news_pipeline_dag.py for tasks to queue
[2026-08-26T05:36:43.860+0000] {logging_mixin.py:188} INFO - [2026-08-26T05:36:43.860+0000] {dagbag.py:538} INFO - Filling up the DagBag from /opt/airflow/dags/news_pipeline_dag.py
[2026-08-26T05:36:44.364+0000] {processor.py:840} INFO - DAG(s) 'news_medallion_pipeline' retrieved from /opt/airflow/dags/news_pipeline_dag.py
[2026-08-26T05:36:44.393+0000] {logging_mixin.py:188} INFO - [2026-08-26T05:36:44.392+0000] {dag.py:3036} INFO - Sync 1 DAGs
[2026-08-26T05:36:44.406+0000] {logging_mixin.py:188} INFO - [2026-08-26T05:36:44.405+0000] {dag.py:3823} INFO - Setting next_dagrun for news_medallion_pipeline to None, run_after=None
[2026-08-26T05:36:44.422+0000] {processor.py:183} INFO - Processing /opt/airflow/dags/news_pipeline_dag.py took 0.566 seconds
[2026-08-26T05:37:14.546+0000] {processor.py:161} INFO - Started process (PID=195) to work on /opt/airflow/dags/news_pipeline_dag.py
[2026-08-26T05:37:14.546+0000] {processor.py:830} INFO - Processing file /opt/airflow/dags/news_pipeline_dag.py for tasks to queue
[2026-08-26T05:37:14.547+0000] {logging_mixin.py:188} INFO - [2026-08-26T05:37:14.547+0000] {dagbag.py:538} INFO - Filling up the DagBag from /opt/airflow/dags/news_pipeline_dag.py
[2026-08-26T05:37:15.047+0000] {processor.py:840} INFO - DAG(s) 'news_medallion_pipeline' retrieved from /opt/airflow/dags/news_pipeline_dag.py
[2026-08-26T05:37:15.070+0000] {logging_mixin.py:188} INFO - [2026-08-26T05:37:15.069+0000] {dag.py:3036} INFO - Sync 1 DAGs
[2026-08-26T05:37:15.079+0000] {logging_mixin.py:188} INFO - [2026-08-26T05:37:15.079+0000] {dag.py:3823} INFO - Setting next_dagrun for news_medallion_pipeline to None, run_after=None
[2026-08-26T05:37:15.092+0000] {processor.py:183} INFO - Processing /opt/airflow/dags/news_pipeline_dag.py took 0.549 seconds
[2026-08-26T05:37:45.204+0000] {processor.py:161} INFO - Started process (PID=198) to work on /opt/airflow/dags/news_pipeline_dag.py
[2026-08-26T05:37:45.205+0000] {processor.py:830} INFO - Processing file /opt/airflow/dags/news_pipeline_dag.py for tasks to queue
[2026-08-26T05:37:45.205+0000] {logging_mixin.py:188} INFO - [2026-08-26T05:37:45.205+0000] {dagbag.py:538} INFO - Filling up the DagBag from /opt/airflow/dags/news_pipeline_dag.py
[2026-08-26T05:37:45.726+0000] {processor.py:840} INFO - DAG(s) 'news_medallion_pipeline' retrieved from /opt/airflow/dags/news_pipeline_dag.py
[2026-08-26T05:37:45.759+0000] {logging_mixin.py:188} INFO - [2026-08-26T05:37:45.758+0000] {dag.py:3036} INFO - Sync 1 DAGs
[2026-08-26T05:37:45.779+0000] {logging_mixin.py:188} INFO - [2026-08-26T05:37:45.779+0000] {dag.py:3823} INFO - Setting next_dagrun for news_medallion_pipeline to None, run_after=None
[2026-08-26T05:37:45.802+0000] {processor.py:183} INFO - Processing /opt/airflow/dags/news_pipeline_dag.py took 0.600 seconds
[2026-08-26T05:38:15.925+0000] {processor.py:161} INFO - Started process (PID=201) to work on /opt/airflow/dags/news_pipeline_dag.py
[2026-08-26T05:38:15.926+0000] {processor.py:830} INFO - Processing file /opt/airflow/dags/news_pipeline_dag.py for tasks to queue
[2026-08-26T05:38:15.926+0000] {logging_mixin.py:188} INFO - [2026-08-26T05:38:15.926+0000] {dagbag.py:538} INFO - Filling up the DagBag from /opt/airflow/dags/news_pipeline_dag.py
[2026-08-26T05:38:16.582+0000] {processor.py:840} INFO - DAG(s) 'news_medallion_pipeline' retrieved from /opt/airflow/dags/news_pipeline_dag.py
[2026-08-26T05:38:16.605+0000] {logging_mixin.py:188} INFO - [2026-08-26T05:38:16.604+0000] {dag.py:3036} INFO - Sync 1 DAGs
[2026-08-26T05:38:16.614+0000] {logging_mixin.py:188} INFO - [2026-08-26T05:38:16.614+0000] {dag.py:3823} INFO - Setting next_dagrun for news_medallion_pipeline to None, run_after=None
[2026-08-26T05:38:16.630+0000] {processor.py:183} INFO - Processing /opt/airflow/dags/news_pipeline_dag.py took 0.708 seconds
[2026-08-26T05:38:46.760+0000] {processor.py:161} INFO - Started process (PID=204) to work on /opt/airflow/dags/news_pipeline_dag.py
[2026-08-26T05:38:46.761+0000] {processor.py:830} INFO - Processing file /opt/airflow/dags/news_pipeline_dag.py for tasks to queue
[2026-08-26T05:38:46.761+0000] {logging_mixin.py:188} INFO - [2026-08-26T05:38:46.761+0000] {dagbag.py:538} INFO - Filling up the DagBag from /opt/airflow/dags/news_pipeline_dag.py
[2026-08-26T05:38:47.389+0000] {processor.py:840} INFO - DAG(s) 'news_medallion_pipeline' retrieved from /opt/airflow/dags/news_pipeline_dag.py
[2026-08-26T05:38:47.420+0000] {logging_mixin.py:188} INFO - [2026-08-26T05:38:47.419+0000] {dag.py:3036} INFO - Sync 1 DAGs
[2026-08-26T05:38:47.436+0000] {logging_mixin.py:188} INFO - [2026-08-26T05:38:47.436+0000] {dag.py:3823} INFO - Setting next_dagrun for news_medallion_pipeline to None, run_after=None
[2026-08-26T05:38:47.451+0000] {processor.py:183} INFO - Processing /opt/airflow/dags/news_pipeline_dag.py took 0.694 seconds
[2026-08-26T05:39:17.568+0000] {processor.py:161} INFO - Started process (PID=207) to work on /opt/airflow/dags/news_pipeline_dag.py
[2026-08-26T05:39:17.568+0000] {processor.py:830} INFO - Processing file /opt/airflow/dags/news_pipeline_dag.py for tasks to queue
[2026-08-26T05:39:17.569+0000] {logging_mixin.py:188} INFO - [2026-08-26T05:39:17.569+0000] {dagbag.py:538} INFO - Filling up the DagBag from /opt/airflow/dags/news_pipeline_dag.py
[2026-08-26T05:39:18.078+0000] {processor.py:840} INFO - DAG(s) 'news_medallion_pipeline' retrieved from /opt/airflow/dags/news_pipeline_dag.py
[2026-08-26T05:39:18.100+0000] {logging_mixin.py:188} INFO - [2026-08-26T05:39:18.099+0000] {dag.py:3036} INFO - Sync 1 DAGs
[2026-08-26T05:39:18.112+0000] {logging_mixin.py:188} INFO - [2026-08-26T05:39:18.112+0000] {dag.py:3823} INFO - Setting next_dagrun for news_medallion_pipeline to None, run_after=None
[2026-08-26T05:39:18.132+0000] {processor.py:183} INFO - Processing /opt/airflow/dags/news_pipeline_dag.py took 0.567 seconds
[2026-08-26T05:39:48.251+0000] {processor.py:161} INFO - Started process (PID=210) to work on /opt/airflow/dags/news_pipeline_dag.py
[2026-08-26T05:39:48.252+0000] {processor.py:830} INFO - Processing file /opt/airflow/dags/news_pipeline_dag.py for tasks to queue
[2026-08-26T05:39:48.253+0000] {logging_mixin.py:188} INFO - [2026-08-26T05:39:48.252+0000] {dagbag.py:538} INFO - Filling up the DagBag from /opt/airflow/dags/news_pipeline_dag.py
[2026-08-26T05:39:48.745+0000] {processor.py:840} INFO - DAG(s) 'news_medallion_pipeline' retrieved from /opt/airflow/dags/news_pipeline_dag.py
[2026-08-26T05:39:48.767+0000] {logging_mixin.py:188} INFO - [2026-08-26T05:39:48.767+0000] {dag.py:3036} INFO - Sync 1 DAGs
[2026-08-26T05:39:48.777+0000] {logging_mixin.py:188} INFO - [2026-08-26T05:39:48.776+0000] {dag.py:3823} INFO - Setting next_dagrun for news_medallion_pipeline to None, run_after=None
[2026-08-26T05:39:48.791+0000] {processor.py:183} INFO - Processing /opt/airflow/dags/news_pipeline_dag.py took 0.544 seconds
[2026-08-26T05:40:18.906+0000] {processor.py:161} INFO - Started process (PID=213) to work on /opt/airflow/dags/news_pipeline_dag.py
[2026-08-26T05:40:18.907+0000] {processor.py:830} INFO - Processing file /opt/airflow/dags/news_pipeline_dag.py for tasks to queue
[2026-08-26T05:40:18.907+0000] {logging_mixin.py:188} INFO - [2026-08-26T05:40:18.907+0000] {dagbag.py:538} INFO - Filling up the DagBag from /opt/airflow/dags/news_pipeline_dag.py
[2026-08-26T05:40:19.412+0000] {processor.py:840} INFO - DAG(s) 'news_medallion_pipeline' retrieved from /opt/airflow/dags/news_pipeline_dag.py
[2026-08-26T05:40:19.434+0000] {logging_mixin.py:188} INFO - [2026-08-26T05:40:19.433+0000] {dag.py:3036} INFO - Sync 1 DAGs
[2026-08-26T05:40:19.443+0000] {logging_mixin.py:188} INFO - [2026-08-26T05:40:19.443+0000] {dag.py:3823} INFO - Setting next_dagrun for news_medallion_pipeline to None, run_after=None
[2026-08-26T05:40:19.457+0000] {processor.py:183} INFO - Processing /opt/airflow/dags/news_pipeline_dag.py took 0.553 seconds
[2026-08-26T05:40:49.570+0000] {processor.py:161} INFO - Started process (PID=216) to work on /opt/airflow/dags/news_pipeline_dag.py
[2026-08-26T05:40:49.571+0000] {processor.py:830} INFO - Processing file /opt/airflow/dags/news_pipeline_dag.py for tasks to queue
[2026-08-26T05:40:49.571+0000] {logging_mixin.py:188} INFO - [2026-08-26T05:40:49.571+0000] {dagbag.py:538} INFO - Filling up the DagBag from /opt/airflow/dags/news_pipeline_dag.py
[2026-08-26T05:40:50.085+0000] {processor.py:840} INFO - DAG(s) 'news_medallion_pipeline' retrieved from /opt/airflow/dags/news_pipeline_dag.py
[2026-08-26T05:40:50.108+0000] {logging_mixin.py:188} INFO - [2026-08-26T05:40:50.107+0000] {dag.py:3036} INFO - Sync 1 DAGs
[2026-08-26T05:40:50.118+0000] {logging_mixin.py:188} INFO - [2026-08-26T05:40:50.118+0000] {dag.py:3823} INFO - Setting next_dagrun for news_medallion_pipeline to None, run_after=None
[2026-08-26T05:40:50.133+0000] {processor.py:183} INFO - Processing /opt/airflow/dags/news_pipeline_dag.py took 0.565 seconds
[2026-08-26T05:41:20.250+0000] {processor.py:161} INFO - Started process (PID=219) to work on /opt/airflow/dags/news_pipeline_dag.py
[2026-08-26T05:41:20.251+0000] {processor.py:830} INFO - Processing file /opt/airflow/dags/news_pipeline_dag.py for tasks to queue
[2026-08-26T05:41:20.251+0000] {logging_mixin.py:188} INFO - [2026-08-26T05:41:20.251+0000] {dagbag.py:538} INFO - Filling up the DagBag from /opt/airflow/dags/news_pipeline_dag.py
[2026-08-26T05:41:20.752+0000] {processor.py:840} INFO - DAG(s) 'news_medallion_pipeline' retrieved from /opt/airflow/dags/news_pipeline_dag.py
[2026-08-26T05:41:20.774+0000] {logging_mixin.py:188} INFO - [2026-08-26T05:41:20.774+0000] {dag.py:3036} INFO - Sync 1 DAGs
[2026-08-26T05:41:20.783+0000] {logging_mixin.py:188} INFO - [2026-08-26T05:41:20.783+0000] {dag.py:3823} INFO - Setting next_dagrun for news_medallion_pipeline to None, run_after=None
[2026-08-26T05:41:20.796+0000] {processor.py:183} INFO - Processing /opt/airflow/dags/news_pipeline_dag.py took 0.549 seconds
[2026-08-26T05:41:50.914+0000] {processor.py:161} INFO - Started process (PID=222) to work on /opt/airflow/dags/news_pipeline_dag.py
[2026-08-26T05:41:50.915+0000] {processor.py:830} INFO - Processing file /opt/airflow/dags/news_pipeline_dag.py for tasks to queue
[2026-08-26T05:41:50.915+0000] {logging_mixin.py:188} INFO - [2026-08-26T05:41:50.915+0000] {dagbag.py:538} INFO - Filling up the DagBag from /opt/airflow/dags/news_pipeline_dag.py
[2026-08-26T05:41:51.416+0000] {processor.py:840} INFO - DAG(s) 'news_medallion_pipeline' retrieved from /opt/airflow/dags/news_pipeline_dag.py
[2026-08-26T05:41:51.439+0000] {logging_mixin.py:188} INFO - [2026-08-26T05:41:51.438+0000] {dag.py:3036} INFO - Sync 1 DAGs
[2026-08-26T05:41:51.450+0000] {logging_mixin.py:188} INFO - [2026-08-26T05:41:51.449+0000] {dag.py:3823} INFO - Setting next_dagrun for news_medallion_pipeline to None, run_after=None
[2026-08-26T05:41:51.467+0000] {processor.py:183} INFO - Processing /opt/airflow/dags/news_pipeline_dag.py took 0.556 seconds
[2026-08-26T05:42:21.587+0000] {processor.py:161} INFO - Started process (PID=225) to work on /opt/airflow/dags/news_pipeline_dag.py
[2026-08-26T05:42:21.587+0000] {processor.py:830} INFO - Processing file /opt/airflow/dags/news_pipeline_dag.py for tasks to queue
[2026-08-26T05:42:21.588+0000] {logging_mixin.py:188} INFO - [2026-08-26T05:42:21.588+0000] {dagbag.py:538} INFO - Filling up the DagBag from /opt/airflow/dags/news_pipeline_dag.py
[2026-08-26T05:42:22.086+0000] {processor.py:840} INFO - DAG(s) 'news_medallion_pipeline' retrieved from /opt/airflow/dags/news_pipeline_dag.py
[2026-08-26T05:42:22.109+0000] {logging_mixin.py:188} INFO - [2026-08-26T05:42:22.108+0000] {dag.py:3036} INFO - Sync 1 DAGs
[2026-08-26T05:42:22.118+0000] {logging_mixin.py:188} INFO - [2026-08-26T05:42:22.118+0000] {dag.py:3823} INFO - Setting next_dagrun for news_medallion_pipeline to None, run_after=None
[2026-08-26T05:42:22.132+0000] {processor.py:183} INFO - Processing /opt/airflow/dags/news_pipeline_dag.py took 0.548 seconds
[2026-08-26T05:42:52.247+0000] {processor.py:161} INFO - Started process (PID=228) to work on /opt/airflow/dags/news_pipeline_dag.py
[2026-08-26T05:42:52.247+0000] {processor.py:830} INFO - Processing file /opt/airflow/dags/news_pipeline_dag.py for tasks to queue
[2026-08-26T05:42:52.248+0000] {logging_mixin.py:188} INFO - [2026-08-26T05:42:52.248+0000] {dagbag.py:538} INFO - Filling up the DagBag from /opt/airflow/dags/news_pipeline_dag.py
[2026-08-26T05:42:52.741+0000] {processor.py:840} INFO - DAG(s) 'news_medallion_pipeline' retrieved from /opt/airflow/dags/news_pipeline_dag.py
[2026-08-26T05:42:52.764+0000] {logging_mixin.py:188} INFO - [2026-08-26T05:42:52.764+0000] {dag.py:3036} INFO - Sync 1 DAGs
[2026-08-26T05:42:52.774+0000] {logging_mixin.py:188} INFO - [2026-08-26T05:42:52.774+0000] {dag.py:3823} INFO - Setting next_dagrun for news_medallion_pipeline to None, run_after=None
[2026-08-26T05:42:52.788+0000] {processor.py:183} INFO - Processing /opt/airflow/dags/news_pipeline_dag.py took 0.544 seconds
[2026-08-26T05:43:22.904+0000] {processor.py:161} INFO - Started process (PID=231) to work on /opt/airflow/dags/news_pipeline_dag.py
[2026-08-26T05:43:22.904+0000] {processor.py:830} INFO - Processing file /opt/airflow/dags/news_pipeline_dag.py for tasks to queue
[2026-08-26T05:43:22.905+0000] {logging_mixin.py:188} INFO - [2026-08-26T05:43:22.905+0000] {dagbag.py:538} INFO - Filling up the DagBag from /opt/airflow/dags/news_pipeline_dag.py
[2026-08-26T05:43:23.411+0000] {processor.py:840} INFO - DAG(s) 'news_medallion_pipeline' retrieved from /opt/airflow/dags/news_pipeline_dag.py
[2026-08-26T05:43:23.446+0000] {logging_mixin.py:188} INFO - [2026-08-26T05:43:23.446+0000] {dag.py:3036} INFO - Sync 1 DAGs
[2026-08-26T05:43:23.458+0000] {logging_mixin.py:188} INFO - [2026-08-26T05:43:23.458+0000] {dag.py:3823} INFO - Setting next_dagrun for news_medallion_pipeline to None, run_after=None
[2026-08-26T05:43:23.472+0000] {processor.py:183} INFO - Processing /opt/airflow/dags/news_pipeline_dag.py took 0.571 seconds
[2026-08-26T05:43:53.593+0000] {processor.py:161} INFO - Started process (PID=234) to work on /opt/airflow/dags/news_pipeline_dag.py
[2026-08-26T05:43:53.594+0000] {processor.py:830} INFO - Processing file /opt/airflow/dags/news_pipeline_dag.py for tasks to queue
[2026-08-26T05:43:53.594+0000] {logging_mixin.py:188} INFO - [2026-08-26T05:43:53.594+0000] {dagbag.py:538} INFO - Filling up the DagBag from /opt/airflow/dags/news_pipeline_dag.py
[2026-08-26T05:43:54.117+0000] {processor.py:840} INFO - DAG(s) 'news_medallion_pipeline' retrieved from /opt/airflow/dags/news_pipeline_dag.py
[2026-08-26T05:43:54.141+0000] {logging_mixin.py:188} INFO - [2026-08-26T05:43:54.140+0000] {dag.py:3036} INFO - Sync 1 DAGs
[2026-08-26T05:43:54.150+0000] {logging_mixin.py:188} INFO - [2026-08-26T05:43:54.150+0000] {dag.py:3823} INFO - Setting next_dagrun for news_medallion_pipeline to None, run_after=None
[2026-08-26T05:43:54.164+0000] {processor.py:183} INFO - Processing /opt/airflow/dags/news_pipeline_dag.py took 0.574 seconds
[2026-08-26T05:44:24.284+0000] {processor.py:161} INFO - Started process (PID=237) to work on /opt/airflow/dags/news_pipeline_dag.py
[2026-08-26T05:44:24.285+0000] {processor.py:830} INFO - Processing file /opt/airflow/dags/news_pipeline_dag.py for tasks to queue
[2026-08-26T05:44:24.285+0000] {logging_mixin.py:188} INFO - [2026-08-26T05:44:24.285+0000] {dagbag.py:538} INFO - Filling up the DagBag from /opt/airflow/dags/news_pipeline_dag.py
[2026-08-26T05:44:24.792+0000] {processor.py:840} INFO - DAG(s) 'news_medallion_pipeline' retrieved from /opt/airflow/dags/news_pipeline_dag.py
[2026-08-26T05:44:24.815+0000] {logging_mixin.py:188} INFO - [2026-08-26T05:44:24.815+0000] {dag.py:3036} INFO - Sync 1 DAGs
[2026-08-26T05:44:24.828+0000] {logging_mixin.py:188} INFO - [2026-08-26T05:44:24.828+0000] {dag.py:3823} INFO - Setting next_dagrun for news_medallion_pipeline to None, run_after=None
[2026-08-26T05:44:24.846+0000] {processor.py:183} INFO - Processing /opt/airflow/dags/news_pipeline_dag.py took 0.565 seconds
[2026-08-26T05:44:54.959+0000] {processor.py:161} INFO - Started process (PID=240) to work on /opt/airflow/dags/news_pipeline_dag.py
[2026-08-26T05:44:54.960+0000] {processor.py:830} INFO - Processing file /opt/airflow/dags/news_pipeline_dag.py for tasks to queue
[2026-08-26T05:44:54.961+0000] {logging_mixin.py:188} INFO - [2026-08-26T05:44:54.961+0000] {dagbag.py:538} INFO - Filling up the DagBag from /opt/airflow/dags/news_pipeline_dag.py
[2026-08-26T05:44:55.465+0000] {processor.py:840} INFO - DAG(s) 'news_medallion_pipeline' retrieved from /opt/airflow/dags/news_pipeline_dag.py
[2026-08-26T05:44:55.487+0000] {logging_mixin.py:188} INFO - [2026-08-26T05:44:55.487+0000] {dag.py:3036} INFO - Sync 1 DAGs
[2026-08-26T05:44:55.498+0000] {logging_mixin.py:188} INFO - [2026-08-26T05:44:55.497+0000] {dag.py:3823} INFO - Setting next_dagrun for news_medallion_pipeline to None, run_after=None
[2026-08-26T05:44:55.511+0000] {processor.py:183} INFO - Processing /opt/airflow/dags/news_pipeline_dag.py took 0.555 seconds
[2026-08-26T05:45:25.626+0000] {processor.py:161} INFO - Started process (PID=243) to work on /opt/airflow/dags/news_pipeline_dag.py
[2026-08-26T05:45:25.627+0000] {processor.py:830} INFO - Processing file /opt/airflow/dags/news_pipeline_dag.py for tasks to queue
[2026-08-26T05:45:25.628+0000] {logging_mixin.py:188} INFO - [2026-08-26T05:45:25.627+0000] {dagbag.py:538} INFO - Filling up the DagBag from /opt/airflow/dags/news_pipeline_dag.py
[2026-08-26T05:45:26.148+0000] {processor.py:840} INFO - DAG(s) 'news_medallion_pipeline' retrieved from /opt/airflow/dags/news_pipeline_dag.py
[2026-08-26T05:45:26.172+0000] {logging_mixin.py:188} INFO - [2026-08-26T05:45:26.171+0000] {dag.py:3036} INFO - Sync 1 DAGs
[2026-08-26T05:45:26.181+0000] {logging_mixin.py:188} INFO - [2026-08-26T05:45:26.181+0000] {dag.py:3823} INFO - Setting next_dagrun for news_medallion_pipeline to None, run_after=None
[2026-08-26T05:45:26.195+0000] {processor.py:183} INFO - Processing /opt/airflow/dags/news_pipeline_dag.py took 0.571 seconds
[2026-08-26T05:45:56.307+0000] {processor.py:161} INFO - Started process (PID=246) to work on /opt/airflow/dags/news_pipeline_dag.py
[2026-08-26T05:45:56.308+0000] {processor.py:830} INFO - Processing file /opt/airflow/dags/news_pipeline_dag.py for tasks to queue
[2026-08-26T05:45:56.309+0000] {logging_mixin.py:188} INFO - [2026-08-26T05:45:56.309+0000] {dagbag.py:538} INFO - Filling up the DagBag from /opt/airflow/dags/news_pipeline_dag.py
[2026-08-26T05:45:56.804+0000] {processor.py:840} INFO - DAG(s) 'news_medallion_pipeline' retrieved from /opt/airflow/dags/news_pipeline_dag.py
[2026-08-26T05:45:56.827+0000] {logging_mixin.py:188} INFO - [2026-08-26T05:45:56.826+0000] {dag.py:3036} INFO - Sync 1 DAGs
[2026-08-26T05:45:56.836+0000] {logging_mixin.py:188} INFO - [2026-08-26T05:45:56.836+0000] {dag.py:3823} INFO - Setting next_dagrun for news_medallion_pipeline to None, run_after=None
[2026-08-26T05:45:56.850+0000] {processor.py:183} INFO - Processing /opt/airflow/dags/news_pipeline_dag.py took 0.545 seconds
[2026-08-26T05:46:26.969+0000] {processor.py:161} INFO - Started process (PID=249) to work on /opt/airflow/dags/news_pipeline_dag.py
[2026-08-26T05:46:26.970+0000] {processor.py:830} INFO - Processing file /opt/airflow/dags/news_pipeline_dag.py for tasks to queue
[2026-08-26T05:46:26.971+0000] {logging_mixin.py:188} INFO - [2026-08-26T05:46:26.970+0000] {dagbag.py:538} INFO - Filling up the DagBag from /opt/airflow/dags/news_pipeline_dag.py
[2026-08-26T05:46:27.489+0000] {processor.py:840} INFO - DAG(s) 'news_medallion_pipeline' retrieved from /opt/airflow/dags/news_pipeline_dag.py
[2026-08-26T05:46:27.510+0000] {logging_mixin.py:188} INFO - [2026-08-26T05:46:27.509+0000] {dag.py:3036} INFO - Sync 1 DAGs
[2026-08-26T05:46:27.519+0000] {logging_mixin.py:188} INFO - [2026-08-26T05:46:27.519+0000] {dag.py:3823} INFO - Setting next_dagrun for news_medallion_pipeline to None, run_after=None
[2026-08-26T05:46:27.532+0000] {processor.py:183} INFO - Processing /opt/airflow/dags/news_pipeline_dag.py took 0.569 seconds
[2026-08-26T05:46:57.647+0000] {processor.py:161} INFO - Started process (PID=252) to work on /opt/airflow/dags/news_pipeline_dag.py
[2026-08-26T05:46:57.648+0000] {processor.py:830} INFO - Processing file /opt/airflow/dags/news_pipeline_dag.py for tasks to queue
[2026-08-26T05:46:57.648+0000] {logging_mixin.py:188} INFO - [2026-08-26T05:46:57.648+0000] {dagbag.py:538} INFO - Filling up the DagBag from /opt/airflow/dags/news_pipeline_dag.py
[2026-08-26T05:46:58.156+0000] {processor.py:840} INFO - DAG(s) 'news_medallion_pipeline' retrieved from /opt/airflow/dags/news_pipeline_dag.py
[2026-08-26T05:46:58.178+0000] {logging_mixin.py:188} INFO - [2026-08-26T05:46:58.178+0000] {dag.py:3036} INFO - Sync 1 DAGs
[2026-08-26T05:46:58.189+0000] {logging_mixin.py:188} INFO - [2026-08-26T05:46:58.188+0000] {dag.py:3823} INFO - Setting next_dagrun for news_medallion_pipeline to None, run_after=None
[2026-08-26T05:46:58.203+0000] {processor.py:183} INFO - Processing /opt/airflow/dags/news_pipeline_dag.py took 0.558 seconds
[2026-08-26T05:47:28.322+0000] {processor.py:161} INFO - Started process (PID=255) to work on /opt/airflow/dags/news_pipeline_dag.py
[2026-08-26T05:47:28.322+0000] {processor.py:830} INFO - Processing file /opt/airflow/dags/news_pipeline_dag.py for tasks to queue
[2026-08-26T05:47:28.323+0000] {logging_mixin.py:188} INFO - [2026-08-26T05:47:28.323+0000] {dagbag.py:538} INFO - Filling up the DagBag from /opt/airflow/dags/news_pipeline_dag.py
[2026-08-26T05:47:28.820+0000] {processor.py:840} INFO - DAG(s) 'news_medallion_pipeline' retrieved from /opt/airflow/dags/news_pipeline_dag.py
[2026-08-26T05:47:28.846+0000] {logging_mixin.py:188} INFO - [2026-08-26T05:47:28.845+0000] {dag.py:3036} INFO - Sync 1 DAGs
[2026-08-26T05:47:28.856+0000] {logging_mixin.py:188} INFO - [2026-08-26T05:47:28.856+0000] {dag.py:3823} INFO - Setting next_dagrun for news_medallion_pipeline to None, run_after=None
[2026-08-26T05:47:28.871+0000] {processor.py:183} INFO - Processing /opt/airflow/dags/news_pipeline_dag.py took 0.552 seconds
[2026-08-26T05:47:58.983+0000] {processor.py:161} INFO - Started process (PID=258) to work on /opt/airflow/dags/news_pipeline_dag.py
[2026-08-26T05:47:58.983+0000] {processor.py:830} INFO - Processing file /opt/airflow/dags/news_pipeline_dag.py for tasks to queue
[2026-08-26T05:47:58.984+0000] {logging_mixin.py:188} INFO - [2026-08-26T05:47:58.984+0000] {dagbag.py:538} INFO - Filling up the DagBag from /opt/airflow/dags/news_pipeline_dag.py
[2026-08-26T05:47:59.480+0000] {processor.py:840} INFO - DAG(s) 'news_medallion_pipeline' retrieved from /opt/airflow/dags/news_pipeline_dag.py
[2026-08-26T05:47:59.502+0000] {logging_mixin.py:188} INFO - [2026-08-26T05:47:59.502+0000] {dag.py:3036} INFO - Sync 1 DAGs
[2026-08-26T05:47:59.513+0000] {logging_mixin.py:188} INFO - [2026-08-26T05:47:59.513+0000] {dag.py:3823} INFO - Setting next_dagrun for news_medallion_pipeline to None, run_after=None
[2026-08-26T05:47:59.528+0000] {processor.py:183} INFO - Processing /opt/airflow/dags/news_pipeline_dag.py took 0.548 seconds
[2026-08-26T05:48:29.642+0000] {processor.py:161} INFO - Started process (PID=261) to work on /opt/airflow/dags/news_pipeline_dag.py
[2026-08-26T05:48:29.643+0000] {processor.py:830} INFO - Processing file /opt/airflow/dags/news_pipeline_dag.py for tasks to queue
[2026-08-26T05:48:29.644+0000] {logging_mixin.py:188} INFO - [2026-08-26T05:48:29.643+0000] {dagbag.py:538} INFO - Filling up the DagBag from /opt/airflow/dags/news_pipeline_dag.py
[2026-08-26T05:48:30.214+0000] {processor.py:840} INFO - DAG(s) 'news_medallion_pipeline' retrieved from /opt/airflow/dags/news_pipeline_dag.py
[2026-08-26T05:48:30.236+0000] {logging_mixin.py:188} INFO - [2026-08-26T05:48:30.236+0000] {dag.py:3036} INFO - Sync 1 DAGs
[2026-08-26T05:48:30.245+0000] {logging_mixin.py:188} INFO - [2026-08-26T05:48:30.245+0000] {dag.py:3823} INFO - Setting next_dagrun for news_medallion_pipeline to None, run_after=None
[2026-08-26T05:48:30.258+0000] {processor.py:183} INFO - Processing /opt/airflow/dags/news_pipeline_dag.py took 0.619 seconds
[2026-08-26T08:49:44.501+0000] {processor.py:161} INFO - Started process (PID=37) to work on /opt/airflow/dags/news_pipeline_dag.py
[2026-08-26T08:49:44.656+0000] {processor.py:830} INFO - Processing file /opt/airflow/dags/news_pipeline_dag.py for tasks to queue
[2026-08-26T08:49:44.657+0000] {logging_mixin.py:188} INFO - [2026-08-26T08:49:44.656+0000] {dagbag.py:538} INFO - Filling up the DagBag from /opt/airflow/dags/news_pipeline_dag.py
[2026-08-26T08:49:58.800+0000] {processor.py:840} INFO - DAG(s) 'news_medallion_pipeline' retrieved from /opt/airflow/dags/news_pipeline_dag.py
[2026-08-26T08:49:59.666+0000] {logging_mixin.py:188} INFO - [2026-08-26T08:49:59.666+0000] {dag.py:3036} INFO - Sync 1 DAGs
[2026-08-26T08:49:59.677+0000] {logging_mixin.py:188} INFO - [2026-08-26T08:49:59.676+0000] {dag.py:3823} INFO - Setting next_dagrun for news_medallion_pipeline to None, run_after=None
[2026-08-26T08:49:59.699+0000] {processor.py:183} INFO - Processing /opt/airflow/dags/news_pipeline_dag.py took 15.208 seconds
[2026-08-26T08:50:29.830+0000] {processor.py:161} INFO - Started process (PID=40) to work on /opt/airflow/dags/news_pipeline_dag.py
[2026-08-26T08:50:29.831+0000] {processor.py:830} INFO - Processing file /opt/airflow/dags/news_pipeline_dag.py for tasks to queue
[2026-08-26T08:50:29.832+0000] {logging_mixin.py:188} INFO - [2026-08-26T08:50:29.831+0000] {dagbag.py:538} INFO - Filling up the DagBag from /opt/airflow/dags/news_pipeline_dag.py
[2026-08-26T08:50:30.788+0000] {processor.py:840} INFO - DAG(s) 'news_medallion_pipeline' retrieved from /opt/airflow/dags/news_pipeline_dag.py
[2026-08-26T08:50:30.830+0000] {logging_mixin.py:188} INFO - [2026-08-26T08:50:30.829+0000] {dag.py:3036} INFO - Sync 1 DAGs
[2026-08-26T08:50:30.844+0000] {logging_mixin.py:188} INFO - [2026-08-26T08:50:30.844+0000] {dag.py:3823} INFO - Setting next_dagrun for news_medallion_pipeline to None, run_after=None
[2026-08-26T08:50:30.860+0000] {processor.py:183} INFO - Processing /opt/airflow/dags/news_pipeline_dag.py took 1.032 seconds
[2026-08-26T08:51:00.941+0000] {processor.py:161} INFO - Started process (PID=43) to work on /opt/airflow/dags/news_pipeline_dag.py
[2026-08-26T08:51:00.942+0000] {processor.py:830} INFO - Processing file /opt/airflow/dags/news_pipeline_dag.py for tasks to queue
[2026-08-26T08:51:00.943+0000] {logging_mixin.py:188} INFO - [2026-08-26T08:51:00.943+0000] {dagbag.py:538} INFO - Filling up the DagBag from /opt/airflow/dags/news_pipeline_dag.py
[2026-08-26T08:51:01.551+0000] {processor.py:840} INFO - DAG(s) 'news_medallion_pipeline' retrieved from /opt/airflow/dags/news_pipeline_dag.py
[2026-08-26T08:51:01.578+0000] {logging_mixin.py:188} INFO - [2026-08-26T08:51:01.578+0000] {dag.py:3036} INFO - Sync 1 DAGs
[2026-08-26T08:51:01.591+0000] {logging_mixin.py:188} INFO - [2026-08-26T08:51:01.590+0000] {dag.py:3823} INFO - Setting next_dagrun for news_medallion_pipeline to None, run_after=None
[2026-08-26T08:51:01.610+0000] {processor.py:183} INFO - Processing /opt/airflow/dags/news_pipeline_dag.py took 0.672 seconds
[2026-08-26T08:51:31.728+0000] {processor.py:161} INFO - Started process (PID=46) to work on /opt/airflow/dags/news_pipeline_dag.py
[2026-08-26T08:51:31.729+0000] {processor.py:830} INFO - Processing file /opt/airflow/dags/news_pipeline_dag.py for tasks to queue
[2026-08-26T08:51:31.730+0000] {logging_mixin.py:188} INFO - [2026-08-26T08:51:31.729+0000] {dagbag.py:538} INFO - Filling up the DagBag from /opt/airflow/dags/news_pipeline_dag.py
[2026-08-26T08:51:32.250+0000] {processor.py:840} INFO - DAG(s) 'news_medallion_pipeline' retrieved from /opt/airflow/dags/news_pipeline_dag.py
[2026-08-26T08:51:32.270+0000] {logging_mixin.py:188} INFO - [2026-08-26T08:51:32.270+0000] {dag.py:3036} INFO - Sync 1 DAGs
[2026-08-26T08:51:32.282+0000] {logging_mixin.py:188} INFO - [2026-08-26T08:51:32.282+0000] {dag.py:3823} INFO - Setting next_dagrun for news_medallion_pipeline to None, run_after=None
[2026-08-26T08:51:32.299+0000] {processor.py:183} INFO - Processing /opt/airflow/dags/news_pipeline_dag.py took 0.573 seconds
[2026-08-26T08:52:02.406+0000] {processor.py:161} INFO - Started process (PID=49) to work on /opt/airflow/dags/news_pipeline_dag.py
[2026-08-26T08:52:02.407+0000] {processor.py:830} INFO - Processing file /opt/airflow/dags/news_pipeline_dag.py for tasks to queue
[2026-08-26T08:52:02.407+0000] {logging_mixin.py:188} INFO - [2026-08-26T08:52:02.407+0000] {dagbag.py:538} INFO - Filling up the DagBag from /opt/airflow/dags/news_pipeline_dag.py
[2026-08-26T08:52:02.903+0000] {processor.py:840} INFO - DAG(s) 'news_medallion_pipeline' retrieved from /opt/airflow/dags/news_pipeline_dag.py
[2026-08-26T08:52:02.924+0000] {logging_mixin.py:188} INFO - [2026-08-26T08:52:02.924+0000] {dag.py:3036} INFO - Sync 1 DAGs
[2026-08-26T08:52:03.065+0000] {logging_mixin.py:188} INFO - [2026-08-26T08:52:03.065+0000] {dag.py:3823} INFO - Setting next_dagrun for news_medallion_pipeline to None, run_after=None
[2026-08-26T08:52:03.078+0000] {processor.py:183} INFO - Processing /opt/airflow/dags/news_pipeline_dag.py took 0.675 seconds
[2026-08-26T08:52:33.196+0000] {processor.py:161} INFO - Started process (PID=52) to work on /opt/airflow/dags/news_pipeline_dag.py
[2026-08-26T08:52:33.197+0000] {processor.py:830} INFO - Processing file /opt/airflow/dags/news_pipeline_dag.py for tasks to queue
[2026-08-26T08:52:33.197+0000] {logging_mixin.py:188} INFO - [2026-08-26T08:52:33.197+0000] {dagbag.py:538} INFO - Filling up the DagBag from /opt/airflow/dags/news_pipeline_dag.py
[2026-08-26T08:52:33.726+0000] {processor.py:840} INFO - DAG(s) 'news_medallion_pipeline' retrieved from /opt/airflow/dags/news_pipeline_dag.py
[2026-08-26T08:52:33.746+0000] {logging_mixin.py:188} INFO - [2026-08-26T08:52:33.746+0000] {dag.py:3036} INFO - Sync 1 DAGs
[2026-08-26T08:52:33.755+0000] {logging_mixin.py:188} INFO - [2026-08-26T08:52:33.755+0000] {dag.py:3823} INFO - Setting next_dagrun for news_medallion_pipeline to None, run_after=None
[2026-08-26T08:52:33.768+0000] {processor.py:183} INFO - Processing /opt/airflow/dags/news_pipeline_dag.py took 0.575 seconds
[2026-08-26T08:53:03.873+0000] {processor.py:161} INFO - Started process (PID=55) to work on /opt/airflow/dags/news_pipeline_dag.py
[2026-08-26T08:53:03.874+0000] {processor.py:830} INFO - Processing file /opt/airflow/dags/news_pipeline_dag.py for tasks to queue
[2026-08-26T08:53:03.875+0000] {logging_mixin.py:188} INFO - [2026-08-26T08:53:03.874+0000] {dagbag.py:538} INFO - Filling up the DagBag from /opt/airflow/dags/news_pipeline_dag.py
[2026-08-26T08:53:04.380+0000] {processor.py:840} INFO - DAG(s) 'news_medallion_pipeline' retrieved from /opt/airflow/dags/news_pipeline_dag.py
[2026-08-26T08:53:04.402+0000] {logging_mixin.py:188} INFO - [2026-08-26T08:53:04.402+0000] {dag.py:3036} INFO - Sync 1 DAGs
[2026-08-26T08:53:04.411+0000] {logging_mixin.py:188} INFO - [2026-08-26T08:53:04.411+0000] {dag.py:3823} INFO - Setting next_dagrun for news_medallion_pipeline to None, run_after=None
[2026-08-26T08:53:04.424+0000] {processor.py:183} INFO - Processing /opt/airflow/dags/news_pipeline_dag.py took 0.554 seconds
[2026-08-26T08:53:34.534+0000] {processor.py:161} INFO - Started process (PID=58) to work on /opt/airflow/dags/news_pipeline_dag.py
[2026-08-26T08:53:34.534+0000] {processor.py:830} INFO - Processing file /opt/airflow/dags/news_pipeline_dag.py for tasks to queue
[2026-08-26T08:53:34.535+0000] {logging_mixin.py:188} INFO - [2026-08-26T08:53:34.535+0000] {dagbag.py:538} INFO - Filling up the DagBag from /opt/airflow/dags/news_pipeline_dag.py
[2026-08-26T08:53:35.110+0000] {processor.py:840} INFO - DAG(s) 'news_medallion_pipeline' retrieved from /opt/airflow/dags/news_pipeline_dag.py
[2026-08-26T08:53:35.130+0000] {logging_mixin.py:188} INFO - [2026-08-26T08:53:35.130+0000] {dag.py:3036} INFO - Sync 1 DAGs
[2026-08-26T08:53:35.139+0000] {logging_mixin.py:188} INFO - [2026-08-26T08:53:35.138+0000] {dag.py:3823} INFO - Setting next_dagrun for news_medallion_pipeline to None, run_after=None
[2026-08-26T08:53:35.151+0000] {processor.py:183} INFO - Processing /opt/airflow/dags/news_pipeline_dag.py took 0.620 seconds
[2026-08-26T08:54:05.260+0000] {processor.py:161} INFO - Started process (PID=61) to work on /opt/airflow/dags/news_pipeline_dag.py
[2026-08-26T08:54:05.261+0000] {processor.py:830} INFO - Processing file /opt/airflow/dags/news_pipeline_dag.py for tasks to queue
[2026-08-26T08:54:05.262+0000] {logging_mixin.py:188} INFO - [2026-08-26T08:54:05.262+0000] {dagbag.py:538} INFO - Filling up the DagBag from /opt/airflow/dags/news_pipeline_dag.py
[2026-08-26T08:54:05.744+0000] {processor.py:840} INFO - DAG(s) 'news_medallion_pipeline' retrieved from /opt/airflow/dags/news_pipeline_dag.py
[2026-08-26T08:54:05.764+0000] {logging_mixin.py:188} INFO - [2026-08-26T08:54:05.764+0000] {dag.py:3036} INFO - Sync 1 DAGs
[2026-08-26T08:54:05.774+0000] {logging_mixin.py:188} INFO - [2026-08-26T08:54:05.774+0000] {dag.py:3823} INFO - Setting next_dagrun for news_medallion_pipeline to None, run_after=None
[2026-08-26T08:54:05.792+0000] {processor.py:183} INFO - Processing /opt/airflow/dags/news_pipeline_dag.py took 0.534 seconds
[2026-08-26T08:54:35.909+0000] {processor.py:161} INFO - Started process (PID=64) to work on /opt/airflow/dags/news_pipeline_dag.py
[2026-08-26T08:54:35.910+0000] {processor.py:830} INFO - Processing file /opt/airflow/dags/news_pipeline_dag.py for tasks to queue
[2026-08-26T08:54:35.911+0000] {logging_mixin.py:188} INFO - [2026-08-26T08:54:35.911+0000] {dagbag.py:538} INFO - Filling up the DagBag from /opt/airflow/dags/news_pipeline_dag.py
[2026-08-26T08:54:36.448+0000] {processor.py:840} INFO - DAG(s) 'news_medallion_pipeline' retrieved from /opt/airflow/dags/news_pipeline_dag.py
[2026-08-26T08:54:36.468+0000] {logging_mixin.py:188} INFO - [2026-08-26T08:54:36.468+0000] {dag.py:3036} INFO - Sync 1 DAGs
[2026-08-26T08:54:36.477+0000] {logging_mixin.py:188} INFO - [2026-08-26T08:54:36.477+0000] {dag.py:3823} INFO - Setting next_dagrun for news_medallion_pipeline to None, run_after=None
[2026-08-26T08:54:36.490+0000] {processor.py:183} INFO - Processing /opt/airflow/dags/news_pipeline_dag.py took 0.584 seconds
[2026-08-26T08:55:06.597+0000] {processor.py:161} INFO - Started process (PID=67) to work on /opt/airflow/dags/news_pipeline_dag.py
[2026-08-26T08:55:06.597+0000] {processor.py:830} INFO - Processing file /opt/airflow/dags/news_pipeline_dag.py for tasks to queue
[2026-08-26T08:55:06.598+0000] {logging_mixin.py:188} INFO - [2026-08-26T08:55:06.598+0000] {dagbag.py:538} INFO - Filling up the DagBag from /opt/airflow/dags/news_pipeline_dag.py
[2026-08-26T08:55:07.154+0000] {processor.py:840} INFO - DAG(s) 'news_medallion_pipeline' retrieved from /opt/airflow/dags/news_pipeline_dag.py
[2026-08-26T08:55:07.175+0000] {logging_mixin.py:188} INFO - [2026-08-26T08:55:07.175+0000] {dag.py:3036} INFO - Sync 1 DAGs
[2026-08-26T08:55:07.324+0000] {logging_mixin.py:188} INFO - [2026-08-26T08:55:07.324+0000] {dag.py:3823} INFO - Setting next_dagrun for news_medallion_pipeline to None, run_after=None
[2026-08-26T08:55:07.338+0000] {processor.py:183} INFO - Processing /opt/airflow/dags/news_pipeline_dag.py took 0.744 seconds
[2026-08-26T08:55:37.458+0000] {processor.py:161} INFO - Started process (PID=70) to work on /opt/airflow/dags/news_pipeline_dag.py
[2026-08-26T08:55:37.458+0000] {processor.py:830} INFO - Processing file /opt/airflow/dags/news_pipeline_dag.py for tasks to queue
[2026-08-26T08:55:37.459+0000] {logging_mixin.py:188} INFO - [2026-08-26T08:55:37.459+0000] {dagbag.py:538} INFO - Filling up the DagBag from /opt/airflow/dags/news_pipeline_dag.py
[2026-08-26T08:55:37.948+0000] {processor.py:840} INFO - DAG(s) 'news_medallion_pipeline' retrieved from /opt/airflow/dags/news_pipeline_dag.py
[2026-08-26T08:55:37.980+0000] {logging_mixin.py:188} INFO - [2026-08-26T08:55:37.980+0000] {dag.py:3036} INFO - Sync 1 DAGs
[2026-08-26T08:55:38.118+0000] {logging_mixin.py:188} INFO - [2026-08-26T08:55:38.118+0000] {dag.py:3823} INFO - Setting next_dagrun for news_medallion_pipeline to None, run_after=None
[2026-08-26T08:55:38.132+0000] {processor.py:183} INFO - Processing /opt/airflow/dags/news_pipeline_dag.py took 0.676 seconds
[2026-08-26T08:56:08.244+0000] {processor.py:161} INFO - Started process (PID=73) to work on /opt/airflow/dags/news_pipeline_dag.py
[2026-08-26T08:56:08.245+0000] {processor.py:830} INFO - Processing file /opt/airflow/dags/news_pipeline_dag.py for tasks to queue
[2026-08-26T08:56:08.246+0000] {logging_mixin.py:188} INFO - [2026-08-26T08:56:08.246+0000] {dagbag.py:538} INFO - Filling up the DagBag from /opt/airflow/dags/news_pipeline_dag.py
[2026-08-26T08:56:08.738+0000] {processor.py:840} INFO - DAG(s) 'news_medallion_pipeline' retrieved from /opt/airflow/dags/news_pipeline_dag.py
[2026-08-26T08:56:08.761+0000] {logging_mixin.py:188} INFO - [2026-08-26T08:56:08.761+0000] {dag.py:3036} INFO - Sync 1 DAGs
[2026-08-26T08:56:08.770+0000] {logging_mixin.py:188} INFO - [2026-08-26T08:56:08.770+0000] {dag.py:3823} INFO - Setting next_dagrun for news_medallion_pipeline to None, run_after=None
[2026-08-26T08:56:08.783+0000] {processor.py:183} INFO - Processing /opt/airflow/dags/news_pipeline_dag.py took 0.541 seconds
[2026-08-26T08:57:12.192+0000] {processor.py:161} INFO - Started process (PID=41) to work on /opt/airflow/dags/news_pipeline_dag.py
[2026-08-26T08:57:12.206+0000] {processor.py:830} INFO - Processing file /opt/airflow/dags/news_pipeline_dag.py for tasks to queue
[2026-08-26T08:57:12.207+0000] {logging_mixin.py:188} INFO - [2026-08-26T08:57:12.207+0000] {dagbag.py:538} INFO - Filling up the DagBag from /opt/airflow/dags/news_pipeline_dag.py
[2026-08-26T08:57:18.972+0000] {processor.py:840} INFO - DAG(s) 'news_medallion_pipeline' retrieved from /opt/airflow/dags/news_pipeline_dag.py
[2026-08-26T08:57:19.594+0000] {logging_mixin.py:188} INFO - [2026-08-26T08:57:19.594+0000] {dag.py:3036} INFO - Sync 1 DAGs
[2026-08-26T08:57:19.622+0000] {logging_mixin.py:188} INFO - [2026-08-26T08:57:19.622+0000] {dag.py:3823} INFO - Setting next_dagrun for news_medallion_pipeline to None, run_after=None
[2026-08-26T08:57:19.707+0000] {processor.py:183} INFO - Processing /opt/airflow/dags/news_pipeline_dag.py took 7.522 seconds
[2026-08-26T08:57:49.851+0000] {processor.py:161} INFO - Started process (PID=44) to work on /opt/airflow/dags/news_pipeline_dag.py
[2026-08-26T08:57:49.852+0000] {processor.py:830} INFO - Processing file /opt/airflow/dags/news_pipeline_dag.py for tasks to queue
[2026-08-26T08:57:49.853+0000] {logging_mixin.py:188} INFO - [2026-08-26T08:57:49.852+0000] {dagbag.py:538} INFO - Filling up the DagBag from /opt/airflow/dags/news_pipeline_dag.py
[2026-08-26T08:57:50.383+0000] {processor.py:840} INFO - DAG(s) 'news_medallion_pipeline' retrieved from /opt/airflow/dags/news_pipeline_dag.py
[2026-08-26T08:57:50.406+0000] {logging_mixin.py:188} INFO - [2026-08-26T08:57:50.406+0000] {dag.py:3036} INFO - Sync 1 DAGs
[2026-08-26T08:57:50.415+0000] {logging_mixin.py:188} INFO - [2026-08-26T08:57:50.415+0000] {dag.py:3823} INFO - Setting next_dagrun for news_medallion_pipeline to None, run_after=None
[2026-08-26T08:57:50.428+0000] {processor.py:183} INFO - Processing /opt/airflow/dags/news_pipeline_dag.py took 0.580 seconds
[2026-08-26T08:58:20.553+0000] {processor.py:161} INFO - Started process (PID=47) to work on /opt/airflow/dags/news_pipeline_dag.py
[2026-08-26T08:58:20.553+0000] {processor.py:830} INFO - Processing file /opt/airflow/dags/news_pipeline_dag.py for tasks to queue
[2026-08-26T08:58:20.554+0000] {logging_mixin.py:188} INFO - [2026-08-26T08:58:20.554+0000] {dagbag.py:538} INFO - Filling up the DagBag from /opt/airflow/dags/news_pipeline_dag.py
[2026-08-26T08:58:21.136+0000] {processor.py:840} INFO - DAG(s) 'news_medallion_pipeline' retrieved from /opt/airflow/dags/news_pipeline_dag.py
[2026-08-26T08:58:21.156+0000] {logging_mixin.py:188} INFO - [2026-08-26T08:58:21.155+0000] {dag.py:3036} INFO - Sync 1 DAGs
[2026-08-26T08:58:21.165+0000] {logging_mixin.py:188} INFO - [2026-08-26T08:58:21.165+0000] {dag.py:3823} INFO - Setting next_dagrun for news_medallion_pipeline to None, run_after=None
[2026-08-26T08:58:21.177+0000] {processor.py:183} INFO - Processing /opt/airflow/dags/news_pipeline_dag.py took 0.628 seconds
[2026-08-26T08:58:51.292+0000] {processor.py:161} INFO - Started process (PID=50) to work on /opt/airflow/dags/news_pipeline_dag.py
[2026-08-26T08:58:51.293+0000] {processor.py:830} INFO - Processing file /opt/airflow/dags/news_pipeline_dag.py for tasks to queue
[2026-08-26T08:58:51.293+0000] {logging_mixin.py:188} INFO - [2026-08-26T08:58:51.293+0000] {dagbag.py:538} INFO - Filling up the DagBag from /opt/airflow/dags/news_pipeline_dag.py
[2026-08-26T08:58:51.815+0000] {processor.py:840} INFO - DAG(s) 'news_medallion_pipeline' retrieved from /opt/airflow/dags/news_pipeline_dag.py
[2026-08-26T08:58:51.835+0000] {logging_mixin.py:188} INFO - [2026-08-26T08:58:51.835+0000] {dag.py:3036} INFO - Sync 1 DAGs
[2026-08-26T08:58:51.847+0000] {logging_mixin.py:188} INFO - [2026-08-26T08:58:51.847+0000] {dag.py:3823} INFO - Setting next_dagrun for news_medallion_pipeline to None, run_after=None
[2026-08-26T08:58:51.862+0000] {processor.py:183} INFO - Processing /opt/airflow/dags/news_pipeline_dag.py took 0.573 seconds
[2026-08-26T08:59:21.969+0000] {processor.py:161} INFO - Started process (PID=53) to work on /opt/airflow/dags/news_pipeline_dag.py
[2026-08-26T08:59:21.970+0000] {processor.py:830} INFO - Processing file /opt/airflow/dags/news_pipeline_dag.py for tasks to queue
[2026-08-26T08:59:21.971+0000] {logging_mixin.py:188} INFO - [2026-08-26T08:59:21.970+0000] {dagbag.py:538} INFO - Filling up the DagBag from /opt/airflow/dags/news_pipeline_dag.py
[2026-08-26T08:59:22.458+0000] {processor.py:840} INFO - DAG(s) 'news_medallion_pipeline' retrieved from /opt/airflow/dags/news_pipeline_dag.py
[2026-08-26T08:59:22.479+0000] {logging_mixin.py:188} INFO - [2026-08-26T08:59:22.478+0000] {dag.py:3036} INFO - Sync 1 DAGs
[2026-08-26T08:59:22.613+0000] {logging_mixin.py:188} INFO - [2026-08-26T08:59:22.613+0000] {dag.py:3823} INFO - Setting next_dagrun for news_medallion_pipeline to None, run_after=None
[2026-08-26T08:59:22.627+0000] {processor.py:183} INFO - Processing /opt/airflow/dags/news_pipeline_dag.py took 0.660 seconds
[2026-08-26T08:59:52.740+0000] {processor.py:161} INFO - Started process (PID=56) to work on /opt/airflow/dags/news_pipeline_dag.py
[2026-08-26T08:59:52.741+0000] {processor.py:830} INFO - Processing file /opt/airflow/dags/news_pipeline_dag.py for tasks to queue
[2026-08-26T08:59:52.742+0000] {logging_mixin.py:188} INFO - [2026-08-26T08:59:52.741+0000] {dagbag.py:538} INFO - Filling up the DagBag from /opt/airflow/dags/news_pipeline_dag.py
[2026-08-26T08:59:53.257+0000] {processor.py:840} INFO - DAG(s) 'news_medallion_pipeline' retrieved from /opt/airflow/dags/news_pipeline_dag.py
[2026-08-26T08:59:53.278+0000] {logging_mixin.py:188} INFO - [2026-08-26T08:59:53.278+0000] {dag.py:3036} INFO - Sync 1 DAGs
[2026-08-26T08:59:53.287+0000] {logging_mixin.py:188} INFO - [2026-08-26T08:59:53.287+0000] {dag.py:3823} INFO - Setting next_dagrun for news_medallion_pipeline to None, run_after=None
[2026-08-26T08:59:53.301+0000] {processor.py:183} INFO - Processing /opt/airflow/dags/news_pipeline_dag.py took 0.563 seconds
[2026-08-26T09:00:23.416+0000] {processor.py:161} INFO - Started process (PID=59) to work on /opt/airflow/dags/news_pipeline_dag.py
[2026-08-26T09:00:23.417+0000] {processor.py:830} INFO - Processing file /opt/airflow/dags/news_pipeline_dag.py for tasks to queue
[2026-08-26T09:00:23.418+0000] {logging_mixin.py:188} INFO - [2026-08-26T09:00:23.417+0000] {dagbag.py:538} INFO - Filling up the DagBag from /opt/airflow/dags/news_pipeline_dag.py
[2026-08-26T09:00:23.936+0000] {processor.py:840} INFO - DAG(s) 'news_medallion_pipeline' retrieved from /opt/airflow/dags/news_pipeline_dag.py
[2026-08-26T09:00:23.958+0000] {logging_mixin.py:188} INFO - [2026-08-26T09:00:23.957+0000] {dag.py:3036} INFO - Sync 1 DAGs
[2026-08-26T09:00:23.966+0000] {logging_mixin.py:188} INFO - [2026-08-26T09:00:23.966+0000] {dag.py:3823} INFO - Setting next_dagrun for news_medallion_pipeline to None, run_after=None
[2026-08-26T09:00:23.979+0000] {processor.py:183} INFO - Processing /opt/airflow/dags/news_pipeline_dag.py took 0.567 seconds
[2026-08-26T09:00:54.097+0000] {processor.py:161} INFO - Started process (PID=62) to work on /opt/airflow/dags/news_pipeline_dag.py
[2026-08-26T09:00:54.097+0000] {processor.py:830} INFO - Processing file /opt/airflow/dags/news_pipeline_dag.py for tasks to queue
[2026-08-26T09:00:54.098+0000] {logging_mixin.py:188} INFO - [2026-08-26T09:00:54.098+0000] {dagbag.py:538} INFO - Filling up the DagBag from /opt/airflow/dags/news_pipeline_dag.py
[2026-08-26T09:00:54.671+0000] {processor.py:840} INFO - DAG(s) 'news_medallion_pipeline' retrieved from /opt/airflow/dags/news_pipeline_dag.py
[2026-08-26T09:00:54.698+0000] {logging_mixin.py:188} INFO - [2026-08-26T09:00:54.697+0000] {dag.py:3036} INFO - Sync 1 DAGs
[2026-08-26T09:00:54.709+0000] {logging_mixin.py:188} INFO - [2026-08-26T09:00:54.709+0000] {dag.py:3823} INFO - Setting next_dagrun for news_medallion_pipeline to None, run_after=None
[2026-08-26T09:00:54.722+0000] {processor.py:183} INFO - Processing /opt/airflow/dags/news_pipeline_dag.py took 0.629 seconds
[2026-08-26T09:01:24.832+0000] {processor.py:161} INFO - Started process (PID=65) to work on /opt/airflow/dags/news_pipeline_dag.py
[2026-08-26T09:01:24.833+0000] {processor.py:830} INFO - Processing file /opt/airflow/dags/news_pipeline_dag.py for tasks to queue
[2026-08-26T09:01:24.833+0000] {logging_mixin.py:188} INFO - [2026-08-26T09:01:24.833+0000] {dagbag.py:538} INFO - Filling up the DagBag from /opt/airflow/dags/news_pipeline_dag.py
[2026-08-26T09:01:25.335+0000] {processor.py:840} INFO - DAG(s) 'news_medallion_pipeline' retrieved from /opt/airflow/dags/news_pipeline_dag.py
[2026-08-26T09:01:25.358+0000] {logging_mixin.py:188} INFO - [2026-08-26T09:01:25.357+0000] {dag.py:3036} INFO - Sync 1 DAGs
[2026-08-26T09:01:25.366+0000] {logging_mixin.py:188} INFO - [2026-08-26T09:01:25.366+0000] {dag.py:3823} INFO - Setting next_dagrun for news_medallion_pipeline to None, run_after=None
[2026-08-26T09:01:25.379+0000] {processor.py:183} INFO - Processing /opt/airflow/dags/news_pipeline_dag.py took 0.550 seconds
[2026-08-26T09:01:55.489+0000] {processor.py:161} INFO - Started process (PID=68) to work on /opt/airflow/dags/news_pipeline_dag.py
[2026-08-26T09:01:55.490+0000] {processor.py:830} INFO - Processing file /opt/airflow/dags/news_pipeline_dag.py for tasks to queue
[2026-08-26T09:01:55.490+0000] {logging_mixin.py:188} INFO - [2026-08-26T09:01:55.490+0000] {dagbag.py:538} INFO - Filling up the DagBag from /opt/airflow/dags/news_pipeline_dag.py
[2026-08-26T09:01:55.981+0000] {processor.py:840} INFO - DAG(s) 'news_medallion_pipeline' retrieved from /opt/airflow/dags/news_pipeline_dag.py
[2026-08-26T09:01:56.001+0000] {logging_mixin.py:188} INFO - [2026-08-26T09:01:56.001+0000] {dag.py:3036} INFO - Sync 1 DAGs
[2026-08-26T09:01:56.010+0000] {logging_mixin.py:188} INFO - [2026-08-26T09:01:56.010+0000] {dag.py:3823} INFO - Setting next_dagrun for news_medallion_pipeline to None, run_after=None
[2026-08-26T09:01:56.023+0000] {processor.py:183} INFO - Processing /opt/airflow/dags/news_pipeline_dag.py took 0.537 seconds
[2026-08-26T09:02:21.030+0000] {processor.py:161} INFO - Started process (PID=71) to work on /opt/airflow/dags/news_pipeline_dag.py
[2026-08-26T09:02:21.031+0000] {processor.py:830} INFO - Processing file /opt/airflow/dags/news_pipeline_dag.py for tasks to queue
[2026-08-26T09:02:21.031+0000] {logging_mixin.py:188} INFO - [2026-08-26T09:02:21.031+0000] {dagbag.py:538} INFO - Filling up the DagBag from /opt/airflow/dags/news_pipeline_dag.py
[2026-08-26T09:02:22.737+0000] {logging_mixin.py:188} WARNING - /opt/airflow/project_code/data_processing/enrich_data.py:3 FutureWarning: 

All support for the `google.generativeai` package has ended. It will no longer be receiving
updates or bug fixes. Please switch to the `google.genai` package as soon as possible.
See README for more details:

https://github.com/google-gemini/deprecated-generative-ai-python/blob/main/README.md
[2026-08-26T09:02:22.743+0000] {processor.py:840} INFO - DAG(s) 'news_full_medallion_pipeline' retrieved from /opt/airflow/dags/news_pipeline_dag.py
[2026-08-26T09:02:22.881+0000] {logging_mixin.py:188} INFO - [2026-08-26T09:02:22.881+0000] {override.py:1769} INFO - Created Permission View: can delete on DAG:news_full_medallion_pipeline
[2026-08-26T09:02:22.889+0000] {logging_mixin.py:188} INFO - [2026-08-26T09:02:22.889+0000] {override.py:1769} INFO - Created Permission View: can read on DAG:news_full_medallion_pipeline
[2026-08-26T09:02:22.894+0000] {logging_mixin.py:188} INFO - [2026-08-26T09:02:22.894+0000] {override.py:1769} INFO - Created Permission View: can edit on DAG:news_full_medallion_pipeline
[2026-08-26T09:02:22.895+0000] {logging_mixin.py:188} INFO - [2026-08-26T09:02:22.894+0000] {dag.py:3036} INFO - Sync 1 DAGs
[2026-08-26T09:02:22.903+0000] {logging_mixin.py:188} INFO - [2026-08-26T09:02:22.903+0000] {dag.py:3058} INFO - Creating ORM DAG for news_full_medallion_pipeline
[2026-08-26T09:02:22.906+0000] {logging_mixin.py:188} INFO - [2026-08-26T09:02:22.906+0000] {dag.py:3823} INFO - Setting next_dagrun for news_full_medallion_pipeline to None, run_after=None
[2026-08-26T09:02:22.932+0000] {processor.py:183} INFO - Processing /opt/airflow/dags/news_pipeline_dag.py took 1.905 seconds
[2026-08-26T09:02:47.057+0000] {processor.py:161} INFO - Started process (PID=74) to work on /opt/airflow/dags/news_pipeline_dag.py
[2026-08-26T09:02:47.058+0000] {processor.py:830} INFO - Processing file /opt/airflow/dags/news_pipeline_dag.py for tasks to queue
[2026-08-26T09:02:47.059+0000] {logging_mixin.py:188} INFO - [2026-08-26T09:02:47.059+0000] {dagbag.py:538} INFO - Filling up the DagBag from /opt/airflow/dags/news_pipeline_dag.py
[2026-08-26T09:02:47.880+0000] {logging_mixin.py:188} WARNING - /opt/airflow/project_code/data_processing/enrich_data.py:3 FutureWarning: 

All support for the `google.generativeai` package has ended. It will no longer be receiving
updates or bug fixes. Please switch to the `google.genai` package as soon as possible.
See README for more details:

https://github.com/google-gemini/deprecated-generative-ai-python/blob/main/README.md
[2026-08-26T09:02:47.885+0000] {processor.py:840} INFO - DAG(s) 'news_full_medallion_pipeline' retrieved from /opt/airflow/dags/news_pipeline_dag.py
[2026-08-26T09:02:47.896+0000] {logging_mixin.py:188} INFO - [2026-08-26T09:02:47.895+0000] {dag.py:3036} INFO - Sync 1 DAGs
[2026-08-26T09:02:47.904+0000] {logging_mixin.py:188} INFO - [2026-08-26T09:02:47.904+0000] {dag.py:3823} INFO - Setting next_dagrun for news_full_medallion_pipeline to None, run_after=None
[2026-08-26T09:02:47.920+0000] {processor.py:183} INFO - Processing /opt/airflow/dags/news_pipeline_dag.py took 0.865 seconds
[2026-08-26T09:03:18.047+0000] {processor.py:161} INFO - Started process (PID=77) to work on /opt/airflow/dags/news_pipeline_dag.py
[2026-08-26T09:03:18.047+0000] {processor.py:830} INFO - Processing file /opt/airflow/dags/news_pipeline_dag.py for tasks to queue
[2026-08-26T09:03:18.048+0000] {logging_mixin.py:188} INFO - [2026-08-26T09:03:18.048+0000] {dagbag.py:538} INFO - Filling up the DagBag from /opt/airflow/dags/news_pipeline_dag.py
[2026-08-26T09:03:18.837+0000] {logging_mixin.py:188} WARNING - /opt/airflow/project_code/data_processing/enrich_data.py:3 FutureWarning: 

All support for the `google.generativeai` package has ended. It will no longer be receiving
updates or bug fixes. Please switch to the `google.genai` package as soon as possible.
See README for more details:

https://github.com/google-gemini/deprecated-generative-ai-python/blob/main/README.md
[2026-08-26T09:03:18.841+0000] {processor.py:840} INFO - DAG(s) 'news_full_medallion_pipeline' retrieved from /opt/airflow/dags/news_pipeline_dag.py
[2026-08-26T09:03:18.860+0000] {logging_mixin.py:188} INFO - [2026-08-26T09:03:18.860+0000] {dag.py:3036} INFO - Sync 1 DAGs
[2026-08-26T09:03:18.878+0000] {logging_mixin.py:188} INFO - [2026-08-26T09:03:18.878+0000] {dag.py:3823} INFO - Setting next_dagrun for news_full_medallion_pipeline to None, run_after=None
[2026-08-26T09:03:18.903+0000] {processor.py:183} INFO - Processing /opt/airflow/dags/news_pipeline_dag.py took 0.859 seconds
[2026-08-26T09:03:34.323+0000] {processor.py:161} INFO - Started process (PID=80) to work on /opt/airflow/dags/news_pipeline_dag.py
[2026-08-26T09:03:34.324+0000] {processor.py:830} INFO - Processing file /opt/airflow/dags/news_pipeline_dag.py for tasks to queue
[2026-08-26T09:03:34.325+0000] {logging_mixin.py:188} INFO - [2026-08-26T09:03:34.324+0000] {dagbag.py:538} INFO - Filling up the DagBag from /opt/airflow/dags/news_pipeline_dag.py
[2026-08-26T09:03:35.210+0000] {logging_mixin.py:188} WARNING - /opt/airflow/project_code/data_processing/enrich_data.py:3 FutureWarning: 

All support for the `google.generativeai` package has ended. It will no longer be receiving
updates or bug fixes. Please switch to the `google.genai` package as soon as possible.
See README for more details:

https://github.com/google-gemini/deprecated-generative-ai-python/blob/main/README.md
[2026-08-26T09:03:35.215+0000] {processor.py:840} INFO - DAG(s) 'news_full_medallion_pipeline' retrieved from /opt/airflow/dags/news_pipeline_dag.py
[2026-08-26T09:03:35.234+0000] {logging_mixin.py:188} INFO - [2026-08-26T09:03:35.234+0000] {dag.py:3036} INFO - Sync 1 DAGs
[2026-08-26T09:03:35.241+0000] {logging_mixin.py:188} INFO - [2026-08-26T09:03:35.241+0000] {dag.py:3823} INFO - Setting next_dagrun for news_full_medallion_pipeline to None, run_after=None
[2026-08-26T09:03:35.254+0000] {processor.py:183} INFO - Processing /opt/airflow/dags/news_pipeline_dag.py took 0.934 seconds
[2026-08-26T09:04:05.371+0000] {processor.py:161} INFO - Started process (PID=83) to work on /opt/airflow/dags/news_pipeline_dag.py
[2026-08-26T09:04:05.372+0000] {processor.py:830} INFO - Processing file /opt/airflow/dags/news_pipeline_dag.py for tasks to queue
[2026-08-26T09:04:05.373+0000] {logging_mixin.py:188} INFO - [2026-08-26T09:04:05.373+0000] {dagbag.py:538} INFO - Filling up the DagBag from /opt/airflow/dags/news_pipeline_dag.py
[2026-08-26T09:04:06.254+0000] {logging_mixin.py:188} WARNING - /opt/airflow/project_code/data_processing/enrich_data.py:3 FutureWarning: 

All support for the `google.generativeai` package has ended. It will no longer be receiving
updates or bug fixes. Please switch to the `google.genai` package as soon as possible.
See README for more details:

https://github.com/google-gemini/deprecated-generative-ai-python/blob/main/README.md
[2026-08-26T09:04:06.259+0000] {processor.py:840} INFO - DAG(s) 'news_full_medallion_pipeline' retrieved from /opt/airflow/dags/news_pipeline_dag.py
[2026-08-26T09:04:06.278+0000] {logging_mixin.py:188} INFO - [2026-08-26T09:04:06.277+0000] {dag.py:3036} INFO - Sync 1 DAGs
[2026-08-26T09:04:06.286+0000] {logging_mixin.py:188} INFO - [2026-08-26T09:04:06.285+0000] {dag.py:3823} INFO - Setting next_dagrun for news_full_medallion_pipeline to None, run_after=None
[2026-08-26T09:04:06.300+0000] {processor.py:183} INFO - Processing /opt/airflow/dags/news_pipeline_dag.py took 0.933 seconds
[2026-08-26T09:04:36.433+0000] {processor.py:161} INFO - Started process (PID=100) to work on /opt/airflow/dags/news_pipeline_dag.py
[2026-08-26T09:04:36.434+0000] {processor.py:830} INFO - Processing file /opt/airflow/dags/news_pipeline_dag.py for tasks to queue
[2026-08-26T09:04:36.435+0000] {logging_mixin.py:188} INFO - [2026-08-26T09:04:36.434+0000] {dagbag.py:538} INFO - Filling up the DagBag from /opt/airflow/dags/news_pipeline_dag.py
[2026-08-26T09:04:37.552+0000] {logging_mixin.py:188} WARNING - /opt/airflow/project_code/data_processing/enrich_data.py:3 FutureWarning: 

All support for the `google.generativeai` package has ended. It will no longer be receiving
updates or bug fixes. Please switch to the `google.genai` package as soon as possible.
See README for more details:

https://github.com/google-gemini/deprecated-generative-ai-python/blob/main/README.md
[2026-08-26T09:04:37.557+0000] {processor.py:840} INFO - DAG(s) 'news_full_medallion_pipeline' retrieved from /opt/airflow/dags/news_pipeline_dag.py
[2026-08-26T09:04:37.577+0000] {logging_mixin.py:188} INFO - [2026-08-26T09:04:37.577+0000] {dag.py:3036} INFO - Sync 1 DAGs
[2026-08-26T09:04:37.588+0000] {logging_mixin.py:188} INFO - [2026-08-26T09:04:37.588+0000] {dag.py:3823} INFO - Setting next_dagrun for news_full_medallion_pipeline to None, run_after=None
[2026-08-26T09:04:37.607+0000] {processor.py:183} INFO - Processing /opt/airflow/dags/news_pipeline_dag.py took 1.178 seconds
[2026-08-26T09:05:07.720+0000] {processor.py:161} INFO - Started process (PID=131) to work on /opt/airflow/dags/news_pipeline_dag.py
[2026-08-26T09:05:07.721+0000] {processor.py:830} INFO - Processing file /opt/airflow/dags/news_pipeline_dag.py for tasks to queue
[2026-08-26T09:05:07.722+0000] {logging_mixin.py:188} INFO - [2026-08-26T09:05:07.721+0000] {dagbag.py:538} INFO - Filling up the DagBag from /opt/airflow/dags/news_pipeline_dag.py
[2026-08-26T09:05:08.591+0000] {logging_mixin.py:188} WARNING - /opt/airflow/project_code/data_processing/enrich_data.py:3 FutureWarning: 

All support for the `google.generativeai` package has ended. It will no longer be receiving
updates or bug fixes. Please switch to the `google.genai` package as soon as possible.
See README for more details:

https://github.com/google-gemini/deprecated-generative-ai-python/blob/main/README.md
[2026-08-26T09:05:08.596+0000] {processor.py:840} INFO - DAG(s) 'news_full_medallion_pipeline' retrieved from /opt/airflow/dags/news_pipeline_dag.py
[2026-08-26T09:05:08.615+0000] {logging_mixin.py:188} INFO - [2026-08-26T09:05:08.615+0000] {dag.py:3036} INFO - Sync 1 DAGs
[2026-08-26T09:05:08.624+0000] {logging_mixin.py:188} INFO - [2026-08-26T09:05:08.624+0000] {dag.py:3823} INFO - Setting next_dagrun for news_full_medallion_pipeline to None, run_after=None
[2026-08-26T09:05:08.636+0000] {processor.py:183} INFO - Processing /opt/airflow/dags/news_pipeline_dag.py took 0.919 seconds
[2026-08-26T09:05:38.678+0000] {processor.py:161} INFO - Started process (PID=149) to work on /opt/airflow/dags/news_pipeline_dag.py
[2026-08-26T09:05:38.679+0000] {processor.py:830} INFO - Processing file /opt/airflow/dags/news_pipeline_dag.py for tasks to queue
[2026-08-26T09:05:38.679+0000] {logging_mixin.py:188} INFO - [2026-08-26T09:05:38.679+0000] {dagbag.py:538} INFO - Filling up the DagBag from /opt/airflow/dags/news_pipeline_dag.py
[2026-08-26T09:05:39.559+0000] {logging_mixin.py:188} WARNING - /opt/airflow/project_code/data_processing/enrich_data.py:3 FutureWarning: 

All support for the `google.generativeai` package has ended. It will no longer be receiving
updates or bug fixes. Please switch to the `google.genai` package as soon as possible.
See README for more details:

https://github.com/google-gemini/deprecated-generative-ai-python/blob/main/README.md
[2026-08-26T09:05:39.567+0000] {processor.py:840} INFO - DAG(s) 'news_full_medallion_pipeline' retrieved from /opt/airflow/dags/news_pipeline_dag.py
[2026-08-26T09:05:39.596+0000] {logging_mixin.py:188} INFO - [2026-08-26T09:05:39.595+0000] {dag.py:3036} INFO - Sync 1 DAGs
[2026-08-26T09:05:39.603+0000] {logging_mixin.py:188} INFO - [2026-08-26T09:05:39.603+0000] {dag.py:3823} INFO - Setting next_dagrun for news_full_medallion_pipeline to None, run_after=None
[2026-08-26T09:05:39.617+0000] {processor.py:183} INFO - Processing /opt/airflow/dags/news_pipeline_dag.py took 0.941 seconds
[2026-08-26T09:06:09.746+0000] {processor.py:161} INFO - Started process (PID=167) to work on /opt/airflow/dags/news_pipeline_dag.py
[2026-08-26T09:06:09.747+0000] {processor.py:830} INFO - Processing file /opt/airflow/dags/news_pipeline_dag.py for tasks to queue
[2026-08-26T09:06:09.747+0000] {logging_mixin.py:188} INFO - [2026-08-26T09:06:09.747+0000] {dagbag.py:538} INFO - Filling up the DagBag from /opt/airflow/dags/news_pipeline_dag.py
[2026-08-26T09:06:10.556+0000] {logging_mixin.py:188} WARNING - /opt/airflow/project_code/data_processing/enrich_data.py:3 FutureWarning: 

All support for the `google.generativeai` package has ended. It will no longer be receiving
updates or bug fixes. Please switch to the `google.genai` package as soon as possible.
See README for more details:

https://github.com/google-gemini/deprecated-generative-ai-python/blob/main/README.md
[2026-08-26T09:06:10.561+0000] {processor.py:840} INFO - DAG(s) 'news_full_medallion_pipeline' retrieved from /opt/airflow/dags/news_pipeline_dag.py
[2026-08-26T09:06:10.580+0000] {logging_mixin.py:188} INFO - [2026-08-26T09:06:10.579+0000] {dag.py:3036} INFO - Sync 1 DAGs
[2026-08-26T09:06:10.588+0000] {logging_mixin.py:188} INFO - [2026-08-26T09:06:10.588+0000] {dag.py:3823} INFO - Setting next_dagrun for news_full_medallion_pipeline to None, run_after=None
[2026-08-26T09:06:10.600+0000] {processor.py:183} INFO - Processing /opt/airflow/dags/news_pipeline_dag.py took 0.857 seconds
[2026-08-26T09:06:40.725+0000] {processor.py:161} INFO - Started process (PID=185) to work on /opt/airflow/dags/news_pipeline_dag.py
[2026-08-26T09:06:40.726+0000] {processor.py:830} INFO - Processing file /opt/airflow/dags/news_pipeline_dag.py for tasks to queue
[2026-08-26T09:06:40.727+0000] {logging_mixin.py:188} INFO - [2026-08-26T09:06:40.726+0000] {dagbag.py:538} INFO - Filling up the DagBag from /opt/airflow/dags/news_pipeline_dag.py
[2026-08-26T09:06:41.542+0000] {logging_mixin.py:188} WARNING - /opt/airflow/project_code/data_processing/enrich_data.py:3 FutureWarning: 

All support for the `google.generativeai` package has ended. It will no longer be receiving
updates or bug fixes. Please switch to the `google.genai` package as soon as possible.
See README for more details:

https://github.com/google-gemini/deprecated-generative-ai-python/blob/main/README.md
[2026-08-26T09:06:41.550+0000] {processor.py:840} INFO - DAG(s) 'news_full_medallion_pipeline' retrieved from /opt/airflow/dags/news_pipeline_dag.py
[2026-08-26T09:06:41.576+0000] {logging_mixin.py:188} INFO - [2026-08-26T09:06:41.576+0000] {dag.py:3036} INFO - Sync 1 DAGs
[2026-08-26T09:06:41.588+0000] {logging_mixin.py:188} INFO - [2026-08-26T09:06:41.588+0000] {dag.py:3823} INFO - Setting next_dagrun for news_full_medallion_pipeline to None, run_after=None
[2026-08-26T09:06:41.601+0000] {processor.py:183} INFO - Processing /opt/airflow/dags/news_pipeline_dag.py took 0.878 seconds
[2026-08-26T09:07:11.717+0000] {processor.py:161} INFO - Started process (PID=203) to work on /opt/airflow/dags/news_pipeline_dag.py
[2026-08-26T09:07:11.718+0000] {processor.py:830} INFO - Processing file /opt/airflow/dags/news_pipeline_dag.py for tasks to queue
[2026-08-26T09:07:11.718+0000] {logging_mixin.py:188} INFO - [2026-08-26T09:07:11.718+0000] {dagbag.py:538} INFO - Filling up the DagBag from /opt/airflow/dags/news_pipeline_dag.py
[2026-08-26T09:07:12.590+0000] {logging_mixin.py:188} WARNING - /opt/airflow/project_code/data_processing/enrich_data.py:3 FutureWarning: 

All support for the `google.generativeai` package has ended. It will no longer be receiving
updates or bug fixes. Please switch to the `google.genai` package as soon as possible.
See README for more details:

https://github.com/google-gemini/deprecated-generative-ai-python/blob/main/README.md
[2026-08-26T09:07:12.595+0000] {processor.py:840} INFO - DAG(s) 'news_full_medallion_pipeline' retrieved from /opt/airflow/dags/news_pipeline_dag.py
[2026-08-26T09:07:12.615+0000] {logging_mixin.py:188} INFO - [2026-08-26T09:07:12.615+0000] {dag.py:3036} INFO - Sync 1 DAGs
[2026-08-26T09:07:12.628+0000] {logging_mixin.py:188} INFO - [2026-08-26T09:07:12.628+0000] {dag.py:3823} INFO - Setting next_dagrun for news_full_medallion_pipeline to None, run_after=None
[2026-08-26T09:07:12.644+0000] {processor.py:183} INFO - Processing /opt/airflow/dags/news_pipeline_dag.py took 0.930 seconds
[2026-08-26T09:07:42.765+0000] {processor.py:161} INFO - Started process (PID=221) to work on /opt/airflow/dags/news_pipeline_dag.py
[2026-08-26T09:07:42.765+0000] {processor.py:830} INFO - Processing file /opt/airflow/dags/news_pipeline_dag.py for tasks to queue
[2026-08-26T09:07:42.766+0000] {logging_mixin.py:188} INFO - [2026-08-26T09:07:42.766+0000] {dagbag.py:538} INFO - Filling up the DagBag from /opt/airflow/dags/news_pipeline_dag.py
[2026-08-26T09:07:43.731+0000] {logging_mixin.py:188} WARNING - /opt/airflow/project_code/data_processing/enrich_data.py:3 FutureWarning: 

All support for the `google.generativeai` package has ended. It will no longer be receiving
updates or bug fixes. Please switch to the `google.genai` package as soon as possible.
See README for more details:

https://github.com/google-gemini/deprecated-generative-ai-python/blob/main/README.md
[2026-08-26T09:07:43.736+0000] {processor.py:840} INFO - DAG(s) 'news_full_medallion_pipeline' retrieved from /opt/airflow/dags/news_pipeline_dag.py
[2026-08-26T09:07:43.754+0000] {logging_mixin.py:188} INFO - [2026-08-26T09:07:43.754+0000] {dag.py:3036} INFO - Sync 1 DAGs
[2026-08-26T09:07:43.763+0000] {logging_mixin.py:188} INFO - [2026-08-26T09:07:43.762+0000] {dag.py:3823} INFO - Setting next_dagrun for news_full_medallion_pipeline to None, run_after=None
[2026-08-26T09:07:43.775+0000] {processor.py:183} INFO - Processing /opt/airflow/dags/news_pipeline_dag.py took 1.013 seconds
[2026-08-26T09:08:13.886+0000] {processor.py:161} INFO - Started process (PID=253) to work on /opt/airflow/dags/news_pipeline_dag.py
[2026-08-26T09:08:13.887+0000] {processor.py:830} INFO - Processing file /opt/airflow/dags/news_pipeline_dag.py for tasks to queue
[2026-08-26T09:08:13.888+0000] {logging_mixin.py:188} INFO - [2026-08-26T09:08:13.888+0000] {dagbag.py:538} INFO - Filling up the DagBag from /opt/airflow/dags/news_pipeline_dag.py
[2026-08-26T09:08:14.879+0000] {logging_mixin.py:188} WARNING - /opt/airflow/project_code/data_processing/enrich_data.py:3 FutureWarning: 

All support for the `google.generativeai` package has ended. It will no longer be receiving
updates or bug fixes. Please switch to the `google.genai` package as soon as possible.
See README for more details:

https://github.com/google-gemini/deprecated-generative-ai-python/blob/main/README.md
[2026-08-26T09:08:14.885+0000] {processor.py:840} INFO - DAG(s) 'news_full_medallion_pipeline' retrieved from /opt/airflow/dags/news_pipeline_dag.py
[2026-08-26T09:08:14.904+0000] {logging_mixin.py:188} INFO - [2026-08-26T09:08:14.904+0000] {dag.py:3036} INFO - Sync 1 DAGs
[2026-08-26T09:08:14.912+0000] {logging_mixin.py:188} INFO - [2026-08-26T09:08:14.912+0000] {dag.py:3823} INFO - Setting next_dagrun for news_full_medallion_pipeline to None, run_after=None
[2026-08-26T09:08:14.926+0000] {processor.py:183} INFO - Processing /opt/airflow/dags/news_pipeline_dag.py took 1.044 seconds
[2026-08-26T09:08:44.995+0000] {processor.py:161} INFO - Started process (PID=271) to work on /opt/airflow/dags/news_pipeline_dag.py
[2026-08-26T09:08:44.996+0000] {processor.py:830} INFO - Processing file /opt/airflow/dags/news_pipeline_dag.py for tasks to queue
[2026-08-26T09:08:44.996+0000] {logging_mixin.py:188} INFO - [2026-08-26T09:08:44.996+0000] {dagbag.py:538} INFO - Filling up the DagBag from /opt/airflow/dags/news_pipeline_dag.py
[2026-08-26T09:08:45.894+0000] {logging_mixin.py:188} WARNING - /opt/airflow/project_code/data_processing/enrich_data.py:3 FutureWarning: 

All support for the `google.generativeai` package has ended. It will no longer be receiving
updates or bug fixes. Please switch to the `google.genai` package as soon as possible.
See README for more details:

https://github.com/google-gemini/deprecated-generative-ai-python/blob/main/README.md
[2026-08-26T09:08:45.899+0000] {processor.py:840} INFO - DAG(s) 'news_full_medallion_pipeline' retrieved from /opt/airflow/dags/news_pipeline_dag.py
[2026-08-26T09:08:45.919+0000] {logging_mixin.py:188} INFO - [2026-08-26T09:08:45.919+0000] {dag.py:3036} INFO - Sync 1 DAGs
[2026-08-26T09:08:45.927+0000] {logging_mixin.py:188} INFO - [2026-08-26T09:08:45.927+0000] {dag.py:3823} INFO - Setting next_dagrun for news_full_medallion_pipeline to None, run_after=None
[2026-08-26T09:08:45.940+0000] {processor.py:183} INFO - Processing /opt/airflow/dags/news_pipeline_dag.py took 0.948 seconds
[2026-08-26T09:09:16.068+0000] {processor.py:161} INFO - Started process (PID=289) to work on /opt/airflow/dags/news_pipeline_dag.py
[2026-08-26T09:09:16.068+0000] {processor.py:830} INFO - Processing file /opt/airflow/dags/news_pipeline_dag.py for tasks to queue
[2026-08-26T09:09:16.069+0000] {logging_mixin.py:188} INFO - [2026-08-26T09:09:16.069+0000] {dagbag.py:538} INFO - Filling up the DagBag from /opt/airflow/dags/news_pipeline_dag.py
[2026-08-26T09:09:16.882+0000] {logging_mixin.py:188} WARNING - /opt/airflow/project_code/data_processing/enrich_data.py:3 FutureWarning: 

All support for the `google.generativeai` package has ended. It will no longer be receiving
updates or bug fixes. Please switch to the `google.genai` package as soon as possible.
See README for more details:

https://github.com/google-gemini/deprecated-generative-ai-python/blob/main/README.md
[2026-08-26T09:09:16.887+0000] {processor.py:840} INFO - DAG(s) 'news_full_medallion_pipeline' retrieved from /opt/airflow/dags/news_pipeline_dag.py
[2026-08-26T09:09:16.906+0000] {logging_mixin.py:188} INFO - [2026-08-26T09:09:16.905+0000] {dag.py:3036} INFO - Sync 1 DAGs
[2026-08-26T09:09:16.914+0000] {logging_mixin.py:188} INFO - [2026-08-26T09:09:16.914+0000] {dag.py:3823} INFO - Setting next_dagrun for news_full_medallion_pipeline to None, run_after=None
[2026-08-26T09:09:16.928+0000] {processor.py:183} INFO - Processing /opt/airflow/dags/news_pipeline_dag.py took 0.863 seconds
[2026-08-26T09:09:47.060+0000] {processor.py:161} INFO - Started process (PID=307) to work on /opt/airflow/dags/news_pipeline_dag.py
[2026-08-26T09:09:47.060+0000] {processor.py:830} INFO - Processing file /opt/airflow/dags/news_pipeline_dag.py for tasks to queue
[2026-08-26T09:09:47.061+0000] {logging_mixin.py:188} INFO - [2026-08-26T09:09:47.061+0000] {dagbag.py:538} INFO - Filling up the DagBag from /opt/airflow/dags/news_pipeline_dag.py
[2026-08-26T09:09:47.885+0000] {logging_mixin.py:188} WARNING - /opt/airflow/project_code/data_processing/enrich_data.py:3 FutureWarning: 

All support for the `google.generativeai` package has ended. It will no longer be receiving
updates or bug fixes. Please switch to the `google.genai` package as soon as possible.
See README for more details:

https://github.com/google-gemini/deprecated-generative-ai-python/blob/main/README.md
[2026-08-26T09:09:47.890+0000] {processor.py:840} INFO - DAG(s) 'news_full_medallion_pipeline' retrieved from /opt/airflow/dags/news_pipeline_dag.py
[2026-08-26T09:09:47.910+0000] {logging_mixin.py:188} INFO - [2026-08-26T09:09:47.910+0000] {dag.py:3036} INFO - Sync 1 DAGs
[2026-08-26T09:09:47.918+0000] {logging_mixin.py:188} INFO - [2026-08-26T09:09:47.918+0000] {dag.py:3823} INFO - Setting next_dagrun for news_full_medallion_pipeline to None, run_after=None
[2026-08-26T09:09:47.932+0000] {processor.py:183} INFO - Processing /opt/airflow/dags/news_pipeline_dag.py took 0.875 seconds
[2026-08-26T09:10:18.052+0000] {processor.py:161} INFO - Started process (PID=325) to work on /opt/airflow/dags/news_pipeline_dag.py
[2026-08-26T09:10:18.053+0000] {processor.py:830} INFO - Processing file /opt/airflow/dags/news_pipeline_dag.py for tasks to queue
[2026-08-26T09:10:18.054+0000] {logging_mixin.py:188} INFO - [2026-08-26T09:10:18.054+0000] {dagbag.py:538} INFO - Filling up the DagBag from /opt/airflow/dags/news_pipeline_dag.py
[2026-08-26T09:10:18.894+0000] {logging_mixin.py:188} WARNING - /opt/airflow/project_code/data_processing/enrich_data.py:3 FutureWarning: 

All support for the `google.generativeai` package has ended. It will no longer be receiving
updates or bug fixes. Please switch to the `google.genai` package as soon as possible.
See README for more details:

https://github.com/google-gemini/deprecated-generative-ai-python/blob/main/README.md
[2026-08-26T09:10:18.901+0000] {processor.py:840} INFO - DAG(s) 'news_full_medallion_pipeline' retrieved from /opt/airflow/dags/news_pipeline_dag.py
[2026-08-26T09:10:18.929+0000] {logging_mixin.py:188} INFO - [2026-08-26T09:10:18.929+0000] {dag.py:3036} INFO - Sync 1 DAGs
[2026-08-26T09:10:18.941+0000] {logging_mixin.py:188} INFO - [2026-08-26T09:10:18.941+0000] {dag.py:3823} INFO - Setting next_dagrun for news_full_medallion_pipeline to None, run_after=None
[2026-08-26T09:10:18.958+0000] {processor.py:183} INFO - Processing /opt/airflow/dags/news_pipeline_dag.py took 0.909 seconds
[2026-08-26T09:10:49.081+0000] {processor.py:161} INFO - Started process (PID=343) to work on /opt/airflow/dags/news_pipeline_dag.py
[2026-08-26T09:10:49.082+0000] {processor.py:830} INFO - Processing file /opt/airflow/dags/news_pipeline_dag.py for tasks to queue
[2026-08-26T09:10:49.082+0000] {logging_mixin.py:188} INFO - [2026-08-26T09:10:49.082+0000] {dagbag.py:538} INFO - Filling up the DagBag from /opt/airflow/dags/news_pipeline_dag.py
[2026-08-26T09:10:49.880+0000] {logging_mixin.py:188} WARNING - /opt/airflow/project_code/data_processing/enrich_data.py:3 FutureWarning: 

All support for the `google.generativeai` package has ended. It will no longer be receiving
updates or bug fixes. Please switch to the `google.genai` package as soon as possible.
See README for more details:

https://github.com/google-gemini/deprecated-generative-ai-python/blob/main/README.md
[2026-08-26T09:10:49.885+0000] {processor.py:840} INFO - DAG(s) 'news_full_medallion_pipeline' retrieved from /opt/airflow/dags/news_pipeline_dag.py
[2026-08-26T09:10:49.903+0000] {logging_mixin.py:188} INFO - [2026-08-26T09:10:49.903+0000] {dag.py:3036} INFO - Sync 1 DAGs
[2026-08-26T09:10:49.911+0000] {logging_mixin.py:188} INFO - [2026-08-26T09:10:49.911+0000] {dag.py:3823} INFO - Setting next_dagrun for news_full_medallion_pipeline to None, run_after=None
[2026-08-26T09:10:49.924+0000] {processor.py:183} INFO - Processing /opt/airflow/dags/news_pipeline_dag.py took 0.846 seconds
[2026-08-26T09:11:20.045+0000] {processor.py:161} INFO - Started process (PID=352) to work on /opt/airflow/dags/news_pipeline_dag.py
[2026-08-26T09:11:20.046+0000] {processor.py:830} INFO - Processing file /opt/airflow/dags/news_pipeline_dag.py for tasks to queue
[2026-08-26T09:11:20.047+0000] {logging_mixin.py:188} INFO - [2026-08-26T09:11:20.047+0000] {dagbag.py:538} INFO - Filling up the DagBag from /opt/airflow/dags/news_pipeline_dag.py
[2026-08-26T09:11:20.847+0000] {logging_mixin.py:188} WARNING - /opt/airflow/project_code/data_processing/enrich_data.py:3 FutureWarning: 

All support for the `google.generativeai` package has ended. It will no longer be receiving
updates or bug fixes. Please switch to the `google.genai` package as soon as possible.
See README for more details:

https://github.com/google-gemini/deprecated-generative-ai-python/blob/main/README.md
[2026-08-26T09:11:20.851+0000] {processor.py:840} INFO - DAG(s) 'news_full_medallion_pipeline' retrieved from /opt/airflow/dags/news_pipeline_dag.py
[2026-08-26T09:11:20.872+0000] {logging_mixin.py:188} INFO - [2026-08-26T09:11:20.872+0000] {dag.py:3036} INFO - Sync 1 DAGs
[2026-08-26T09:11:20.882+0000] {logging_mixin.py:188} INFO - [2026-08-26T09:11:20.882+0000] {dag.py:3823} INFO - Setting next_dagrun for news_full_medallion_pipeline to None, run_after=None
[2026-08-26T09:11:20.899+0000] {processor.py:183} INFO - Processing /opt/airflow/dags/news_pipeline_dag.py took 0.857 seconds
[2026-08-26T09:11:51.038+0000] {processor.py:161} INFO - Started process (PID=355) to work on /opt/airflow/dags/news_pipeline_dag.py
[2026-08-26T09:11:51.038+0000] {processor.py:830} INFO - Processing file /opt/airflow/dags/news_pipeline_dag.py for tasks to queue
[2026-08-26T09:11:51.039+0000] {logging_mixin.py:188} INFO - [2026-08-26T09:11:51.039+0000] {dagbag.py:538} INFO - Filling up the DagBag from /opt/airflow/dags/news_pipeline_dag.py
[2026-08-26T09:11:51.975+0000] {logging_mixin.py:188} WARNING - /opt/airflow/project_code/data_processing/enrich_data.py:3 FutureWarning: 

All support for the `google.generativeai` package has ended. It will no longer be receiving
updates or bug fixes. Please switch to the `google.genai` package as soon as possible.
See README for more details:

https://github.com/google-gemini/deprecated-generative-ai-python/blob/main/README.md
[2026-08-26T09:11:51.983+0000] {processor.py:840} INFO - DAG(s) 'news_full_medallion_pipeline' retrieved from /opt/airflow/dags/news_pipeline_dag.py
[2026-08-26T09:11:52.011+0000] {logging_mixin.py:188} INFO - [2026-08-26T09:11:52.011+0000] {dag.py:3036} INFO - Sync 1 DAGs
[2026-08-26T09:11:52.028+0000] {logging_mixin.py:188} INFO - [2026-08-26T09:11:52.028+0000] {dag.py:3823} INFO - Setting next_dagrun for news_full_medallion_pipeline to None, run_after=None
[2026-08-26T09:11:52.059+0000] {processor.py:183} INFO - Processing /opt/airflow/dags/news_pipeline_dag.py took 1.024 seconds
[2026-08-26T09:12:22.164+0000] {processor.py:161} INFO - Started process (PID=358) to work on /opt/airflow/dags/news_pipeline_dag.py
[2026-08-26T09:12:22.165+0000] {processor.py:830} INFO - Processing file /opt/airflow/dags/news_pipeline_dag.py for tasks to queue
[2026-08-26T09:12:22.166+0000] {logging_mixin.py:188} INFO - [2026-08-26T09:12:22.165+0000] {dagbag.py:538} INFO - Filling up the DagBag from /opt/airflow/dags/news_pipeline_dag.py
[2026-08-26T09:12:23.152+0000] {logging_mixin.py:188} WARNING - /opt/airflow/project_code/data_processing/enrich_data.py:3 FutureWarning: 

All support for the `google.generativeai` package has ended. It will no longer be receiving
updates or bug fixes. Please switch to the `google.genai` package as soon as possible.
See README for more details:

https://github.com/google-gemini/deprecated-generative-ai-python/blob/main/README.md
[2026-08-26T09:12:23.158+0000] {processor.py:840} INFO - DAG(s) 'news_full_medallion_pipeline' retrieved from /opt/airflow/dags/news_pipeline_dag.py
[2026-08-26T09:12:23.178+0000] {logging_mixin.py:188} INFO - [2026-08-26T09:12:23.178+0000] {dag.py:3036} INFO - Sync 1 DAGs
[2026-08-26T09:12:23.186+0000] {logging_mixin.py:188} INFO - [2026-08-26T09:12:23.186+0000] {dag.py:3823} INFO - Setting next_dagrun for news_full_medallion_pipeline to None, run_after=None
[2026-08-26T09:12:23.198+0000] {processor.py:183} INFO - Processing /opt/airflow/dags/news_pipeline_dag.py took 1.038 seconds
[2026-08-26T09:12:53.286+0000] {processor.py:161} INFO - Started process (PID=361) to work on /opt/airflow/dags/news_pipeline_dag.py
[2026-08-26T09:12:53.287+0000] {processor.py:830} INFO - Processing file /opt/airflow/dags/news_pipeline_dag.py for tasks to queue
[2026-08-26T09:12:53.288+0000] {logging_mixin.py:188} INFO - [2026-08-26T09:12:53.288+0000] {dagbag.py:538} INFO - Filling up the DagBag from /opt/airflow/dags/news_pipeline_dag.py
[2026-08-26T09:12:54.237+0000] {logging_mixin.py:188} WARNING - /opt/airflow/project_code/data_processing/enrich_data.py:3 FutureWarning: 

All support for the `google.generativeai` package has ended. It will no longer be receiving
updates or bug fixes. Please switch to the `google.genai` package as soon as possible.
See README for more details:

https://github.com/google-gemini/deprecated-generative-ai-python/blob/main/README.md
[2026-08-26T09:12:54.242+0000] {processor.py:840} INFO - DAG(s) 'news_full_medallion_pipeline' retrieved from /opt/airflow/dags/news_pipeline_dag.py
[2026-08-26T09:12:54.261+0000] {logging_mixin.py:188} INFO - [2026-08-26T09:12:54.261+0000] {dag.py:3036} INFO - Sync 1 DAGs
[2026-08-26T09:12:54.270+0000] {logging_mixin.py:188} INFO - [2026-08-26T09:12:54.270+0000] {dag.py:3823} INFO - Setting next_dagrun for news_full_medallion_pipeline to None, run_after=None
[2026-08-26T09:12:54.283+0000] {processor.py:183} INFO - Processing /opt/airflow/dags/news_pipeline_dag.py took 1.000 seconds
[2026-08-26T09:13:24.392+0000] {processor.py:161} INFO - Started process (PID=364) to work on /opt/airflow/dags/news_pipeline_dag.py
[2026-08-26T09:13:24.393+0000] {processor.py:830} INFO - Processing file /opt/airflow/dags/news_pipeline_dag.py for tasks to queue
[2026-08-26T09:13:24.394+0000] {logging_mixin.py:188} INFO - [2026-08-26T09:13:24.393+0000] {dagbag.py:538} INFO - Filling up the DagBag from /opt/airflow/dags/news_pipeline_dag.py
[2026-08-26T09:13:26.036+0000] {logging_mixin.py:188} WARNING - /opt/airflow/project_code/data_processing/enrich_data.py:3 FutureWarning: 

All support for the `google.generativeai` package has ended. It will no longer be receiving
updates or bug fixes. Please switch to the `google.genai` package as soon as possible.
See README for more details:

https://github.com/google-gemini/deprecated-generative-ai-python/blob/main/README.md
[2026-08-26T09:13:26.041+0000] {processor.py:840} INFO - DAG(s) 'news_full_medallion_pipeline' retrieved from /opt/airflow/dags/news_pipeline_dag.py
[2026-08-26T09:13:26.065+0000] {logging_mixin.py:188} INFO - [2026-08-26T09:13:26.064+0000] {dag.py:3036} INFO - Sync 1 DAGs
[2026-08-26T09:13:26.074+0000] {logging_mixin.py:188} INFO - [2026-08-26T09:13:26.074+0000] {dag.py:3823} INFO - Setting next_dagrun for news_full_medallion_pipeline to None, run_after=None
[2026-08-26T09:13:26.086+0000] {processor.py:183} INFO - Processing /opt/airflow/dags/news_pipeline_dag.py took 1.697 seconds
[2026-08-26T09:13:56.221+0000] {processor.py:161} INFO - Started process (PID=367) to work on /opt/airflow/dags/news_pipeline_dag.py
[2026-08-26T09:13:56.222+0000] {processor.py:830} INFO - Processing file /opt/airflow/dags/news_pipeline_dag.py for tasks to queue
[2026-08-26T09:13:56.223+0000] {logging_mixin.py:188} INFO - [2026-08-26T09:13:56.223+0000] {dagbag.py:538} INFO - Filling up the DagBag from /opt/airflow/dags/news_pipeline_dag.py
[2026-08-26T09:13:57.098+0000] {logging_mixin.py:188} WARNING - /opt/airflow/project_code/data_processing/enrich_data.py:3 FutureWarning: 

All support for the `google.generativeai` package has ended. It will no longer be receiving
updates or bug fixes. Please switch to the `google.genai` package as soon as possible.
See README for more details:

https://github.com/google-gemini/deprecated-generative-ai-python/blob/main/README.md
[2026-08-26T09:13:57.104+0000] {processor.py:840} INFO - DAG(s) 'news_full_medallion_pipeline' retrieved from /opt/airflow/dags/news_pipeline_dag.py
[2026-08-26T09:13:57.134+0000] {logging_mixin.py:188} INFO - [2026-08-26T09:13:57.134+0000] {dag.py:3036} INFO - Sync 1 DAGs
[2026-08-26T09:13:57.142+0000] {logging_mixin.py:188} INFO - [2026-08-26T09:13:57.142+0000] {dag.py:3823} INFO - Setting next_dagrun for news_full_medallion_pipeline to None, run_after=None
[2026-08-26T09:13:57.155+0000] {processor.py:183} INFO - Processing /opt/airflow/dags/news_pipeline_dag.py took 0.937 seconds
[2026-08-26T09:14:27.272+0000] {processor.py:161} INFO - Started process (PID=370) to work on /opt/airflow/dags/news_pipeline_dag.py
[2026-08-26T09:14:27.273+0000] {processor.py:830} INFO - Processing file /opt/airflow/dags/news_pipeline_dag.py for tasks to queue
[2026-08-26T09:14:27.274+0000] {logging_mixin.py:188} INFO - [2026-08-26T09:14:27.273+0000] {dagbag.py:538} INFO - Filling up the DagBag from /opt/airflow/dags/news_pipeline_dag.py
[2026-08-26T09:14:28.148+0000] {logging_mixin.py:188} WARNING - /opt/airflow/project_code/data_processing/enrich_data.py:3 FutureWarning: 

All support for the `google.generativeai` package has ended. It will no longer be receiving
updates or bug fixes. Please switch to the `google.genai` package as soon as possible.
See README for more details:

https://github.com/google-gemini/deprecated-generative-ai-python/blob/main/README.md
[2026-08-26T09:14:28.153+0000] {processor.py:840} INFO - DAG(s) 'news_full_medallion_pipeline' retrieved from /opt/airflow/dags/news_pipeline_dag.py
[2026-08-26T09:14:28.173+0000] {logging_mixin.py:188} INFO - [2026-08-26T09:14:28.173+0000] {dag.py:3036} INFO - Sync 1 DAGs
[2026-08-26T09:14:28.181+0000] {logging_mixin.py:188} INFO - [2026-08-26T09:14:28.181+0000] {dag.py:3823} INFO - Setting next_dagrun for news_full_medallion_pipeline to None, run_after=None
[2026-08-26T09:14:28.194+0000] {processor.py:183} INFO - Processing /opt/airflow/dags/news_pipeline_dag.py took 0.924 seconds
[2026-08-26T09:14:58.317+0000] {processor.py:161} INFO - Started process (PID=373) to work on /opt/airflow/dags/news_pipeline_dag.py
[2026-08-26T09:14:58.318+0000] {processor.py:830} INFO - Processing file /opt/airflow/dags/news_pipeline_dag.py for tasks to queue
[2026-08-26T09:14:58.319+0000] {logging_mixin.py:188} INFO - [2026-08-26T09:14:58.318+0000] {dagbag.py:538} INFO - Filling up the DagBag from /opt/airflow/dags/news_pipeline_dag.py
[2026-08-26T09:14:59.275+0000] {logging_mixin.py:188} WARNING - /opt/airflow/project_code/data_processing/enrich_data.py:3 FutureWarning: 

All support for the `google.generativeai` package has ended. It will no longer be receiving
updates or bug fixes. Please switch to the `google.genai` package as soon as possible.
See README for more details:

https://github.com/google-gemini/deprecated-generative-ai-python/blob/main/README.md
[2026-08-26T09:14:59.280+0000] {processor.py:840} INFO - DAG(s) 'news_full_medallion_pipeline' retrieved from /opt/airflow/dags/news_pipeline_dag.py
[2026-08-26T09:14:59.299+0000] {logging_mixin.py:188} INFO - [2026-08-26T09:14:59.299+0000] {dag.py:3036} INFO - Sync 1 DAGs
[2026-08-26T09:14:59.309+0000] {logging_mixin.py:188} INFO - [2026-08-26T09:14:59.309+0000] {dag.py:3823} INFO - Setting next_dagrun for news_full_medallion_pipeline to None, run_after=None
[2026-08-26T09:14:59.325+0000] {processor.py:183} INFO - Processing /opt/airflow/dags/news_pipeline_dag.py took 1.012 seconds
[2026-08-26T09:15:29.432+0000] {processor.py:161} INFO - Started process (PID=376) to work on /opt/airflow/dags/news_pipeline_dag.py
[2026-08-26T09:15:29.432+0000] {processor.py:830} INFO - Processing file /opt/airflow/dags/news_pipeline_dag.py for tasks to queue
[2026-08-26T09:15:29.433+0000] {logging_mixin.py:188} INFO - [2026-08-26T09:15:29.433+0000] {dagbag.py:538} INFO - Filling up the DagBag from /opt/airflow/dags/news_pipeline_dag.py
[2026-08-26T09:15:30.294+0000] {logging_mixin.py:188} WARNING - /opt/airflow/project_code/data_processing/enrich_data.py:3 FutureWarning: 

All support for the `google.generativeai` package has ended. It will no longer be receiving
updates or bug fixes. Please switch to the `google.genai` package as soon as possible.
See README for more details:

https://github.com/google-gemini/deprecated-generative-ai-python/blob/main/README.md
[2026-08-26T09:15:30.299+0000] {processor.py:840} INFO - DAG(s) 'news_full_medallion_pipeline' retrieved from /opt/airflow/dags/news_pipeline_dag.py
[2026-08-26T09:15:30.332+0000] {logging_mixin.py:188} INFO - [2026-08-26T09:15:30.332+0000] {dag.py:3036} INFO - Sync 1 DAGs
[2026-08-26T09:15:30.340+0000] {logging_mixin.py:188} INFO - [2026-08-26T09:15:30.340+0000] {dag.py:3823} INFO - Setting next_dagrun for news_full_medallion_pipeline to None, run_after=None
[2026-08-26T09:15:30.352+0000] {processor.py:183} INFO - Processing /opt/airflow/dags/news_pipeline_dag.py took 0.924 seconds
[2026-08-26T09:16:00.481+0000] {processor.py:161} INFO - Started process (PID=379) to work on /opt/airflow/dags/news_pipeline_dag.py
[2026-08-26T09:16:00.482+0000] {processor.py:830} INFO - Processing file /opt/airflow/dags/news_pipeline_dag.py for tasks to queue
[2026-08-26T09:16:00.483+0000] {logging_mixin.py:188} INFO - [2026-08-26T09:16:00.482+0000] {dagbag.py:538} INFO - Filling up the DagBag from /opt/airflow/dags/news_pipeline_dag.py
[2026-08-26T09:16:01.417+0000] {logging_mixin.py:188} WARNING - /opt/airflow/project_code/data_processing/enrich_data.py:3 FutureWarning: 

All support for the `google.generativeai` package has ended. It will no longer be receiving
updates or bug fixes. Please switch to the `google.genai` package as soon as possible.
See README for more details:

https://github.com/google-gemini/deprecated-generative-ai-python/blob/main/README.md
[2026-08-26T09:16:01.423+0000] {processor.py:840} INFO - DAG(s) 'news_full_medallion_pipeline' retrieved from /opt/airflow/dags/news_pipeline_dag.py
[2026-08-26T09:16:01.441+0000] {logging_mixin.py:188} INFO - [2026-08-26T09:16:01.441+0000] {dag.py:3036} INFO - Sync 1 DAGs
[2026-08-26T09:16:01.451+0000] {logging_mixin.py:188} INFO - [2026-08-26T09:16:01.451+0000] {dag.py:3823} INFO - Setting next_dagrun for news_full_medallion_pipeline to None, run_after=None
[2026-08-26T09:16:01.464+0000] {processor.py:183} INFO - Processing /opt/airflow/dags/news_pipeline_dag.py took 0.986 seconds
[2026-08-26T09:16:31.598+0000] {processor.py:161} INFO - Started process (PID=382) to work on /opt/airflow/dags/news_pipeline_dag.py
[2026-08-26T09:16:31.599+0000] {processor.py:830} INFO - Processing file /opt/airflow/dags/news_pipeline_dag.py for tasks to queue
[2026-08-26T09:16:31.600+0000] {logging_mixin.py:188} INFO - [2026-08-26T09:16:31.600+0000] {dagbag.py:538} INFO - Filling up the DagBag from /opt/airflow/dags/news_pipeline_dag.py
[2026-08-26T09:16:32.557+0000] {logging_mixin.py:188} WARNING - /opt/airflow/project_code/data_processing/enrich_data.py:3 FutureWarning: 

All support for the `google.generativeai` package has ended. It will no longer be receiving
updates or bug fixes. Please switch to the `google.genai` package as soon as possible.
See README for more details:

https://github.com/google-gemini/deprecated-generative-ai-python/blob/main/README.md
[2026-08-26T09:16:32.562+0000] {processor.py:840} INFO - DAG(s) 'news_full_medallion_pipeline' retrieved from /opt/airflow/dags/news_pipeline_dag.py
[2026-08-26T09:16:32.580+0000] {logging_mixin.py:188} INFO - [2026-08-26T09:16:32.580+0000] {dag.py:3036} INFO - Sync 1 DAGs
[2026-08-26T09:16:32.588+0000] {logging_mixin.py:188} INFO - [2026-08-26T09:16:32.588+0000] {dag.py:3823} INFO - Setting next_dagrun for news_full_medallion_pipeline to None, run_after=None
[2026-08-26T09:16:32.602+0000] {processor.py:183} INFO - Processing /opt/airflow/dags/news_pipeline_dag.py took 1.009 seconds
[2026-08-26T09:17:02.705+0000] {processor.py:161} INFO - Started process (PID=385) to work on /opt/airflow/dags/news_pipeline_dag.py
[2026-08-26T09:17:02.707+0000] {processor.py:830} INFO - Processing file /opt/airflow/dags/news_pipeline_dag.py for tasks to queue
[2026-08-26T09:17:02.708+0000] {logging_mixin.py:188} INFO - [2026-08-26T09:17:02.707+0000] {dagbag.py:538} INFO - Filling up the DagBag from /opt/airflow/dags/news_pipeline_dag.py
[2026-08-26T09:17:03.698+0000] {logging_mixin.py:188} WARNING - /opt/airflow/project_code/data_processing/enrich_data.py:3 FutureWarning: 

All support for the `google.generativeai` package has ended. It will no longer be receiving
updates or bug fixes. Please switch to the `google.genai` package as soon as possible.
See README for more details:

https://github.com/google-gemini/deprecated-generative-ai-python/blob/main/README.md
[2026-08-26T09:17:03.709+0000] {processor.py:840} INFO - DAG(s) 'news_full_medallion_pipeline' retrieved from /opt/airflow/dags/news_pipeline_dag.py
[2026-08-26T09:17:03.742+0000] {logging_mixin.py:188} INFO - [2026-08-26T09:17:03.742+0000] {dag.py:3036} INFO - Sync 1 DAGs
[2026-08-26T09:17:03.750+0000] {logging_mixin.py:188} INFO - [2026-08-26T09:17:03.750+0000] {dag.py:3823} INFO - Setting next_dagrun for news_full_medallion_pipeline to None, run_after=None
[2026-08-26T09:17:03.762+0000] {processor.py:183} INFO - Processing /opt/airflow/dags/news_pipeline_dag.py took 1.062 seconds
[2026-08-26T09:17:33.838+0000] {processor.py:161} INFO - Started process (PID=388) to work on /opt/airflow/dags/news_pipeline_dag.py
[2026-08-26T09:17:33.838+0000] {processor.py:830} INFO - Processing file /opt/airflow/dags/news_pipeline_dag.py for tasks to queue
[2026-08-26T09:17:33.839+0000] {logging_mixin.py:188} INFO - [2026-08-26T09:17:33.839+0000] {dagbag.py:538} INFO - Filling up the DagBag from /opt/airflow/dags/news_pipeline_dag.py
[2026-08-26T09:17:34.839+0000] {logging_mixin.py:188} WARNING - /opt/airflow/project_code/data_processing/enrich_data.py:3 FutureWarning: 

All support for the `google.generativeai` package has ended. It will no longer be receiving
updates or bug fixes. Please switch to the `google.genai` package as soon as possible.
See README for more details:

https://github.com/google-gemini/deprecated-generative-ai-python/blob/main/README.md
[2026-08-26T09:17:34.844+0000] {processor.py:840} INFO - DAG(s) 'news_full_medallion_pipeline' retrieved from /opt/airflow/dags/news_pipeline_dag.py
[2026-08-26T09:17:34.862+0000] {logging_mixin.py:188} INFO - [2026-08-26T09:17:34.862+0000] {dag.py:3036} INFO - Sync 1 DAGs
[2026-08-26T09:17:34.871+0000] {logging_mixin.py:188} INFO - [2026-08-26T09:17:34.871+0000] {dag.py:3823} INFO - Setting next_dagrun for news_full_medallion_pipeline to None, run_after=None
[2026-08-26T09:17:34.884+0000] {processor.py:183} INFO - Processing /opt/airflow/dags/news_pipeline_dag.py took 1.049 seconds
[2026-08-26T09:18:04.976+0000] {processor.py:161} INFO - Started process (PID=391) to work on /opt/airflow/dags/news_pipeline_dag.py
[2026-08-26T09:18:04.976+0000] {processor.py:830} INFO - Processing file /opt/airflow/dags/news_pipeline_dag.py for tasks to queue
[2026-08-26T09:18:04.977+0000] {logging_mixin.py:188} INFO - [2026-08-26T09:18:04.977+0000] {dagbag.py:538} INFO - Filling up the DagBag from /opt/airflow/dags/news_pipeline_dag.py
[2026-08-26T09:18:05.928+0000] {logging_mixin.py:188} WARNING - /opt/airflow/project_code/data_processing/enrich_data.py:3 FutureWarning: 

All support for the `google.generativeai` package has ended. It will no longer be receiving
updates or bug fixes. Please switch to the `google.genai` package as soon as possible.
See README for more details:

https://github.com/google-gemini/deprecated-generative-ai-python/blob/main/README.md
[2026-08-26T09:18:05.933+0000] {processor.py:840} INFO - DAG(s) 'news_full_medallion_pipeline' retrieved from /opt/airflow/dags/news_pipeline_dag.py
[2026-08-26T09:18:05.956+0000] {logging_mixin.py:188} INFO - [2026-08-26T09:18:05.956+0000] {dag.py:3036} INFO - Sync 1 DAGs
[2026-08-26T09:18:05.964+0000] {logging_mixin.py:188} INFO - [2026-08-26T09:18:05.963+0000] {dag.py:3823} INFO - Setting next_dagrun for news_full_medallion_pipeline to None, run_after=None
[2026-08-26T09:18:05.977+0000] {processor.py:183} INFO - Processing /opt/airflow/dags/news_pipeline_dag.py took 1.005 seconds
[2026-08-26T09:18:36.089+0000] {processor.py:161} INFO - Started process (PID=394) to work on /opt/airflow/dags/news_pipeline_dag.py
[2026-08-26T09:18:36.090+0000] {processor.py:830} INFO - Processing file /opt/airflow/dags/news_pipeline_dag.py for tasks to queue
[2026-08-26T09:18:36.091+0000] {logging_mixin.py:188} INFO - [2026-08-26T09:18:36.090+0000] {dagbag.py:538} INFO - Filling up the DagBag from /opt/airflow/dags/news_pipeline_dag.py
[2026-08-26T09:18:36.936+0000] {logging_mixin.py:188} WARNING - /opt/airflow/project_code/data_processing/enrich_data.py:3 FutureWarning: 

All support for the `google.generativeai` package has ended. It will no longer be receiving
updates or bug fixes. Please switch to the `google.genai` package as soon as possible.
See README for more details:

https://github.com/google-gemini/deprecated-generative-ai-python/blob/main/README.md
[2026-08-26T09:18:36.941+0000] {processor.py:840} INFO - DAG(s) 'news_full_medallion_pipeline' retrieved from /opt/airflow/dags/news_pipeline_dag.py
[2026-08-26T09:18:36.960+0000] {logging_mixin.py:188} INFO - [2026-08-26T09:18:36.960+0000] {dag.py:3036} INFO - Sync 1 DAGs
[2026-08-26T09:18:36.968+0000] {logging_mixin.py:188} INFO - [2026-08-26T09:18:36.968+0000] {dag.py:3823} INFO - Setting next_dagrun for news_full_medallion_pipeline to None, run_after=None
[2026-08-26T09:18:36.980+0000] {processor.py:183} INFO - Processing /opt/airflow/dags/news_pipeline_dag.py took 0.894 seconds
[2026-08-26T09:19:07.118+0000] {processor.py:161} INFO - Started process (PID=397) to work on /opt/airflow/dags/news_pipeline_dag.py
[2026-08-26T09:19:07.119+0000] {processor.py:830} INFO - Processing file /opt/airflow/dags/news_pipeline_dag.py for tasks to queue
[2026-08-26T09:19:07.120+0000] {logging_mixin.py:188} INFO - [2026-08-26T09:19:07.119+0000] {dagbag.py:538} INFO - Filling up the DagBag from /opt/airflow/dags/news_pipeline_dag.py
[2026-08-26T09:19:07.964+0000] {logging_mixin.py:188} WARNING - /opt/airflow/project_code/data_processing/enrich_data.py:3 FutureWarning: 

All support for the `google.generativeai` package has ended. It will no longer be receiving
updates or bug fixes. Please switch to the `google.genai` package as soon as possible.
See README for more details:

https://github.com/google-gemini/deprecated-generative-ai-python/blob/main/README.md
[2026-08-26T09:19:07.969+0000] {processor.py:840} INFO - DAG(s) 'news_full_medallion_pipeline' retrieved from /opt/airflow/dags/news_pipeline_dag.py
[2026-08-26T09:19:07.992+0000] {logging_mixin.py:188} INFO - [2026-08-26T09:19:07.991+0000] {dag.py:3036} INFO - Sync 1 DAGs
[2026-08-26T09:19:08.000+0000] {logging_mixin.py:188} INFO - [2026-08-26T09:19:08.000+0000] {dag.py:3823} INFO - Setting next_dagrun for news_full_medallion_pipeline to None, run_after=None
[2026-08-26T09:19:08.016+0000] {processor.py:183} INFO - Processing /opt/airflow/dags/news_pipeline_dag.py took 0.901 seconds
[2026-08-26T09:19:38.150+0000] {processor.py:161} INFO - Started process (PID=400) to work on /opt/airflow/dags/news_pipeline_dag.py
[2026-08-26T09:19:38.151+0000] {processor.py:830} INFO - Processing file /opt/airflow/dags/news_pipeline_dag.py for tasks to queue
[2026-08-26T09:19:38.151+0000] {logging_mixin.py:188} INFO - [2026-08-26T09:19:38.151+0000] {dagbag.py:538} INFO - Filling up the DagBag from /opt/airflow/dags/news_pipeline_dag.py
[2026-08-26T09:19:39.064+0000] {logging_mixin.py:188} WARNING - /opt/airflow/project_code/data_processing/enrich_data.py:3 FutureWarning: 

All support for the `google.generativeai` package has ended. It will no longer be receiving
updates or bug fixes. Please switch to the `google.genai` package as soon as possible.
See README for more details:

https://github.com/google-gemini/deprecated-generative-ai-python/blob/main/README.md
[2026-08-26T09:19:39.070+0000] {processor.py:840} INFO - DAG(s) 'news_full_medallion_pipeline' retrieved from /opt/airflow/dags/news_pipeline_dag.py
[2026-08-26T09:19:39.089+0000] {logging_mixin.py:188} INFO - [2026-08-26T09:19:39.089+0000] {dag.py:3036} INFO - Sync 1 DAGs
[2026-08-26T09:19:39.099+0000] {logging_mixin.py:188} INFO - [2026-08-26T09:19:39.099+0000] {dag.py:3823} INFO - Setting next_dagrun for news_full_medallion_pipeline to None, run_after=None
[2026-08-26T09:19:39.116+0000] {processor.py:183} INFO - Processing /opt/airflow/dags/news_pipeline_dag.py took 0.969 seconds
[2026-08-26T09:20:09.254+0000] {processor.py:161} INFO - Started process (PID=403) to work on /opt/airflow/dags/news_pipeline_dag.py
[2026-08-26T09:20:09.255+0000] {processor.py:830} INFO - Processing file /opt/airflow/dags/news_pipeline_dag.py for tasks to queue
[2026-08-26T09:20:09.256+0000] {logging_mixin.py:188} INFO - [2026-08-26T09:20:09.255+0000] {dagbag.py:538} INFO - Filling up the DagBag from /opt/airflow/dags/news_pipeline_dag.py
[2026-08-26T09:20:10.143+0000] {logging_mixin.py:188} WARNING - /opt/airflow/project_code/data_processing/enrich_data.py:3 FutureWarning: 

All support for the `google.generativeai` package has ended. It will no longer be receiving
updates or bug fixes. Please switch to the `google.genai` package as soon as possible.
See README for more details:

https://github.com/google-gemini/deprecated-generative-ai-python/blob/main/README.md
[2026-08-26T09:20:10.148+0000] {processor.py:840} INFO - DAG(s) 'news_full_medallion_pipeline' retrieved from /opt/airflow/dags/news_pipeline_dag.py
[2026-08-26T09:20:10.166+0000] {logging_mixin.py:188} INFO - [2026-08-26T09:20:10.166+0000] {dag.py:3036} INFO - Sync 1 DAGs
[2026-08-26T09:20:10.173+0000] {logging_mixin.py:188} INFO - [2026-08-26T09:20:10.173+0000] {dag.py:3823} INFO - Setting next_dagrun for news_full_medallion_pipeline to None, run_after=None
[2026-08-26T09:20:10.186+0000] {processor.py:183} INFO - Processing /opt/airflow/dags/news_pipeline_dag.py took 0.935 seconds
[2026-08-26T09:20:40.315+0000] {processor.py:161} INFO - Started process (PID=406) to work on /opt/airflow/dags/news_pipeline_dag.py
[2026-08-26T09:20:40.316+0000] {processor.py:830} INFO - Processing file /opt/airflow/dags/news_pipeline_dag.py for tasks to queue
[2026-08-26T09:20:40.317+0000] {logging_mixin.py:188} INFO - [2026-08-26T09:20:40.317+0000] {dagbag.py:538} INFO - Filling up the DagBag from /opt/airflow/dags/news_pipeline_dag.py
[2026-08-26T09:20:41.185+0000] {logging_mixin.py:188} WARNING - /opt/airflow/project_code/data_processing/enrich_data.py:3 FutureWarning: 

All support for the `google.generativeai` package has ended. It will no longer be receiving
updates or bug fixes. Please switch to the `google.genai` package as soon as possible.
See README for more details:

https://github.com/google-gemini/deprecated-generative-ai-python/blob/main/README.md
[2026-08-26T09:20:41.190+0000] {processor.py:840} INFO - DAG(s) 'news_full_medallion_pipeline' retrieved from /opt/airflow/dags/news_pipeline_dag.py
[2026-08-26T09:20:41.211+0000] {logging_mixin.py:188} INFO - [2026-08-26T09:20:41.211+0000] {dag.py:3036} INFO - Sync 1 DAGs
[2026-08-26T09:20:41.223+0000] {logging_mixin.py:188} INFO - [2026-08-26T09:20:41.222+0000] {dag.py:3823} INFO - Setting next_dagrun for news_full_medallion_pipeline to None, run_after=None
[2026-08-26T09:20:41.235+0000] {processor.py:183} INFO - Processing /opt/airflow/dags/news_pipeline_dag.py took 0.923 seconds
[2026-08-26T09:21:11.368+0000] {processor.py:161} INFO - Started process (PID=409) to work on /opt/airflow/dags/news_pipeline_dag.py
[2026-08-26T09:21:11.369+0000] {processor.py:830} INFO - Processing file /opt/airflow/dags/news_pipeline_dag.py for tasks to queue
[2026-08-26T09:21:11.370+0000] {logging_mixin.py:188} INFO - [2026-08-26T09:21:11.370+0000] {dagbag.py:538} INFO - Filling up the DagBag from /opt/airflow/dags/news_pipeline_dag.py
[2026-08-26T09:21:12.364+0000] {logging_mixin.py:188} WARNING - /opt/airflow/project_code/data_processing/enrich_data.py:3 FutureWarning: 

All support for the `google.generativeai` package has ended. It will no longer be receiving
updates or bug fixes. Please switch to the `google.genai` package as soon as possible.
See README for more details:

https://github.com/google-gemini/deprecated-generative-ai-python/blob/main/README.md
[2026-08-26T09:21:12.370+0000] {processor.py:840} INFO - DAG(s) 'news_full_medallion_pipeline' retrieved from /opt/airflow/dags/news_pipeline_dag.py
[2026-08-26T09:21:12.389+0000] {logging_mixin.py:188} INFO - [2026-08-26T09:21:12.389+0000] {dag.py:3036} INFO - Sync 1 DAGs
[2026-08-26T09:21:12.397+0000] {logging_mixin.py:188} INFO - [2026-08-26T09:21:12.397+0000] {dag.py:3823} INFO - Setting next_dagrun for news_full_medallion_pipeline to None, run_after=None
[2026-08-26T09:21:12.411+0000] {processor.py:183} INFO - Processing /opt/airflow/dags/news_pipeline_dag.py took 1.045 seconds
[2026-08-26T09:21:42.521+0000] {processor.py:161} INFO - Started process (PID=412) to work on /opt/airflow/dags/news_pipeline_dag.py
[2026-08-26T09:21:42.522+0000] {processor.py:830} INFO - Processing file /opt/airflow/dags/news_pipeline_dag.py for tasks to queue
[2026-08-26T09:21:42.523+0000] {logging_mixin.py:188} INFO - [2026-08-26T09:21:42.522+0000] {dagbag.py:538} INFO - Filling up the DagBag from /opt/airflow/dags/news_pipeline_dag.py
[2026-08-26T09:21:43.406+0000] {logging_mixin.py:188} WARNING - /opt/airflow/project_code/data_processing/enrich_data.py:3 FutureWarning: 

All support for the `google.generativeai` package has ended. It will no longer be receiving
updates or bug fixes. Please switch to the `google.genai` package as soon as possible.
See README for more details:

https://github.com/google-gemini/deprecated-generative-ai-python/blob/main/README.md
[2026-08-26T09:21:43.411+0000] {processor.py:840} INFO - DAG(s) 'news_full_medallion_pipeline' retrieved from /opt/airflow/dags/news_pipeline_dag.py
[2026-08-26T09:21:43.433+0000] {logging_mixin.py:188} INFO - [2026-08-26T09:21:43.433+0000] {dag.py:3036} INFO - Sync 1 DAGs
[2026-08-26T09:21:43.444+0000] {logging_mixin.py:188} INFO - [2026-08-26T09:21:43.444+0000] {dag.py:3823} INFO - Setting next_dagrun for news_full_medallion_pipeline to None, run_after=None
[2026-08-26T09:21:43.459+0000] {processor.py:183} INFO - Processing /opt/airflow/dags/news_pipeline_dag.py took 0.942 seconds
[2026-08-26T09:22:13.600+0000] {processor.py:161} INFO - Started process (PID=415) to work on /opt/airflow/dags/news_pipeline_dag.py
[2026-08-26T09:22:13.600+0000] {processor.py:830} INFO - Processing file /opt/airflow/dags/news_pipeline_dag.py for tasks to queue
[2026-08-26T09:22:13.601+0000] {logging_mixin.py:188} INFO - [2026-08-26T09:22:13.601+0000] {dagbag.py:538} INFO - Filling up the DagBag from /opt/airflow/dags/news_pipeline_dag.py
[2026-08-26T09:22:14.461+0000] {logging_mixin.py:188} WARNING - /opt/airflow/project_code/data_processing/enrich_data.py:3 FutureWarning: 

All support for the `google.generativeai` package has ended. It will no longer be receiving
updates or bug fixes. Please switch to the `google.genai` package as soon as possible.
See README for more details:

https://github.com/google-gemini/deprecated-generative-ai-python/blob/main/README.md
[2026-08-26T09:22:14.466+0000] {processor.py:840} INFO - DAG(s) 'news_full_medallion_pipeline' retrieved from /opt/airflow/dags/news_pipeline_dag.py
[2026-08-26T09:22:14.485+0000] {logging_mixin.py:188} INFO - [2026-08-26T09:22:14.484+0000] {dag.py:3036} INFO - Sync 1 DAGs
[2026-08-26T09:22:14.492+0000] {logging_mixin.py:188} INFO - [2026-08-26T09:22:14.492+0000] {dag.py:3823} INFO - Setting next_dagrun for news_full_medallion_pipeline to None, run_after=None
[2026-08-26T09:22:14.506+0000] {processor.py:183} INFO - Processing /opt/airflow/dags/news_pipeline_dag.py took 0.910 seconds
[2026-08-26T09:22:44.647+0000] {processor.py:161} INFO - Started process (PID=418) to work on /opt/airflow/dags/news_pipeline_dag.py
[2026-08-26T09:22:44.648+0000] {processor.py:830} INFO - Processing file /opt/airflow/dags/news_pipeline_dag.py for tasks to queue
[2026-08-26T09:22:44.648+0000] {logging_mixin.py:188} INFO - [2026-08-26T09:22:44.648+0000] {dagbag.py:538} INFO - Filling up the DagBag from /opt/airflow/dags/news_pipeline_dag.py
[2026-08-26T09:22:45.571+0000] {logging_mixin.py:188} WARNING - /opt/airflow/project_code/data_processing/enrich_data.py:3 FutureWarning: 

All support for the `google.generativeai` package has ended. It will no longer be receiving
updates or bug fixes. Please switch to the `google.genai` package as soon as possible.
See README for more details:

https://github.com/google-gemini/deprecated-generative-ai-python/blob/main/README.md
[2026-08-26T09:22:45.575+0000] {processor.py:840} INFO - DAG(s) 'news_full_medallion_pipeline' retrieved from /opt/airflow/dags/news_pipeline_dag.py
[2026-08-26T09:22:45.594+0000] {logging_mixin.py:188} INFO - [2026-08-26T09:22:45.594+0000] {dag.py:3036} INFO - Sync 1 DAGs
[2026-08-26T09:22:45.602+0000] {logging_mixin.py:188} INFO - [2026-08-26T09:22:45.602+0000] {dag.py:3823} INFO - Setting next_dagrun for news_full_medallion_pipeline to None, run_after=None
[2026-08-26T09:22:45.616+0000] {processor.py:183} INFO - Processing /opt/airflow/dags/news_pipeline_dag.py took 0.971 seconds
[2026-08-26T09:23:15.749+0000] {processor.py:161} INFO - Started process (PID=421) to work on /opt/airflow/dags/news_pipeline_dag.py
[2026-08-26T09:23:15.750+0000] {processor.py:830} INFO - Processing file /opt/airflow/dags/news_pipeline_dag.py for tasks to queue
[2026-08-26T09:23:15.750+0000] {logging_mixin.py:188} INFO - [2026-08-26T09:23:15.750+0000] {dagbag.py:538} INFO - Filling up the DagBag from /opt/airflow/dags/news_pipeline_dag.py
[2026-08-26T09:23:16.627+0000] {logging_mixin.py:188} WARNING - /opt/airflow/project_code/data_processing/enrich_data.py:3 FutureWarning: 

All support for the `google.generativeai` package has ended. It will no longer be receiving
updates or bug fixes. Please switch to the `google.genai` package as soon as possible.
See README for more details:

https://github.com/google-gemini/deprecated-generative-ai-python/blob/main/README.md
[2026-08-26T09:23:16.634+0000] {processor.py:840} INFO - DAG(s) 'news_full_medallion_pipeline' retrieved from /opt/airflow/dags/news_pipeline_dag.py
[2026-08-26T09:23:16.654+0000] {logging_mixin.py:188} INFO - [2026-08-26T09:23:16.654+0000] {dag.py:3036} INFO - Sync 1 DAGs
[2026-08-26T09:23:16.663+0000] {logging_mixin.py:188} INFO - [2026-08-26T09:23:16.663+0000] {dag.py:3823} INFO - Setting next_dagrun for news_full_medallion_pipeline to None, run_after=None
[2026-08-26T09:23:16.675+0000] {processor.py:183} INFO - Processing /opt/airflow/dags/news_pipeline_dag.py took 0.928 seconds
[2026-08-26T09:23:46.811+0000] {processor.py:161} INFO - Started process (PID=424) to work on /opt/airflow/dags/news_pipeline_dag.py
[2026-08-26T09:23:46.811+0000] {processor.py:830} INFO - Processing file /opt/airflow/dags/news_pipeline_dag.py for tasks to queue
[2026-08-26T09:23:46.812+0000] {logging_mixin.py:188} INFO - [2026-08-26T09:23:46.812+0000] {dagbag.py:538} INFO - Filling up the DagBag from /opt/airflow/dags/news_pipeline_dag.py
[2026-08-26T09:23:47.670+0000] {logging_mixin.py:188} WARNING - /opt/airflow/project_code/data_processing/enrich_data.py:3 FutureWarning: 

All support for the `google.generativeai` package has ended. It will no longer be receiving
updates or bug fixes. Please switch to the `google.genai` package as soon as possible.
See README for more details:

https://github.com/google-gemini/deprecated-generative-ai-python/blob/main/README.md
[2026-08-26T09:23:47.675+0000] {processor.py:840} INFO - DAG(s) 'news_full_medallion_pipeline' retrieved from /opt/airflow/dags/news_pipeline_dag.py
[2026-08-26T09:23:47.694+0000] {logging_mixin.py:188} INFO - [2026-08-26T09:23:47.694+0000] {dag.py:3036} INFO - Sync 1 DAGs
[2026-08-26T09:23:47.702+0000] {logging_mixin.py:188} INFO - [2026-08-26T09:23:47.702+0000] {dag.py:3823} INFO - Setting next_dagrun for news_full_medallion_pipeline to None, run_after=None
[2026-08-26T09:23:47.716+0000] {processor.py:183} INFO - Processing /opt/airflow/dags/news_pipeline_dag.py took 0.909 seconds
[2026-08-26T09:24:17.852+0000] {processor.py:161} INFO - Started process (PID=427) to work on /opt/airflow/dags/news_pipeline_dag.py
[2026-08-26T09:24:17.852+0000] {processor.py:830} INFO - Processing file /opt/airflow/dags/news_pipeline_dag.py for tasks to queue
[2026-08-26T09:24:17.853+0000] {logging_mixin.py:188} INFO - [2026-08-26T09:24:17.853+0000] {dagbag.py:538} INFO - Filling up the DagBag from /opt/airflow/dags/news_pipeline_dag.py
[2026-08-26T09:24:18.855+0000] {logging_mixin.py:188} WARNING - /opt/airflow/project_code/data_processing/enrich_data.py:3 FutureWarning: 

All support for the `google.generativeai` package has ended. It will no longer be receiving
updates or bug fixes. Please switch to the `google.genai` package as soon as possible.
See README for more details:

https://github.com/google-gemini/deprecated-generative-ai-python/blob/main/README.md
[2026-08-26T09:24:18.860+0000] {processor.py:840} INFO - DAG(s) 'news_full_medallion_pipeline' retrieved from /opt/airflow/dags/news_pipeline_dag.py
[2026-08-26T09:24:18.878+0000] {logging_mixin.py:188} INFO - [2026-08-26T09:24:18.878+0000] {dag.py:3036} INFO - Sync 1 DAGs
[2026-08-26T09:24:18.886+0000] {logging_mixin.py:188} INFO - [2026-08-26T09:24:18.886+0000] {dag.py:3823} INFO - Setting next_dagrun for news_full_medallion_pipeline to None, run_after=None
[2026-08-26T09:24:18.907+0000] {processor.py:183} INFO - Processing /opt/airflow/dags/news_pipeline_dag.py took 1.058 seconds
[2026-08-26T09:24:48.969+0000] {processor.py:161} INFO - Started process (PID=430) to work on /opt/airflow/dags/news_pipeline_dag.py
[2026-08-26T09:24:48.970+0000] {processor.py:830} INFO - Processing file /opt/airflow/dags/news_pipeline_dag.py for tasks to queue
[2026-08-26T09:24:48.971+0000] {logging_mixin.py:188} INFO - [2026-08-26T09:24:48.970+0000] {dagbag.py:538} INFO - Filling up the DagBag from /opt/airflow/dags/news_pipeline_dag.py
[2026-08-26T09:24:49.831+0000] {logging_mixin.py:188} WARNING - /opt/airflow/project_code/data_processing/enrich_data.py:3 FutureWarning: 

All support for the `google.generativeai` package has ended. It will no longer be receiving
updates or bug fixes. Please switch to the `google.genai` package as soon as possible.
See README for more details:

https://github.com/google-gemini/deprecated-generative-ai-python/blob/main/README.md
[2026-08-26T09:24:49.836+0000] {processor.py:840} INFO - DAG(s) 'news_full_medallion_pipeline' retrieved from /opt/airflow/dags/news_pipeline_dag.py
[2026-08-26T09:24:49.854+0000] {logging_mixin.py:188} INFO - [2026-08-26T09:24:49.854+0000] {dag.py:3036} INFO - Sync 1 DAGs
[2026-08-26T09:24:49.861+0000] {logging_mixin.py:188} INFO - [2026-08-26T09:24:49.861+0000] {dag.py:3823} INFO - Setting next_dagrun for news_full_medallion_pipeline to None, run_after=None
[2026-08-26T09:24:49.873+0000] {processor.py:183} INFO - Processing /opt/airflow/dags/news_pipeline_dag.py took 0.907 seconds
[2026-08-26T09:25:20.004+0000] {processor.py:161} INFO - Started process (PID=433) to work on /opt/airflow/dags/news_pipeline_dag.py
[2026-08-26T09:25:20.005+0000] {processor.py:830} INFO - Processing file /opt/airflow/dags/news_pipeline_dag.py for tasks to queue
[2026-08-26T09:25:20.006+0000] {logging_mixin.py:188} INFO - [2026-08-26T09:25:20.005+0000] {dagbag.py:538} INFO - Filling up the DagBag from /opt/airflow/dags/news_pipeline_dag.py
[2026-08-26T09:25:20.889+0000] {logging_mixin.py:188} WARNING - /opt/airflow/project_code/data_processing/enrich_data.py:3 FutureWarning: 

All support for the `google.generativeai` package has ended. It will no longer be receiving
updates or bug fixes. Please switch to the `google.genai` package as soon as possible.
See README for more details:

https://github.com/google-gemini/deprecated-generative-ai-python/blob/main/README.md
[2026-08-26T09:25:20.895+0000] {processor.py:840} INFO - DAG(s) 'news_full_medallion_pipeline' retrieved from /opt/airflow/dags/news_pipeline_dag.py
[2026-08-26T09:25:20.923+0000] {logging_mixin.py:188} INFO - [2026-08-26T09:25:20.923+0000] {dag.py:3036} INFO - Sync 1 DAGs
[2026-08-26T09:25:20.937+0000] {logging_mixin.py:188} INFO - [2026-08-26T09:25:20.937+0000] {dag.py:3823} INFO - Setting next_dagrun for news_full_medallion_pipeline to None, run_after=None
[2026-08-26T09:25:20.953+0000] {processor.py:183} INFO - Processing /opt/airflow/dags/news_pipeline_dag.py took 0.952 seconds
[2026-08-26T09:25:51.086+0000] {processor.py:161} INFO - Started process (PID=436) to work on /opt/airflow/dags/news_pipeline_dag.py
[2026-08-26T09:25:51.086+0000] {processor.py:830} INFO - Processing file /opt/airflow/dags/news_pipeline_dag.py for tasks to queue
[2026-08-26T09:25:51.087+0000] {logging_mixin.py:188} INFO - [2026-08-26T09:25:51.087+0000] {dagbag.py:538} INFO - Filling up the DagBag from /opt/airflow/dags/news_pipeline_dag.py
[2026-08-26T09:25:52.057+0000] {logging_mixin.py:188} WARNING - /opt/airflow/project_code/data_processing/enrich_data.py:3 FutureWarning: 

All support for the `google.generativeai` package has ended. It will no longer be receiving
updates or bug fixes. Please switch to the `google.genai` package as soon as possible.
See README for more details:

https://github.com/google-gemini/deprecated-generative-ai-python/blob/main/README.md
[2026-08-26T09:25:52.061+0000] {processor.py:840} INFO - DAG(s) 'news_full_medallion_pipeline' retrieved from /opt/airflow/dags/news_pipeline_dag.py
[2026-08-26T09:25:52.080+0000] {logging_mixin.py:188} INFO - [2026-08-26T09:25:52.080+0000] {dag.py:3036} INFO - Sync 1 DAGs
[2026-08-26T09:25:52.089+0000] {logging_mixin.py:188} INFO - [2026-08-26T09:25:52.089+0000] {dag.py:3823} INFO - Setting next_dagrun for news_full_medallion_pipeline to None, run_after=None
[2026-08-26T09:25:52.103+0000] {processor.py:183} INFO - Processing /opt/airflow/dags/news_pipeline_dag.py took 1.020 seconds
[2026-08-26T09:26:22.198+0000] {processor.py:161} INFO - Started process (PID=439) to work on /opt/airflow/dags/news_pipeline_dag.py
[2026-08-26T09:26:22.199+0000] {processor.py:830} INFO - Processing file /opt/airflow/dags/news_pipeline_dag.py for tasks to queue
[2026-08-26T09:26:22.200+0000] {logging_mixin.py:188} INFO - [2026-08-26T09:26:22.200+0000] {dagbag.py:538} INFO - Filling up the DagBag from /opt/airflow/dags/news_pipeline_dag.py
[2026-08-26T09:26:23.084+0000] {logging_mixin.py:188} WARNING - /opt/airflow/project_code/data_processing/enrich_data.py:3 FutureWarning: 

All support for the `google.generativeai` package has ended. It will no longer be receiving
updates or bug fixes. Please switch to the `google.genai` package as soon as possible.
See README for more details:

https://github.com/google-gemini/deprecated-generative-ai-python/blob/main/README.md
[2026-08-26T09:26:23.089+0000] {processor.py:840} INFO - DAG(s) 'news_full_medallion_pipeline' retrieved from /opt/airflow/dags/news_pipeline_dag.py
[2026-08-26T09:26:23.110+0000] {logging_mixin.py:188} INFO - [2026-08-26T09:26:23.109+0000] {dag.py:3036} INFO - Sync 1 DAGs
[2026-08-26T09:26:23.120+0000] {logging_mixin.py:188} INFO - [2026-08-26T09:26:23.119+0000] {dag.py:3823} INFO - Setting next_dagrun for news_full_medallion_pipeline to None, run_after=None
[2026-08-26T09:26:23.135+0000] {processor.py:183} INFO - Processing /opt/airflow/dags/news_pipeline_dag.py took 0.940 seconds
[2026-08-26T09:26:53.266+0000] {processor.py:161} INFO - Started process (PID=442) to work on /opt/airflow/dags/news_pipeline_dag.py
[2026-08-26T09:26:53.266+0000] {processor.py:830} INFO - Processing file /opt/airflow/dags/news_pipeline_dag.py for tasks to queue
[2026-08-26T09:26:53.267+0000] {logging_mixin.py:188} INFO - [2026-08-26T09:26:53.267+0000] {dagbag.py:538} INFO - Filling up the DagBag from /opt/airflow/dags/news_pipeline_dag.py
[2026-08-26T09:26:54.225+0000] {logging_mixin.py:188} WARNING - /opt/airflow/project_code/data_processing/enrich_data.py:3 FutureWarning: 

All support for the `google.generativeai` package has ended. It will no longer be receiving
updates or bug fixes. Please switch to the `google.genai` package as soon as possible.
See README for more details:

https://github.com/google-gemini/deprecated-generative-ai-python/blob/main/README.md
[2026-08-26T09:26:54.234+0000] {processor.py:840} INFO - DAG(s) 'news_full_medallion_pipeline' retrieved from /opt/airflow/dags/news_pipeline_dag.py
[2026-08-26T09:26:54.268+0000] {logging_mixin.py:188} INFO - [2026-08-26T09:26:54.267+0000] {dag.py:3036} INFO - Sync 1 DAGs
[2026-08-26T09:26:54.279+0000] {logging_mixin.py:188} INFO - [2026-08-26T09:26:54.279+0000] {dag.py:3823} INFO - Setting next_dagrun for news_full_medallion_pipeline to None, run_after=None
[2026-08-26T09:26:54.301+0000] {processor.py:183} INFO - Processing /opt/airflow/dags/news_pipeline_dag.py took 1.038 seconds
[2026-08-26T09:27:24.407+0000] {processor.py:161} INFO - Started process (PID=445) to work on /opt/airflow/dags/news_pipeline_dag.py
[2026-08-26T09:27:24.408+0000] {processor.py:830} INFO - Processing file /opt/airflow/dags/news_pipeline_dag.py for tasks to queue
[2026-08-26T09:27:24.410+0000] {logging_mixin.py:188} INFO - [2026-08-26T09:27:24.408+0000] {dagbag.py:538} INFO - Filling up the DagBag from /opt/airflow/dags/news_pipeline_dag.py
[2026-08-26T09:27:25.557+0000] {logging_mixin.py:188} WARNING - /opt/airflow/project_code/data_processing/enrich_data.py:3 FutureWarning: 

All support for the `google.generativeai` package has ended. It will no longer be receiving
updates or bug fixes. Please switch to the `google.genai` package as soon as possible.
See README for more details:

https://github.com/google-gemini/deprecated-generative-ai-python/blob/main/README.md
[2026-08-26T09:27:25.564+0000] {processor.py:840} INFO - DAG(s) 'news_full_medallion_pipeline' retrieved from /opt/airflow/dags/news_pipeline_dag.py
[2026-08-26T09:27:25.583+0000] {logging_mixin.py:188} INFO - [2026-08-26T09:27:25.582+0000] {dag.py:3036} INFO - Sync 1 DAGs
[2026-08-26T09:27:25.593+0000] {logging_mixin.py:188} INFO - [2026-08-26T09:27:25.593+0000] {dag.py:3823} INFO - Setting next_dagrun for news_full_medallion_pipeline to None, run_after=None
[2026-08-26T09:27:25.607+0000] {processor.py:183} INFO - Processing /opt/airflow/dags/news_pipeline_dag.py took 1.203 seconds
[2026-08-26T09:27:55.730+0000] {processor.py:161} INFO - Started process (PID=448) to work on /opt/airflow/dags/news_pipeline_dag.py
[2026-08-26T09:27:55.731+0000] {processor.py:830} INFO - Processing file /opt/airflow/dags/news_pipeline_dag.py for tasks to queue
[2026-08-26T09:27:55.732+0000] {logging_mixin.py:188} INFO - [2026-08-26T09:27:55.732+0000] {dagbag.py:538} INFO - Filling up the DagBag from /opt/airflow/dags/news_pipeline_dag.py
[2026-08-26T09:27:56.627+0000] {logging_mixin.py:188} WARNING - /opt/airflow/project_code/data_processing/enrich_data.py:3 FutureWarning: 

All support for the `google.generativeai` package has ended. It will no longer be receiving
updates or bug fixes. Please switch to the `google.genai` package as soon as possible.
See README for more details:

https://github.com/google-gemini/deprecated-generative-ai-python/blob/main/README.md
[2026-08-26T09:27:56.640+0000] {processor.py:840} INFO - DAG(s) 'news_full_medallion_pipeline' retrieved from /opt/airflow/dags/news_pipeline_dag.py
[2026-08-26T09:27:56.682+0000] {logging_mixin.py:188} INFO - [2026-08-26T09:27:56.682+0000] {dag.py:3036} INFO - Sync 1 DAGs
[2026-08-26T09:27:56.690+0000] {logging_mixin.py:188} INFO - [2026-08-26T09:27:56.690+0000] {dag.py:3823} INFO - Setting next_dagrun for news_full_medallion_pipeline to None, run_after=None
[2026-08-26T09:27:56.703+0000] {processor.py:183} INFO - Processing /opt/airflow/dags/news_pipeline_dag.py took 0.976 seconds
[2026-08-26T09:28:26.827+0000] {processor.py:161} INFO - Started process (PID=451) to work on /opt/airflow/dags/news_pipeline_dag.py
[2026-08-26T09:28:26.828+0000] {processor.py:830} INFO - Processing file /opt/airflow/dags/news_pipeline_dag.py for tasks to queue
[2026-08-26T09:28:26.828+0000] {logging_mixin.py:188} INFO - [2026-08-26T09:28:26.828+0000] {dagbag.py:538} INFO - Filling up the DagBag from /opt/airflow/dags/news_pipeline_dag.py
[2026-08-26T09:28:27.743+0000] {logging_mixin.py:188} WARNING - /opt/airflow/project_code/data_processing/enrich_data.py:3 FutureWarning: 

All support for the `google.generativeai` package has ended. It will no longer be receiving
updates or bug fixes. Please switch to the `google.genai` package as soon as possible.
See README for more details:

https://github.com/google-gemini/deprecated-generative-ai-python/blob/main/README.md
[2026-08-26T09:28:27.748+0000] {processor.py:840} INFO - DAG(s) 'news_full_medallion_pipeline' retrieved from /opt/airflow/dags/news_pipeline_dag.py
[2026-08-26T09:28:27.766+0000] {logging_mixin.py:188} INFO - [2026-08-26T09:28:27.766+0000] {dag.py:3036} INFO - Sync 1 DAGs
[2026-08-26T09:28:27.774+0000] {logging_mixin.py:188} INFO - [2026-08-26T09:28:27.774+0000] {dag.py:3823} INFO - Setting next_dagrun for news_full_medallion_pipeline to None, run_after=None
[2026-08-26T09:28:27.786+0000] {processor.py:183} INFO - Processing /opt/airflow/dags/news_pipeline_dag.py took 0.962 seconds
[2026-08-26T09:28:57.899+0000] {processor.py:161} INFO - Started process (PID=454) to work on /opt/airflow/dags/news_pipeline_dag.py
[2026-08-26T09:28:57.900+0000] {processor.py:830} INFO - Processing file /opt/airflow/dags/news_pipeline_dag.py for tasks to queue
[2026-08-26T09:28:57.901+0000] {logging_mixin.py:188} INFO - [2026-08-26T09:28:57.900+0000] {dagbag.py:538} INFO - Filling up the DagBag from /opt/airflow/dags/news_pipeline_dag.py
[2026-08-26T09:28:58.861+0000] {logging_mixin.py:188} WARNING - /opt/airflow/project_code/data_processing/enrich_data.py:3 FutureWarning: 

All support for the `google.generativeai` package has ended. It will no longer be receiving
updates or bug fixes. Please switch to the `google.genai` package as soon as possible.
See README for more details:

https://github.com/google-gemini/deprecated-generative-ai-python/blob/main/README.md
[2026-08-26T09:28:58.866+0000] {processor.py:840} INFO - DAG(s) 'news_full_medallion_pipeline' retrieved from /opt/airflow/dags/news_pipeline_dag.py
[2026-08-26T09:28:58.884+0000] {logging_mixin.py:188} INFO - [2026-08-26T09:28:58.884+0000] {dag.py:3036} INFO - Sync 1 DAGs
[2026-08-26T09:28:58.892+0000] {logging_mixin.py:188} INFO - [2026-08-26T09:28:58.892+0000] {dag.py:3823} INFO - Setting next_dagrun for news_full_medallion_pipeline to None, run_after=None
[2026-08-26T09:28:58.905+0000] {processor.py:183} INFO - Processing /opt/airflow/dags/news_pipeline_dag.py took 1.009 seconds
[2026-08-26T09:29:29.019+0000] {processor.py:161} INFO - Started process (PID=457) to work on /opt/airflow/dags/news_pipeline_dag.py
[2026-08-26T09:29:29.024+0000] {processor.py:830} INFO - Processing file /opt/airflow/dags/news_pipeline_dag.py for tasks to queue
[2026-08-26T09:29:29.025+0000] {logging_mixin.py:188} INFO - [2026-08-26T09:29:29.025+0000] {dagbag.py:538} INFO - Filling up the DagBag from /opt/airflow/dags/news_pipeline_dag.py
[2026-08-26T09:29:29.872+0000] {logging_mixin.py:188} WARNING - /opt/airflow/project_code/data_processing/enrich_data.py:3 FutureWarning: 

All support for the `google.generativeai` package has ended. It will no longer be receiving
updates or bug fixes. Please switch to the `google.genai` package as soon as possible.
See README for more details:

https://github.com/google-gemini/deprecated-generative-ai-python/blob/main/README.md
[2026-08-26T09:29:29.877+0000] {processor.py:840} INFO - DAG(s) 'news_full_medallion_pipeline' retrieved from /opt/airflow/dags/news_pipeline_dag.py
[2026-08-26T09:29:29.896+0000] {logging_mixin.py:188} INFO - [2026-08-26T09:29:29.896+0000] {dag.py:3036} INFO - Sync 1 DAGs
[2026-08-26T09:29:29.905+0000] {logging_mixin.py:188} INFO - [2026-08-26T09:29:29.904+0000] {dag.py:3823} INFO - Setting next_dagrun for news_full_medallion_pipeline to None, run_after=None
[2026-08-26T09:29:29.919+0000] {processor.py:183} INFO - Processing /opt/airflow/dags/news_pipeline_dag.py took 0.904 seconds
[2026-08-26T09:30:00.057+0000] {processor.py:161} INFO - Started process (PID=460) to work on /opt/airflow/dags/news_pipeline_dag.py
[2026-08-26T09:30:00.057+0000] {processor.py:830} INFO - Processing file /opt/airflow/dags/news_pipeline_dag.py for tasks to queue
[2026-08-26T09:30:00.058+0000] {logging_mixin.py:188} INFO - [2026-08-26T09:30:00.058+0000] {dagbag.py:538} INFO - Filling up the DagBag from /opt/airflow/dags/news_pipeline_dag.py
[2026-08-26T09:30:00.899+0000] {logging_mixin.py:188} WARNING - /opt/airflow/project_code/data_processing/enrich_data.py:3 FutureWarning: 

All support for the `google.generativeai` package has ended. It will no longer be receiving
updates or bug fixes. Please switch to the `google.genai` package as soon as possible.
See README for more details:

https://github.com/google-gemini/deprecated-generative-ai-python/blob/main/README.md
[2026-08-26T09:30:00.905+0000] {processor.py:840} INFO - DAG(s) 'news_full_medallion_pipeline' retrieved from /opt/airflow/dags/news_pipeline_dag.py
[2026-08-26T09:30:00.928+0000] {logging_mixin.py:188} INFO - [2026-08-26T09:30:00.928+0000] {dag.py:3036} INFO - Sync 1 DAGs
[2026-08-26T09:30:00.936+0000] {logging_mixin.py:188} INFO - [2026-08-26T09:30:00.936+0000] {dag.py:3823} INFO - Setting next_dagrun for news_full_medallion_pipeline to None, run_after=None
[2026-08-26T09:30:00.948+0000] {processor.py:183} INFO - Processing /opt/airflow/dags/news_pipeline_dag.py took 0.894 seconds
[2026-08-26T09:30:31.080+0000] {processor.py:161} INFO - Started process (PID=463) to work on /opt/airflow/dags/news_pipeline_dag.py
[2026-08-26T09:30:31.081+0000] {processor.py:830} INFO - Processing file /opt/airflow/dags/news_pipeline_dag.py for tasks to queue
[2026-08-26T09:30:31.081+0000] {logging_mixin.py:188} INFO - [2026-08-26T09:30:31.081+0000] {dagbag.py:538} INFO - Filling up the DagBag from /opt/airflow/dags/news_pipeline_dag.py
[2026-08-26T09:30:32.072+0000] {logging_mixin.py:188} WARNING - /opt/airflow/project_code/data_processing/enrich_data.py:3 FutureWarning: 

All support for the `google.generativeai` package has ended. It will no longer be receiving
updates or bug fixes. Please switch to the `google.genai` package as soon as possible.
See README for more details:

https://github.com/google-gemini/deprecated-generative-ai-python/blob/main/README.md
[2026-08-26T09:30:32.079+0000] {processor.py:840} INFO - DAG(s) 'news_full_medallion_pipeline' retrieved from /opt/airflow/dags/news_pipeline_dag.py
[2026-08-26T09:30:32.113+0000] {logging_mixin.py:188} INFO - [2026-08-26T09:30:32.112+0000] {dag.py:3036} INFO - Sync 1 DAGs
[2026-08-26T09:30:32.123+0000] {logging_mixin.py:188} INFO - [2026-08-26T09:30:32.123+0000] {dag.py:3823} INFO - Setting next_dagrun for news_full_medallion_pipeline to None, run_after=None
[2026-08-26T09:30:32.136+0000] {processor.py:183} INFO - Processing /opt/airflow/dags/news_pipeline_dag.py took 1.058 seconds
[2026-08-26T09:31:02.193+0000] {processor.py:161} INFO - Started process (PID=466) to work on /opt/airflow/dags/news_pipeline_dag.py
[2026-08-26T09:31:02.194+0000] {processor.py:830} INFO - Processing file /opt/airflow/dags/news_pipeline_dag.py for tasks to queue
[2026-08-26T09:31:02.194+0000] {logging_mixin.py:188} INFO - [2026-08-26T09:31:02.194+0000] {dagbag.py:538} INFO - Filling up the DagBag from /opt/airflow/dags/news_pipeline_dag.py
[2026-08-26T09:31:03.093+0000] {logging_mixin.py:188} WARNING - /opt/airflow/project_code/data_processing/enrich_data.py:3 FutureWarning: 

All support for the `google.generativeai` package has ended. It will no longer be receiving
updates or bug fixes. Please switch to the `google.genai` package as soon as possible.
See README for more details:

https://github.com/google-gemini/deprecated-generative-ai-python/blob/main/README.md
[2026-08-26T09:31:03.099+0000] {processor.py:840} INFO - DAG(s) 'news_full_medallion_pipeline' retrieved from /opt/airflow/dags/news_pipeline_dag.py
[2026-08-26T09:31:03.130+0000] {logging_mixin.py:188} INFO - [2026-08-26T09:31:03.129+0000] {dag.py:3036} INFO - Sync 1 DAGs
[2026-08-26T09:31:03.137+0000] {logging_mixin.py:188} INFO - [2026-08-26T09:31:03.137+0000] {dag.py:3823} INFO - Setting next_dagrun for news_full_medallion_pipeline to None, run_after=None
[2026-08-26T09:31:03.150+0000] {processor.py:183} INFO - Processing /opt/airflow/dags/news_pipeline_dag.py took 0.960 seconds
[2026-08-26T09:31:33.278+0000] {processor.py:161} INFO - Started process (PID=469) to work on /opt/airflow/dags/news_pipeline_dag.py
[2026-08-26T09:31:33.279+0000] {processor.py:830} INFO - Processing file /opt/airflow/dags/news_pipeline_dag.py for tasks to queue
[2026-08-26T09:31:33.279+0000] {logging_mixin.py:188} INFO - [2026-08-26T09:31:33.279+0000] {dagbag.py:538} INFO - Filling up the DagBag from /opt/airflow/dags/news_pipeline_dag.py
[2026-08-26T09:31:34.143+0000] {logging_mixin.py:188} WARNING - /opt/airflow/project_code/data_processing/enrich_data.py:3 FutureWarning: 

All support for the `google.generativeai` package has ended. It will no longer be receiving
updates or bug fixes. Please switch to the `google.genai` package as soon as possible.
See README for more details:

https://github.com/google-gemini/deprecated-generative-ai-python/blob/main/README.md
[2026-08-26T09:31:34.148+0000] {processor.py:840} INFO - DAG(s) 'news_full_medallion_pipeline' retrieved from /opt/airflow/dags/news_pipeline_dag.py
[2026-08-26T09:31:34.166+0000] {logging_mixin.py:188} INFO - [2026-08-26T09:31:34.165+0000] {dag.py:3036} INFO - Sync 1 DAGs
[2026-08-26T09:31:34.173+0000] {logging_mixin.py:188} INFO - [2026-08-26T09:31:34.173+0000] {dag.py:3823} INFO - Setting next_dagrun for news_full_medallion_pipeline to None, run_after=None
[2026-08-26T09:31:34.186+0000] {processor.py:183} INFO - Processing /opt/airflow/dags/news_pipeline_dag.py took 0.911 seconds
[2026-08-26T09:32:04.323+0000] {processor.py:161} INFO - Started process (PID=472) to work on /opt/airflow/dags/news_pipeline_dag.py
[2026-08-26T09:32:04.324+0000] {processor.py:830} INFO - Processing file /opt/airflow/dags/news_pipeline_dag.py for tasks to queue
[2026-08-26T09:32:04.325+0000] {logging_mixin.py:188} INFO - [2026-08-26T09:32:04.325+0000] {dagbag.py:538} INFO - Filling up the DagBag from /opt/airflow/dags/news_pipeline_dag.py
[2026-08-26T09:32:05.273+0000] {logging_mixin.py:188} WARNING - /opt/airflow/project_code/data_processing/enrich_data.py:3 FutureWarning: 

All support for the `google.generativeai` package has ended. It will no longer be receiving
updates or bug fixes. Please switch to the `google.genai` package as soon as possible.
See README for more details:

https://github.com/google-gemini/deprecated-generative-ai-python/blob/main/README.md
[2026-08-26T09:32:05.280+0000] {processor.py:840} INFO - DAG(s) 'news_full_medallion_pipeline' retrieved from /opt/airflow/dags/news_pipeline_dag.py
[2026-08-26T09:32:05.306+0000] {logging_mixin.py:188} INFO - [2026-08-26T09:32:05.306+0000] {dag.py:3036} INFO - Sync 1 DAGs
[2026-08-26T09:32:05.319+0000] {logging_mixin.py:188} INFO - [2026-08-26T09:32:05.319+0000] {dag.py:3823} INFO - Setting next_dagrun for news_full_medallion_pipeline to None, run_after=None
[2026-08-26T09:32:05.364+0000] {processor.py:183} INFO - Processing /opt/airflow/dags/news_pipeline_dag.py took 1.043 seconds
[2026-08-26T09:32:35.458+0000] {processor.py:161} INFO - Started process (PID=475) to work on /opt/airflow/dags/news_pipeline_dag.py
[2026-08-26T09:32:35.458+0000] {processor.py:830} INFO - Processing file /opt/airflow/dags/news_pipeline_dag.py for tasks to queue
[2026-08-26T09:32:35.459+0000] {logging_mixin.py:188} INFO - [2026-08-26T09:32:35.459+0000] {dagbag.py:538} INFO - Filling up the DagBag from /opt/airflow/dags/news_pipeline_dag.py
[2026-08-26T09:32:36.396+0000] {logging_mixin.py:188} WARNING - /opt/airflow/project_code/data_processing/enrich_data.py:3 FutureWarning: 

All support for the `google.generativeai` package has ended. It will no longer be receiving
updates or bug fixes. Please switch to the `google.genai` package as soon as possible.
See README for more details:

https://github.com/google-gemini/deprecated-generative-ai-python/blob/main/README.md
[2026-08-26T09:32:36.401+0000] {processor.py:840} INFO - DAG(s) 'news_full_medallion_pipeline' retrieved from /opt/airflow/dags/news_pipeline_dag.py
[2026-08-26T09:32:36.425+0000] {logging_mixin.py:188} INFO - [2026-08-26T09:32:36.424+0000] {dag.py:3036} INFO - Sync 1 DAGs
[2026-08-26T09:32:36.432+0000] {logging_mixin.py:188} INFO - [2026-08-26T09:32:36.432+0000] {dag.py:3823} INFO - Setting next_dagrun for news_full_medallion_pipeline to None, run_after=None
[2026-08-26T09:32:36.444+0000] {processor.py:183} INFO - Processing /opt/airflow/dags/news_pipeline_dag.py took 0.989 seconds
[2026-08-26T09:33:06.567+0000] {processor.py:161} INFO - Started process (PID=478) to work on /opt/airflow/dags/news_pipeline_dag.py
[2026-08-26T09:33:06.567+0000] {processor.py:830} INFO - Processing file /opt/airflow/dags/news_pipeline_dag.py for tasks to queue
[2026-08-26T09:33:06.568+0000] {logging_mixin.py:188} INFO - [2026-08-26T09:33:06.568+0000] {dagbag.py:538} INFO - Filling up the DagBag from /opt/airflow/dags/news_pipeline_dag.py
[2026-08-26T09:33:07.465+0000] {logging_mixin.py:188} WARNING - /opt/airflow/project_code/data_processing/enrich_data.py:3 FutureWarning: 

All support for the `google.generativeai` package has ended. It will no longer be receiving
updates or bug fixes. Please switch to the `google.genai` package as soon as possible.
See README for more details:

https://github.com/google-gemini/deprecated-generative-ai-python/blob/main/README.md
[2026-08-26T09:33:07.470+0000] {processor.py:840} INFO - DAG(s) 'news_full_medallion_pipeline' retrieved from /opt/airflow/dags/news_pipeline_dag.py
[2026-08-26T09:33:07.489+0000] {logging_mixin.py:188} INFO - [2026-08-26T09:33:07.488+0000] {dag.py:3036} INFO - Sync 1 DAGs
[2026-08-26T09:33:07.497+0000] {logging_mixin.py:188} INFO - [2026-08-26T09:33:07.496+0000] {dag.py:3823} INFO - Setting next_dagrun for news_full_medallion_pipeline to None, run_after=None
[2026-08-26T09:33:07.511+0000] {processor.py:183} INFO - Processing /opt/airflow/dags/news_pipeline_dag.py took 0.947 seconds
[2026-08-26T10:00:55.174+0000] {processor.py:161} INFO - Started process (PID=41) to work on /opt/airflow/dags/news_pipeline_dag.py
[2026-08-26T10:00:55.242+0000] {processor.py:830} INFO - Processing file /opt/airflow/dags/news_pipeline_dag.py for tasks to queue
[2026-08-26T10:00:55.243+0000] {logging_mixin.py:188} INFO - [2026-08-26T10:00:55.242+0000] {dagbag.py:538} INFO - Filling up the DagBag from /opt/airflow/dags/news_pipeline_dag.py
[2026-08-26T10:01:12.587+0000] {logging_mixin.py:188} WARNING - /opt/airflow/project_code/data_processing/enrich_data.py:3 FutureWarning: 

All support for the `google.generativeai` package has ended. It will no longer be receiving
updates or bug fixes. Please switch to the `google.genai` package as soon as possible.
See README for more details:

https://github.com/google-gemini/deprecated-generative-ai-python/blob/main/README.md
[2026-08-26T10:01:12.619+0000] {processor.py:840} INFO - DAG(s) 'news_full_medallion_pipeline' retrieved from /opt/airflow/dags/news_pipeline_dag.py
[2026-08-26T10:01:13.134+0000] {logging_mixin.py:188} INFO - [2026-08-26T10:01:13.134+0000] {dag.py:3036} INFO - Sync 1 DAGs
[2026-08-26T10:01:13.149+0000] {logging_mixin.py:188} INFO - [2026-08-26T10:01:13.149+0000] {dag.py:3823} INFO - Setting next_dagrun for news_full_medallion_pipeline to None, run_after=None
[2026-08-26T10:01:13.169+0000] {processor.py:183} INFO - Processing /opt/airflow/dags/news_pipeline_dag.py took 18.007 seconds
[2026-08-26T10:01:43.316+0000] {processor.py:161} INFO - Started process (PID=44) to work on /opt/airflow/dags/news_pipeline_dag.py
[2026-08-26T10:01:43.316+0000] {processor.py:830} INFO - Processing file /opt/airflow/dags/news_pipeline_dag.py for tasks to queue
[2026-08-26T10:01:43.317+0000] {logging_mixin.py:188} INFO - [2026-08-26T10:01:43.317+0000] {dagbag.py:538} INFO - Filling up the DagBag from /opt/airflow/dags/news_pipeline_dag.py
[2026-08-26T10:01:44.134+0000] {logging_mixin.py:188} WARNING - /opt/airflow/project_code/data_processing/enrich_data.py:3 FutureWarning: 

All support for the `google.generativeai` package has ended. It will no longer be receiving
updates or bug fixes. Please switch to the `google.genai` package as soon as possible.
See README for more details:

https://github.com/google-gemini/deprecated-generative-ai-python/blob/main/README.md
[2026-08-26T10:01:44.139+0000] {processor.py:840} INFO - DAG(s) 'news_full_medallion_pipeline' retrieved from /opt/airflow/dags/news_pipeline_dag.py
[2026-08-26T10:01:44.157+0000] {logging_mixin.py:188} INFO - [2026-08-26T10:01:44.157+0000] {dag.py:3036} INFO - Sync 1 DAGs
[2026-08-26T10:01:44.165+0000] {logging_mixin.py:188} INFO - [2026-08-26T10:01:44.165+0000] {dag.py:3823} INFO - Setting next_dagrun for news_full_medallion_pipeline to None, run_after=None
[2026-08-26T10:01:44.181+0000] {processor.py:183} INFO - Processing /opt/airflow/dags/news_pipeline_dag.py took 0.868 seconds
[2026-08-26T10:02:14.311+0000] {processor.py:161} INFO - Started process (PID=47) to work on /opt/airflow/dags/news_pipeline_dag.py
[2026-08-26T10:02:14.311+0000] {processor.py:830} INFO - Processing file /opt/airflow/dags/news_pipeline_dag.py for tasks to queue
[2026-08-26T10:02:14.312+0000] {logging_mixin.py:188} INFO - [2026-08-26T10:02:14.312+0000] {dagbag.py:538} INFO - Filling up the DagBag from /opt/airflow/dags/news_pipeline_dag.py
[2026-08-26T10:02:15.157+0000] {logging_mixin.py:188} WARNING - /opt/airflow/project_code/data_processing/enrich_data.py:3 FutureWarning: 

All support for the `google.generativeai` package has ended. It will no longer be receiving
updates or bug fixes. Please switch to the `google.genai` package as soon as possible.
See README for more details:

https://github.com/google-gemini/deprecated-generative-ai-python/blob/main/README.md
[2026-08-26T10:02:15.163+0000] {processor.py:840} INFO - DAG(s) 'news_full_medallion_pipeline' retrieved from /opt/airflow/dags/news_pipeline_dag.py
[2026-08-26T10:02:15.187+0000] {logging_mixin.py:188} INFO - [2026-08-26T10:02:15.187+0000] {dag.py:3036} INFO - Sync 1 DAGs
[2026-08-26T10:02:15.198+0000] {logging_mixin.py:188} INFO - [2026-08-26T10:02:15.198+0000] {dag.py:3823} INFO - Setting next_dagrun for news_full_medallion_pipeline to None, run_after=None
[2026-08-26T10:02:15.220+0000] {processor.py:183} INFO - Processing /opt/airflow/dags/news_pipeline_dag.py took 0.911 seconds
[2026-08-26T10:02:45.346+0000] {processor.py:161} INFO - Started process (PID=50) to work on /opt/airflow/dags/news_pipeline_dag.py
[2026-08-26T10:02:45.347+0000] {processor.py:830} INFO - Processing file /opt/airflow/dags/news_pipeline_dag.py for tasks to queue
[2026-08-26T10:02:45.348+0000] {logging_mixin.py:188} INFO - [2026-08-26T10:02:45.348+0000] {dagbag.py:538} INFO - Filling up the DagBag from /opt/airflow/dags/news_pipeline_dag.py
[2026-08-26T10:02:46.210+0000] {logging_mixin.py:188} WARNING - /opt/airflow/project_code/data_processing/enrich_data.py:3 FutureWarning: 

All support for the `google.generativeai` package has ended. It will no longer be receiving
updates or bug fixes. Please switch to the `google.genai` package as soon as possible.
See README for more details:

https://github.com/google-gemini/deprecated-generative-ai-python/blob/main/README.md
[2026-08-26T10:02:46.218+0000] {processor.py:840} INFO - DAG(s) 'news_full_medallion_pipeline' retrieved from /opt/airflow/dags/news_pipeline_dag.py
[2026-08-26T10:02:46.237+0000] {logging_mixin.py:188} INFO - [2026-08-26T10:02:46.236+0000] {dag.py:3036} INFO - Sync 1 DAGs
[2026-08-26T10:02:46.244+0000] {logging_mixin.py:188} INFO - [2026-08-26T10:02:46.244+0000] {dag.py:3823} INFO - Setting next_dagrun for news_full_medallion_pipeline to None, run_after=None
[2026-08-26T10:02:46.256+0000] {processor.py:183} INFO - Processing /opt/airflow/dags/news_pipeline_dag.py took 0.913 seconds
[2026-08-26T10:03:16.377+0000] {processor.py:161} INFO - Started process (PID=53) to work on /opt/airflow/dags/news_pipeline_dag.py
[2026-08-26T10:03:16.378+0000] {processor.py:830} INFO - Processing file /opt/airflow/dags/news_pipeline_dag.py for tasks to queue
[2026-08-26T10:03:16.379+0000] {logging_mixin.py:188} INFO - [2026-08-26T10:03:16.378+0000] {dagbag.py:538} INFO - Filling up the DagBag from /opt/airflow/dags/news_pipeline_dag.py
[2026-08-26T10:03:17.281+0000] {logging_mixin.py:188} WARNING - /opt/airflow/project_code/data_processing/enrich_data.py:3 FutureWarning: 

All support for the `google.generativeai` package has ended. It will no longer be receiving
updates or bug fixes. Please switch to the `google.genai` package as soon as possible.
See README for more details:

https://github.com/google-gemini/deprecated-generative-ai-python/blob/main/README.md
[2026-08-26T10:03:17.286+0000] {processor.py:840} INFO - DAG(s) 'news_full_medallion_pipeline' retrieved from /opt/airflow/dags/news_pipeline_dag.py
[2026-08-26T10:03:17.305+0000] {logging_mixin.py:188} INFO - [2026-08-26T10:03:17.304+0000] {dag.py:3036} INFO - Sync 1 DAGs
[2026-08-26T10:03:17.313+0000] {logging_mixin.py:188} INFO - [2026-08-26T10:03:17.312+0000] {dag.py:3823} INFO - Setting next_dagrun for news_full_medallion_pipeline to None, run_after=None
[2026-08-26T10:03:17.325+0000] {processor.py:183} INFO - Processing /opt/airflow/dags/news_pipeline_dag.py took 0.951 seconds
[2026-08-26T10:03:47.444+0000] {processor.py:161} INFO - Started process (PID=56) to work on /opt/airflow/dags/news_pipeline_dag.py
[2026-08-26T10:03:47.444+0000] {processor.py:830} INFO - Processing file /opt/airflow/dags/news_pipeline_dag.py for tasks to queue
[2026-08-26T10:03:47.445+0000] {logging_mixin.py:188} INFO - [2026-08-26T10:03:47.445+0000] {dagbag.py:538} INFO - Filling up the DagBag from /opt/airflow/dags/news_pipeline_dag.py
[2026-08-26T10:03:48.373+0000] {logging_mixin.py:188} WARNING - /opt/airflow/project_code/data_processing/enrich_data.py:3 FutureWarning: 

All support for the `google.generativeai` package has ended. It will no longer be receiving
updates or bug fixes. Please switch to the `google.genai` package as soon as possible.
See README for more details:

https://github.com/google-gemini/deprecated-generative-ai-python/blob/main/README.md
[2026-08-26T10:03:48.378+0000] {processor.py:840} INFO - DAG(s) 'news_full_medallion_pipeline' retrieved from /opt/airflow/dags/news_pipeline_dag.py
[2026-08-26T10:03:48.397+0000] {logging_mixin.py:188} INFO - [2026-08-26T10:03:48.396+0000] {dag.py:3036} INFO - Sync 1 DAGs
[2026-08-26T10:03:48.405+0000] {logging_mixin.py:188} INFO - [2026-08-26T10:03:48.405+0000] {dag.py:3823} INFO - Setting next_dagrun for news_full_medallion_pipeline to None, run_after=None
[2026-08-26T10:03:48.417+0000] {processor.py:183} INFO - Processing /opt/airflow/dags/news_pipeline_dag.py took 0.976 seconds
[2026-08-26T10:04:18.540+0000] {processor.py:161} INFO - Started process (PID=59) to work on /opt/airflow/dags/news_pipeline_dag.py
[2026-08-26T10:04:18.541+0000] {processor.py:830} INFO - Processing file /opt/airflow/dags/news_pipeline_dag.py for tasks to queue
[2026-08-26T10:04:18.542+0000] {logging_mixin.py:188} INFO - [2026-08-26T10:04:18.542+0000] {dagbag.py:538} INFO - Filling up the DagBag from /opt/airflow/dags/news_pipeline_dag.py
[2026-08-26T10:04:19.403+0000] {logging_mixin.py:188} WARNING - /opt/airflow/project_code/data_processing/enrich_data.py:3 FutureWarning: 

All support for the `google.generativeai` package has ended. It will no longer be receiving
updates or bug fixes. Please switch to the `google.genai` package as soon as possible.
See README for more details:

https://github.com/google-gemini/deprecated-generative-ai-python/blob/main/README.md
[2026-08-26T10:04:19.410+0000] {processor.py:840} INFO - DAG(s) 'news_full_medallion_pipeline' retrieved from /opt/airflow/dags/news_pipeline_dag.py
[2026-08-26T10:04:19.443+0000] {logging_mixin.py:188} INFO - [2026-08-26T10:04:19.442+0000] {dag.py:3036} INFO - Sync 1 DAGs
[2026-08-26T10:04:19.453+0000] {logging_mixin.py:188} INFO - [2026-08-26T10:04:19.453+0000] {dag.py:3823} INFO - Setting next_dagrun for news_full_medallion_pipeline to None, run_after=None
[2026-08-26T10:04:19.470+0000] {processor.py:183} INFO - Processing /opt/airflow/dags/news_pipeline_dag.py took 0.935 seconds
[2026-08-26T10:04:49.584+0000] {processor.py:161} INFO - Started process (PID=62) to work on /opt/airflow/dags/news_pipeline_dag.py
[2026-08-26T10:04:49.585+0000] {processor.py:830} INFO - Processing file /opt/airflow/dags/news_pipeline_dag.py for tasks to queue
[2026-08-26T10:04:49.585+0000] {logging_mixin.py:188} INFO - [2026-08-26T10:04:49.585+0000] {dagbag.py:538} INFO - Filling up the DagBag from /opt/airflow/dags/news_pipeline_dag.py
[2026-08-26T10:04:50.409+0000] {logging_mixin.py:188} WARNING - /opt/airflow/project_code/data_processing/enrich_data.py:3 FutureWarning: 

All support for the `google.generativeai` package has ended. It will no longer be receiving
updates or bug fixes. Please switch to the `google.genai` package as soon as possible.
See README for more details:

https://github.com/google-gemini/deprecated-generative-ai-python/blob/main/README.md
[2026-08-26T10:04:50.416+0000] {processor.py:840} INFO - DAG(s) 'news_full_medallion_pipeline' retrieved from /opt/airflow/dags/news_pipeline_dag.py
[2026-08-26T10:04:50.437+0000] {logging_mixin.py:188} INFO - [2026-08-26T10:04:50.437+0000] {dag.py:3036} INFO - Sync 1 DAGs
[2026-08-26T10:04:50.445+0000] {logging_mixin.py:188} INFO - [2026-08-26T10:04:50.445+0000] {dag.py:3823} INFO - Setting next_dagrun for news_full_medallion_pipeline to None, run_after=None
[2026-08-26T10:04:50.457+0000] {processor.py:183} INFO - Processing /opt/airflow/dags/news_pipeline_dag.py took 0.876 seconds
[2026-08-26T10:05:20.573+0000] {processor.py:161} INFO - Started process (PID=65) to work on /opt/airflow/dags/news_pipeline_dag.py
[2026-08-26T10:05:20.574+0000] {processor.py:830} INFO - Processing file /opt/airflow/dags/news_pipeline_dag.py for tasks to queue
[2026-08-26T10:05:20.574+0000] {logging_mixin.py:188} INFO - [2026-08-26T10:05:20.574+0000] {dagbag.py:538} INFO - Filling up the DagBag from /opt/airflow/dags/news_pipeline_dag.py
[2026-08-26T10:05:21.395+0000] {logging_mixin.py:188} WARNING - /opt/airflow/project_code/data_processing/enrich_data.py:3 FutureWarning: 

All support for the `google.generativeai` package has ended. It will no longer be receiving
updates or bug fixes. Please switch to the `google.genai` package as soon as possible.
See README for more details:

https://github.com/google-gemini/deprecated-generative-ai-python/blob/main/README.md
[2026-08-26T10:05:21.400+0000] {processor.py:840} INFO - DAG(s) 'news_full_medallion_pipeline' retrieved from /opt/airflow/dags/news_pipeline_dag.py
[2026-08-26T10:05:21.418+0000] {logging_mixin.py:188} INFO - [2026-08-26T10:05:21.418+0000] {dag.py:3036} INFO - Sync 1 DAGs
[2026-08-26T10:05:21.426+0000] {logging_mixin.py:188} INFO - [2026-08-26T10:05:21.426+0000] {dag.py:3823} INFO - Setting next_dagrun for news_full_medallion_pipeline to None, run_after=None
[2026-08-26T10:05:21.438+0000] {processor.py:183} INFO - Processing /opt/airflow/dags/news_pipeline_dag.py took 0.868 seconds
[2026-08-26T10:05:51.546+0000] {processor.py:161} INFO - Started process (PID=68) to work on /opt/airflow/dags/news_pipeline_dag.py
[2026-08-26T10:05:51.547+0000] {processor.py:830} INFO - Processing file /opt/airflow/dags/news_pipeline_dag.py for tasks to queue
[2026-08-26T10:05:51.547+0000] {logging_mixin.py:188} INFO - [2026-08-26T10:05:51.547+0000] {dagbag.py:538} INFO - Filling up the DagBag from /opt/airflow/dags/news_pipeline_dag.py
[2026-08-26T10:05:52.356+0000] {logging_mixin.py:188} WARNING - /opt/airflow/project_code/data_processing/enrich_data.py:3 FutureWarning: 

All support for the `google.generativeai` package has ended. It will no longer be receiving
updates or bug fixes. Please switch to the `google.genai` package as soon as possible.
See README for more details:

https://github.com/google-gemini/deprecated-generative-ai-python/blob/main/README.md
[2026-08-26T10:05:52.360+0000] {processor.py:840} INFO - DAG(s) 'news_full_medallion_pipeline' retrieved from /opt/airflow/dags/news_pipeline_dag.py
[2026-08-26T10:05:52.379+0000] {logging_mixin.py:188} INFO - [2026-08-26T10:05:52.379+0000] {dag.py:3036} INFO - Sync 1 DAGs
[2026-08-26T10:05:52.387+0000] {logging_mixin.py:188} INFO - [2026-08-26T10:05:52.387+0000] {dag.py:3823} INFO - Setting next_dagrun for news_full_medallion_pipeline to None, run_after=None
[2026-08-26T10:05:52.399+0000] {processor.py:183} INFO - Processing /opt/airflow/dags/news_pipeline_dag.py took 0.855 seconds
[2026-08-26T10:06:22.510+0000] {processor.py:161} INFO - Started process (PID=71) to work on /opt/airflow/dags/news_pipeline_dag.py
[2026-08-26T10:06:22.511+0000] {processor.py:830} INFO - Processing file /opt/airflow/dags/news_pipeline_dag.py for tasks to queue
[2026-08-26T10:06:22.512+0000] {logging_mixin.py:188} INFO - [2026-08-26T10:06:22.512+0000] {dagbag.py:538} INFO - Filling up the DagBag from /opt/airflow/dags/news_pipeline_dag.py
[2026-08-26T10:06:23.320+0000] {logging_mixin.py:188} WARNING - /opt/airflow/project_code/data_processing/enrich_data.py:3 FutureWarning: 

All support for the `google.generativeai` package has ended. It will no longer be receiving
updates or bug fixes. Please switch to the `google.genai` package as soon as possible.
See README for more details:

https://github.com/google-gemini/deprecated-generative-ai-python/blob/main/README.md
[2026-08-26T10:06:23.324+0000] {processor.py:840} INFO - DAG(s) 'news_full_medallion_pipeline' retrieved from /opt/airflow/dags/news_pipeline_dag.py
[2026-08-26T10:06:23.343+0000] {logging_mixin.py:188} INFO - [2026-08-26T10:06:23.342+0000] {dag.py:3036} INFO - Sync 1 DAGs
[2026-08-26T10:06:23.351+0000] {logging_mixin.py:188} INFO - [2026-08-26T10:06:23.351+0000] {dag.py:3823} INFO - Setting next_dagrun for news_full_medallion_pipeline to None, run_after=None
[2026-08-26T10:06:23.363+0000] {processor.py:183} INFO - Processing /opt/airflow/dags/news_pipeline_dag.py took 0.855 seconds
[2026-08-26T10:06:53.416+0000] {processor.py:161} INFO - Started process (PID=74) to work on /opt/airflow/dags/news_pipeline_dag.py
[2026-08-26T10:06:53.417+0000] {processor.py:830} INFO - Processing file /opt/airflow/dags/news_pipeline_dag.py for tasks to queue
[2026-08-26T10:06:53.417+0000] {logging_mixin.py:188} INFO - [2026-08-26T10:06:53.417+0000] {dagbag.py:538} INFO - Filling up the DagBag from /opt/airflow/dags/news_pipeline_dag.py
[2026-08-26T10:06:54.247+0000] {logging_mixin.py:188} WARNING - /opt/airflow/project_code/data_processing/enrich_data.py:3 FutureWarning: 

All support for the `google.generativeai` package has ended. It will no longer be receiving
updates or bug fixes. Please switch to the `google.genai` package as soon as possible.
See README for more details:

https://github.com/google-gemini/deprecated-generative-ai-python/blob/main/README.md
[2026-08-26T10:06:54.251+0000] {processor.py:840} INFO - DAG(s) 'news_full_medallion_pipeline' retrieved from /opt/airflow/dags/news_pipeline_dag.py
[2026-08-26T10:06:54.271+0000] {logging_mixin.py:188} INFO - [2026-08-26T10:06:54.270+0000] {dag.py:3036} INFO - Sync 1 DAGs
[2026-08-26T10:06:54.278+0000] {logging_mixin.py:188} INFO - [2026-08-26T10:06:54.278+0000] {dag.py:3823} INFO - Setting next_dagrun for news_full_medallion_pipeline to None, run_after=None
[2026-08-26T10:06:54.290+0000] {processor.py:183} INFO - Processing /opt/airflow/dags/news_pipeline_dag.py took 0.877 seconds
[2026-08-26T10:07:24.428+0000] {processor.py:161} INFO - Started process (PID=77) to work on /opt/airflow/dags/news_pipeline_dag.py
[2026-08-26T10:07:24.429+0000] {processor.py:830} INFO - Processing file /opt/airflow/dags/news_pipeline_dag.py for tasks to queue
[2026-08-26T10:07:24.430+0000] {logging_mixin.py:188} INFO - [2026-08-26T10:07:24.429+0000] {dagbag.py:538} INFO - Filling up the DagBag from /opt/airflow/dags/news_pipeline_dag.py
[2026-08-26T10:07:25.226+0000] {logging_mixin.py:188} WARNING - /opt/airflow/project_code/data_processing/enrich_data.py:3 FutureWarning: 

All support for the `google.generativeai` package has ended. It will no longer be receiving
updates or bug fixes. Please switch to the `google.genai` package as soon as possible.
See README for more details:

https://github.com/google-gemini/deprecated-generative-ai-python/blob/main/README.md
[2026-08-26T10:07:25.231+0000] {processor.py:840} INFO - DAG(s) 'news_full_medallion_pipeline' retrieved from /opt/airflow/dags/news_pipeline_dag.py
[2026-08-26T10:07:25.253+0000] {logging_mixin.py:188} INFO - [2026-08-26T10:07:25.252+0000] {dag.py:3036} INFO - Sync 1 DAGs
[2026-08-26T10:07:25.260+0000] {logging_mixin.py:188} INFO - [2026-08-26T10:07:25.260+0000] {dag.py:3823} INFO - Setting next_dagrun for news_full_medallion_pipeline to None, run_after=None
[2026-08-26T10:07:25.273+0000] {processor.py:183} INFO - Processing /opt/airflow/dags/news_pipeline_dag.py took 0.847 seconds
[2026-08-26T10:07:55.394+0000] {processor.py:161} INFO - Started process (PID=80) to work on /opt/airflow/dags/news_pipeline_dag.py
[2026-08-26T10:07:55.395+0000] {processor.py:830} INFO - Processing file /opt/airflow/dags/news_pipeline_dag.py for tasks to queue
[2026-08-26T10:07:55.395+0000] {logging_mixin.py:188} INFO - [2026-08-26T10:07:55.395+0000] {dagbag.py:538} INFO - Filling up the DagBag from /opt/airflow/dags/news_pipeline_dag.py
[2026-08-26T10:07:56.225+0000] {logging_mixin.py:188} WARNING - /opt/airflow/project_code/data_processing/enrich_data.py:3 FutureWarning: 

All support for the `google.generativeai` package has ended. It will no longer be receiving
updates or bug fixes. Please switch to the `google.genai` package as soon as possible.
See README for more details:

https://github.com/google-gemini/deprecated-generative-ai-python/blob/main/README.md
[2026-08-26T10:07:56.230+0000] {processor.py:840} INFO - DAG(s) 'news_full_medallion_pipeline' retrieved from /opt/airflow/dags/news_pipeline_dag.py
[2026-08-26T10:07:56.248+0000] {logging_mixin.py:188} INFO - [2026-08-26T10:07:56.248+0000] {dag.py:3036} INFO - Sync 1 DAGs
[2026-08-26T10:07:56.256+0000] {logging_mixin.py:188} INFO - [2026-08-26T10:07:56.256+0000] {dag.py:3823} INFO - Setting next_dagrun for news_full_medallion_pipeline to None, run_after=None
[2026-08-26T10:07:56.268+0000] {processor.py:183} INFO - Processing /opt/airflow/dags/news_pipeline_dag.py took 0.876 seconds
[2026-08-26T10:08:26.383+0000] {processor.py:161} INFO - Started process (PID=83) to work on /opt/airflow/dags/news_pipeline_dag.py
[2026-08-26T10:08:26.384+0000] {processor.py:830} INFO - Processing file /opt/airflow/dags/news_pipeline_dag.py for tasks to queue
[2026-08-26T10:08:26.385+0000] {logging_mixin.py:188} INFO - [2026-08-26T10:08:26.384+0000] {dagbag.py:538} INFO - Filling up the DagBag from /opt/airflow/dags/news_pipeline_dag.py
[2026-08-26T10:08:27.273+0000] {logging_mixin.py:188} WARNING - /opt/airflow/project_code/data_processing/enrich_data.py:3 FutureWarning: 

All support for the `google.generativeai` package has ended. It will no longer be receiving
updates or bug fixes. Please switch to the `google.genai` package as soon as possible.
See README for more details:

https://github.com/google-gemini/deprecated-generative-ai-python/blob/main/README.md
[2026-08-26T10:08:27.278+0000] {processor.py:840} INFO - DAG(s) 'news_full_medallion_pipeline' retrieved from /opt/airflow/dags/news_pipeline_dag.py
[2026-08-26T10:08:27.296+0000] {logging_mixin.py:188} INFO - [2026-08-26T10:08:27.296+0000] {dag.py:3036} INFO - Sync 1 DAGs
[2026-08-26T10:08:27.304+0000] {logging_mixin.py:188} INFO - [2026-08-26T10:08:27.304+0000] {dag.py:3823} INFO - Setting next_dagrun for news_full_medallion_pipeline to None, run_after=None
[2026-08-26T10:08:27.316+0000] {processor.py:183} INFO - Processing /opt/airflow/dags/news_pipeline_dag.py took 0.936 seconds
[2026-08-26T10:08:57.430+0000] {processor.py:161} INFO - Started process (PID=86) to work on /opt/airflow/dags/news_pipeline_dag.py
[2026-08-26T10:08:57.431+0000] {processor.py:830} INFO - Processing file /opt/airflow/dags/news_pipeline_dag.py for tasks to queue
[2026-08-26T10:08:57.432+0000] {logging_mixin.py:188} INFO - [2026-08-26T10:08:57.431+0000] {dagbag.py:538} INFO - Filling up the DagBag from /opt/airflow/dags/news_pipeline_dag.py
[2026-08-26T10:08:58.239+0000] {logging_mixin.py:188} WARNING - /opt/airflow/project_code/data_processing/enrich_data.py:3 FutureWarning: 

All support for the `google.generativeai` package has ended. It will no longer be receiving
updates or bug fixes. Please switch to the `google.genai` package as soon as possible.
See README for more details:

https://github.com/google-gemini/deprecated-generative-ai-python/blob/main/README.md
[2026-08-26T10:08:58.245+0000] {processor.py:840} INFO - DAG(s) 'news_full_medallion_pipeline' retrieved from /opt/airflow/dags/news_pipeline_dag.py
[2026-08-26T10:08:58.272+0000] {logging_mixin.py:188} INFO - [2026-08-26T10:08:58.272+0000] {dag.py:3036} INFO - Sync 1 DAGs
[2026-08-26T10:08:58.284+0000] {logging_mixin.py:188} INFO - [2026-08-26T10:08:58.283+0000] {dag.py:3823} INFO - Setting next_dagrun for news_full_medallion_pipeline to None, run_after=None
[2026-08-26T10:08:58.300+0000] {processor.py:183} INFO - Processing /opt/airflow/dags/news_pipeline_dag.py took 0.873 seconds
[2026-08-26T10:09:28.415+0000] {processor.py:161} INFO - Started process (PID=89) to work on /opt/airflow/dags/news_pipeline_dag.py
[2026-08-26T10:09:28.415+0000] {processor.py:830} INFO - Processing file /opt/airflow/dags/news_pipeline_dag.py for tasks to queue
[2026-08-26T10:09:28.416+0000] {logging_mixin.py:188} INFO - [2026-08-26T10:09:28.416+0000] {dagbag.py:538} INFO - Filling up the DagBag from /opt/airflow/dags/news_pipeline_dag.py
[2026-08-26T10:09:29.251+0000] {logging_mixin.py:188} WARNING - /opt/airflow/project_code/data_processing/enrich_data.py:3 FutureWarning: 

All support for the `google.generativeai` package has ended. It will no longer be receiving
updates or bug fixes. Please switch to the `google.genai` package as soon as possible.
See README for more details:

https://github.com/google-gemini/deprecated-generative-ai-python/blob/main/README.md
[2026-08-26T10:09:29.256+0000] {processor.py:840} INFO - DAG(s) 'news_full_medallion_pipeline' retrieved from /opt/airflow/dags/news_pipeline_dag.py
[2026-08-26T10:09:29.275+0000] {logging_mixin.py:188} INFO - [2026-08-26T10:09:29.274+0000] {dag.py:3036} INFO - Sync 1 DAGs
[2026-08-26T10:09:29.286+0000] {logging_mixin.py:188} INFO - [2026-08-26T10:09:29.286+0000] {dag.py:3823} INFO - Setting next_dagrun for news_full_medallion_pipeline to None, run_after=None
[2026-08-26T10:09:29.299+0000] {processor.py:183} INFO - Processing /opt/airflow/dags/news_pipeline_dag.py took 0.888 seconds
[2026-08-26T10:09:59.412+0000] {processor.py:161} INFO - Started process (PID=92) to work on /opt/airflow/dags/news_pipeline_dag.py
[2026-08-26T10:09:59.413+0000] {processor.py:830} INFO - Processing file /opt/airflow/dags/news_pipeline_dag.py for tasks to queue
[2026-08-26T10:09:59.414+0000] {logging_mixin.py:188} INFO - [2026-08-26T10:09:59.413+0000] {dagbag.py:538} INFO - Filling up the DagBag from /opt/airflow/dags/news_pipeline_dag.py
[2026-08-26T10:10:00.306+0000] {logging_mixin.py:188} WARNING - /opt/airflow/project_code/data_processing/enrich_data.py:3 FutureWarning: 

All support for the `google.generativeai` package has ended. It will no longer be receiving
updates or bug fixes. Please switch to the `google.genai` package as soon as possible.
See README for more details:

https://github.com/google-gemini/deprecated-generative-ai-python/blob/main/README.md
[2026-08-26T10:10:00.311+0000] {processor.py:840} INFO - DAG(s) 'news_full_medallion_pipeline' retrieved from /opt/airflow/dags/news_pipeline_dag.py
[2026-08-26T10:10:00.329+0000] {logging_mixin.py:188} INFO - [2026-08-26T10:10:00.329+0000] {dag.py:3036} INFO - Sync 1 DAGs
[2026-08-26T10:10:00.338+0000] {logging_mixin.py:188} INFO - [2026-08-26T10:10:00.338+0000] {dag.py:3823} INFO - Setting next_dagrun for news_full_medallion_pipeline to None, run_after=None
[2026-08-26T10:10:00.350+0000] {processor.py:183} INFO - Processing /opt/airflow/dags/news_pipeline_dag.py took 0.940 seconds
[2026-08-26T10:10:30.465+0000] {processor.py:161} INFO - Started process (PID=95) to work on /opt/airflow/dags/news_pipeline_dag.py
[2026-08-26T10:10:30.466+0000] {processor.py:830} INFO - Processing file /opt/airflow/dags/news_pipeline_dag.py for tasks to queue
[2026-08-26T10:10:30.467+0000] {logging_mixin.py:188} INFO - [2026-08-26T10:10:30.467+0000] {dagbag.py:538} INFO - Filling up the DagBag from /opt/airflow/dags/news_pipeline_dag.py
[2026-08-26T10:10:31.322+0000] {logging_mixin.py:188} WARNING - /opt/airflow/project_code/data_processing/enrich_data.py:3 FutureWarning: 

All support for the `google.generativeai` package has ended. It will no longer be receiving
updates or bug fixes. Please switch to the `google.genai` package as soon as possible.
See README for more details:

https://github.com/google-gemini/deprecated-generative-ai-python/blob/main/README.md
[2026-08-26T10:10:31.327+0000] {processor.py:840} INFO - DAG(s) 'news_full_medallion_pipeline' retrieved from /opt/airflow/dags/news_pipeline_dag.py
[2026-08-26T10:10:31.346+0000] {logging_mixin.py:188} INFO - [2026-08-26T10:10:31.346+0000] {dag.py:3036} INFO - Sync 1 DAGs
[2026-08-26T10:10:31.354+0000] {logging_mixin.py:188} INFO - [2026-08-26T10:10:31.353+0000] {dag.py:3823} INFO - Setting next_dagrun for news_full_medallion_pipeline to None, run_after=None
[2026-08-26T10:10:31.366+0000] {processor.py:183} INFO - Processing /opt/airflow/dags/news_pipeline_dag.py took 0.903 seconds
[2026-08-26T10:11:01.485+0000] {processor.py:161} INFO - Started process (PID=98) to work on /opt/airflow/dags/news_pipeline_dag.py
[2026-08-26T10:11:01.486+0000] {processor.py:830} INFO - Processing file /opt/airflow/dags/news_pipeline_dag.py for tasks to queue
[2026-08-26T10:11:01.486+0000] {logging_mixin.py:188} INFO - [2026-08-26T10:11:01.486+0000] {dagbag.py:538} INFO - Filling up the DagBag from /opt/airflow/dags/news_pipeline_dag.py
[2026-08-26T10:11:02.305+0000] {logging_mixin.py:188} WARNING - /opt/airflow/project_code/data_processing/enrich_data.py:3 FutureWarning: 

All support for the `google.generativeai` package has ended. It will no longer be receiving
updates or bug fixes. Please switch to the `google.genai` package as soon as possible.
See README for more details:

https://github.com/google-gemini/deprecated-generative-ai-python/blob/main/README.md
[2026-08-26T10:11:02.310+0000] {processor.py:840} INFO - DAG(s) 'news_full_medallion_pipeline' retrieved from /opt/airflow/dags/news_pipeline_dag.py
[2026-08-26T10:11:02.329+0000] {logging_mixin.py:188} INFO - [2026-08-26T10:11:02.329+0000] {dag.py:3036} INFO - Sync 1 DAGs
[2026-08-26T10:11:02.340+0000] {logging_mixin.py:188} INFO - [2026-08-26T10:11:02.340+0000] {dag.py:3823} INFO - Setting next_dagrun for news_full_medallion_pipeline to None, run_after=None
[2026-08-26T10:11:02.354+0000] {processor.py:183} INFO - Processing /opt/airflow/dags/news_pipeline_dag.py took 0.872 seconds
[2026-08-26T10:11:32.461+0000] {processor.py:161} INFO - Started process (PID=101) to work on /opt/airflow/dags/news_pipeline_dag.py
[2026-08-26T10:11:32.461+0000] {processor.py:830} INFO - Processing file /opt/airflow/dags/news_pipeline_dag.py for tasks to queue
[2026-08-26T10:11:32.462+0000] {logging_mixin.py:188} INFO - [2026-08-26T10:11:32.462+0000] {dagbag.py:538} INFO - Filling up the DagBag from /opt/airflow/dags/news_pipeline_dag.py
[2026-08-26T10:11:33.339+0000] {logging_mixin.py:188} WARNING - /opt/airflow/project_code/data_processing/enrich_data.py:3 FutureWarning: 

All support for the `google.generativeai` package has ended. It will no longer be receiving
updates or bug fixes. Please switch to the `google.genai` package as soon as possible.
See README for more details:

https://github.com/google-gemini/deprecated-generative-ai-python/blob/main/README.md
[2026-08-26T10:11:33.343+0000] {processor.py:840} INFO - DAG(s) 'news_full_medallion_pipeline' retrieved from /opt/airflow/dags/news_pipeline_dag.py
[2026-08-26T10:11:33.362+0000] {logging_mixin.py:188} INFO - [2026-08-26T10:11:33.361+0000] {dag.py:3036} INFO - Sync 1 DAGs
[2026-08-26T10:11:33.369+0000] {logging_mixin.py:188} INFO - [2026-08-26T10:11:33.369+0000] {dag.py:3823} INFO - Setting next_dagrun for news_full_medallion_pipeline to None, run_after=None
[2026-08-26T10:11:33.381+0000] {processor.py:183} INFO - Processing /opt/airflow/dags/news_pipeline_dag.py took 0.923 seconds
[2026-08-26T10:12:03.425+0000] {processor.py:161} INFO - Started process (PID=104) to work on /opt/airflow/dags/news_pipeline_dag.py
[2026-08-26T10:12:03.426+0000] {processor.py:830} INFO - Processing file /opt/airflow/dags/news_pipeline_dag.py for tasks to queue
[2026-08-26T10:12:03.427+0000] {logging_mixin.py:188} INFO - [2026-08-26T10:12:03.427+0000] {dagbag.py:538} INFO - Filling up the DagBag from /opt/airflow/dags/news_pipeline_dag.py
[2026-08-26T10:12:04.231+0000] {logging_mixin.py:188} WARNING - /opt/airflow/project_code/data_processing/enrich_data.py:3 FutureWarning: 

All support for the `google.generativeai` package has ended. It will no longer be receiving
updates or bug fixes. Please switch to the `google.genai` package as soon as possible.
See README for more details:

https://github.com/google-gemini/deprecated-generative-ai-python/blob/main/README.md
[2026-08-26T10:12:04.236+0000] {processor.py:840} INFO - DAG(s) 'news_full_medallion_pipeline' retrieved from /opt/airflow/dags/news_pipeline_dag.py
[2026-08-26T10:12:04.255+0000] {logging_mixin.py:188} INFO - [2026-08-26T10:12:04.254+0000] {dag.py:3036} INFO - Sync 1 DAGs
[2026-08-26T10:12:04.262+0000] {logging_mixin.py:188} INFO - [2026-08-26T10:12:04.262+0000] {dag.py:3823} INFO - Setting next_dagrun for news_full_medallion_pipeline to None, run_after=None
[2026-08-26T10:12:04.275+0000] {processor.py:183} INFO - Processing /opt/airflow/dags/news_pipeline_dag.py took 0.853 seconds
[2026-08-26T10:12:34.403+0000] {processor.py:161} INFO - Started process (PID=107) to work on /opt/airflow/dags/news_pipeline_dag.py
[2026-08-26T10:12:34.404+0000] {processor.py:830} INFO - Processing file /opt/airflow/dags/news_pipeline_dag.py for tasks to queue
[2026-08-26T10:12:34.405+0000] {logging_mixin.py:188} INFO - [2026-08-26T10:12:34.404+0000] {dagbag.py:538} INFO - Filling up the DagBag from /opt/airflow/dags/news_pipeline_dag.py
[2026-08-26T10:12:35.244+0000] {logging_mixin.py:188} WARNING - /opt/airflow/project_code/data_processing/enrich_data.py:3 FutureWarning: 

All support for the `google.generativeai` package has ended. It will no longer be receiving
updates or bug fixes. Please switch to the `google.genai` package as soon as possible.
See README for more details:

https://github.com/google-gemini/deprecated-generative-ai-python/blob/main/README.md
[2026-08-26T10:12:35.251+0000] {processor.py:840} INFO - DAG(s) 'news_full_medallion_pipeline' retrieved from /opt/airflow/dags/news_pipeline_dag.py
[2026-08-26T10:12:35.275+0000] {logging_mixin.py:188} INFO - [2026-08-26T10:12:35.275+0000] {dag.py:3036} INFO - Sync 1 DAGs
[2026-08-26T10:12:35.284+0000] {logging_mixin.py:188} INFO - [2026-08-26T10:12:35.284+0000] {dag.py:3823} INFO - Setting next_dagrun for news_full_medallion_pipeline to None, run_after=None
[2026-08-26T10:12:35.297+0000] {processor.py:183} INFO - Processing /opt/airflow/dags/news_pipeline_dag.py took 0.896 seconds
[2026-08-26T10:13:05.418+0000] {processor.py:161} INFO - Started process (PID=110) to work on /opt/airflow/dags/news_pipeline_dag.py
[2026-08-26T10:13:05.419+0000] {processor.py:830} INFO - Processing file /opt/airflow/dags/news_pipeline_dag.py for tasks to queue
[2026-08-26T10:13:05.419+0000] {logging_mixin.py:188} INFO - [2026-08-26T10:13:05.419+0000] {dagbag.py:538} INFO - Filling up the DagBag from /opt/airflow/dags/news_pipeline_dag.py
[2026-08-26T10:13:06.322+0000] {logging_mixin.py:188} WARNING - /opt/airflow/project_code/data_processing/enrich_data.py:3 FutureWarning: 

All support for the `google.generativeai` package has ended. It will no longer be receiving
updates or bug fixes. Please switch to the `google.genai` package as soon as possible.
See README for more details:

https://github.com/google-gemini/deprecated-generative-ai-python/blob/main/README.md
[2026-08-26T10:13:06.327+0000] {processor.py:840} INFO - DAG(s) 'news_full_medallion_pipeline' retrieved from /opt/airflow/dags/news_pipeline_dag.py
[2026-08-26T10:13:06.346+0000] {logging_mixin.py:188} INFO - [2026-08-26T10:13:06.346+0000] {dag.py:3036} INFO - Sync 1 DAGs
[2026-08-26T10:13:06.354+0000] {logging_mixin.py:188} INFO - [2026-08-26T10:13:06.354+0000] {dag.py:3823} INFO - Setting next_dagrun for news_full_medallion_pipeline to None, run_after=None
[2026-08-26T10:13:06.366+0000] {processor.py:183} INFO - Processing /opt/airflow/dags/news_pipeline_dag.py took 0.951 seconds
[2026-08-26T10:13:36.488+0000] {processor.py:161} INFO - Started process (PID=113) to work on /opt/airflow/dags/news_pipeline_dag.py
[2026-08-26T10:13:36.489+0000] {processor.py:830} INFO - Processing file /opt/airflow/dags/news_pipeline_dag.py for tasks to queue
[2026-08-26T10:13:36.490+0000] {logging_mixin.py:188} INFO - [2026-08-26T10:13:36.490+0000] {dagbag.py:538} INFO - Filling up the DagBag from /opt/airflow/dags/news_pipeline_dag.py
[2026-08-26T10:13:37.329+0000] {logging_mixin.py:188} WARNING - /opt/airflow/project_code/data_processing/enrich_data.py:3 FutureWarning: 

All support for the `google.generativeai` package has ended. It will no longer be receiving
updates or bug fixes. Please switch to the `google.genai` package as soon as possible.
See README for more details:

https://github.com/google-gemini/deprecated-generative-ai-python/blob/main/README.md
[2026-08-26T10:13:37.336+0000] {processor.py:840} INFO - DAG(s) 'news_full_medallion_pipeline' retrieved from /opt/airflow/dags/news_pipeline_dag.py
[2026-08-26T10:13:37.378+0000] {logging_mixin.py:188} INFO - [2026-08-26T10:13:37.378+0000] {dag.py:3036} INFO - Sync 1 DAGs
[2026-08-26T10:13:37.394+0000] {logging_mixin.py:188} INFO - [2026-08-26T10:13:37.394+0000] {dag.py:3823} INFO - Setting next_dagrun for news_full_medallion_pipeline to None, run_after=None
[2026-08-26T10:13:37.413+0000] {processor.py:183} INFO - Processing /opt/airflow/dags/news_pipeline_dag.py took 0.927 seconds
[2026-08-26T10:14:07.545+0000] {processor.py:161} INFO - Started process (PID=116) to work on /opt/airflow/dags/news_pipeline_dag.py
[2026-08-26T10:14:07.546+0000] {processor.py:830} INFO - Processing file /opt/airflow/dags/news_pipeline_dag.py for tasks to queue
[2026-08-26T10:14:07.547+0000] {logging_mixin.py:188} INFO - [2026-08-26T10:14:07.547+0000] {dagbag.py:538} INFO - Filling up the DagBag from /opt/airflow/dags/news_pipeline_dag.py
[2026-08-26T10:14:08.489+0000] {logging_mixin.py:188} WARNING - /opt/airflow/project_code/data_processing/enrich_data.py:3 FutureWarning: 

All support for the `google.generativeai` package has ended. It will no longer be receiving
updates or bug fixes. Please switch to the `google.genai` package as soon as possible.
See README for more details:

https://github.com/google-gemini/deprecated-generative-ai-python/blob/main/README.md
[2026-08-26T10:14:08.494+0000] {processor.py:840} INFO - DAG(s) 'news_full_medallion_pipeline' retrieved from /opt/airflow/dags/news_pipeline_dag.py
[2026-08-26T10:14:08.512+0000] {logging_mixin.py:188} INFO - [2026-08-26T10:14:08.512+0000] {dag.py:3036} INFO - Sync 1 DAGs
[2026-08-26T10:14:08.520+0000] {logging_mixin.py:188} INFO - [2026-08-26T10:14:08.520+0000] {dag.py:3823} INFO - Setting next_dagrun for news_full_medallion_pipeline to None, run_after=None
[2026-08-26T10:14:08.532+0000] {processor.py:183} INFO - Processing /opt/airflow/dags/news_pipeline_dag.py took 0.989 seconds
[2026-08-26T10:14:38.642+0000] {processor.py:161} INFO - Started process (PID=119) to work on /opt/airflow/dags/news_pipeline_dag.py
[2026-08-26T10:14:38.643+0000] {processor.py:830} INFO - Processing file /opt/airflow/dags/news_pipeline_dag.py for tasks to queue
[2026-08-26T10:14:38.644+0000] {logging_mixin.py:188} INFO - [2026-08-26T10:14:38.643+0000] {dagbag.py:538} INFO - Filling up the DagBag from /opt/airflow/dags/news_pipeline_dag.py
[2026-08-26T10:14:39.533+0000] {logging_mixin.py:188} WARNING - /opt/airflow/project_code/data_processing/enrich_data.py:3 FutureWarning: 

All support for the `google.generativeai` package has ended. It will no longer be receiving
updates or bug fixes. Please switch to the `google.genai` package as soon as possible.
See README for more details:

https://github.com/google-gemini/deprecated-generative-ai-python/blob/main/README.md
[2026-08-26T10:14:39.537+0000] {processor.py:840} INFO - DAG(s) 'news_full_medallion_pipeline' retrieved from /opt/airflow/dags/news_pipeline_dag.py
[2026-08-26T10:14:39.556+0000] {logging_mixin.py:188} INFO - [2026-08-26T10:14:39.555+0000] {dag.py:3036} INFO - Sync 1 DAGs
[2026-08-26T10:14:39.563+0000] {logging_mixin.py:188} INFO - [2026-08-26T10:14:39.563+0000] {dag.py:3823} INFO - Setting next_dagrun for news_full_medallion_pipeline to None, run_after=None
[2026-08-26T10:14:39.575+0000] {processor.py:183} INFO - Processing /opt/airflow/dags/news_pipeline_dag.py took 0.936 seconds
[2026-08-26T10:15:09.709+0000] {processor.py:161} INFO - Started process (PID=122) to work on /opt/airflow/dags/news_pipeline_dag.py
[2026-08-26T10:15:09.710+0000] {processor.py:830} INFO - Processing file /opt/airflow/dags/news_pipeline_dag.py for tasks to queue
[2026-08-26T10:15:09.710+0000] {logging_mixin.py:188} INFO - [2026-08-26T10:15:09.710+0000] {dagbag.py:538} INFO - Filling up the DagBag from /opt/airflow/dags/news_pipeline_dag.py
[2026-08-26T10:15:10.540+0000] {logging_mixin.py:188} WARNING - /opt/airflow/project_code/data_processing/enrich_data.py:3 FutureWarning: 

All support for the `google.generativeai` package has ended. It will no longer be receiving
updates or bug fixes. Please switch to the `google.genai` package as soon as possible.
See README for more details:

https://github.com/google-gemini/deprecated-generative-ai-python/blob/main/README.md
[2026-08-26T10:15:10.545+0000] {processor.py:840} INFO - DAG(s) 'news_full_medallion_pipeline' retrieved from /opt/airflow/dags/news_pipeline_dag.py
[2026-08-26T10:15:10.563+0000] {logging_mixin.py:188} INFO - [2026-08-26T10:15:10.563+0000] {dag.py:3036} INFO - Sync 1 DAGs
[2026-08-26T10:15:10.571+0000] {logging_mixin.py:188} INFO - [2026-08-26T10:15:10.571+0000] {dag.py:3823} INFO - Setting next_dagrun for news_full_medallion_pipeline to None, run_after=None
[2026-08-26T10:15:10.584+0000] {processor.py:183} INFO - Processing /opt/airflow/dags/news_pipeline_dag.py took 0.878 seconds
[2026-08-26T10:15:40.720+0000] {processor.py:161} INFO - Started process (PID=125) to work on /opt/airflow/dags/news_pipeline_dag.py
[2026-08-26T10:15:40.721+0000] {processor.py:830} INFO - Processing file /opt/airflow/dags/news_pipeline_dag.py for tasks to queue
[2026-08-26T10:15:40.722+0000] {logging_mixin.py:188} INFO - [2026-08-26T10:15:40.721+0000] {dagbag.py:538} INFO - Filling up the DagBag from /opt/airflow/dags/news_pipeline_dag.py
[2026-08-26T10:15:41.549+0000] {logging_mixin.py:188} WARNING - /opt/airflow/project_code/data_processing/enrich_data.py:3 FutureWarning: 

All support for the `google.generativeai` package has ended. It will no longer be receiving
updates or bug fixes. Please switch to the `google.genai` package as soon as possible.
See README for more details:

https://github.com/google-gemini/deprecated-generative-ai-python/blob/main/README.md
[2026-08-26T10:15:41.553+0000] {processor.py:840} INFO - DAG(s) 'news_full_medallion_pipeline' retrieved from /opt/airflow/dags/news_pipeline_dag.py
[2026-08-26T10:15:41.572+0000] {logging_mixin.py:188} INFO - [2026-08-26T10:15:41.572+0000] {dag.py:3036} INFO - Sync 1 DAGs
[2026-08-26T10:15:41.580+0000] {logging_mixin.py:188} INFO - [2026-08-26T10:15:41.580+0000] {dag.py:3823} INFO - Setting next_dagrun for news_full_medallion_pipeline to None, run_after=None
[2026-08-26T10:15:41.592+0000] {processor.py:183} INFO - Processing /opt/airflow/dags/news_pipeline_dag.py took 0.875 seconds
[2026-08-26T10:16:11.760+0000] {processor.py:161} INFO - Started process (PID=128) to work on /opt/airflow/dags/news_pipeline_dag.py
[2026-08-26T10:16:11.760+0000] {processor.py:830} INFO - Processing file /opt/airflow/dags/news_pipeline_dag.py for tasks to queue
[2026-08-26T10:16:11.761+0000] {logging_mixin.py:188} INFO - [2026-08-26T10:16:11.761+0000] {dagbag.py:538} INFO - Filling up the DagBag from /opt/airflow/dags/news_pipeline_dag.py
[2026-08-26T10:16:12.685+0000] {logging_mixin.py:188} WARNING - /opt/airflow/project_code/data_processing/enrich_data.py:3 FutureWarning: 

All support for the `google.generativeai` package has ended. It will no longer be receiving
updates or bug fixes. Please switch to the `google.genai` package as soon as possible.
See README for more details:

https://github.com/google-gemini/deprecated-generative-ai-python/blob/main/README.md
[2026-08-26T10:16:12.690+0000] {processor.py:840} INFO - DAG(s) 'news_full_medallion_pipeline' retrieved from /opt/airflow/dags/news_pipeline_dag.py
[2026-08-26T10:16:12.709+0000] {logging_mixin.py:188} INFO - [2026-08-26T10:16:12.709+0000] {dag.py:3036} INFO - Sync 1 DAGs
[2026-08-26T10:16:12.717+0000] {logging_mixin.py:188} INFO - [2026-08-26T10:16:12.717+0000] {dag.py:3823} INFO - Setting next_dagrun for news_full_medallion_pipeline to None, run_after=None
[2026-08-26T10:16:12.728+0000] {processor.py:183} INFO - Processing /opt/airflow/dags/news_pipeline_dag.py took 0.972 seconds
[2026-08-26T10:16:42.857+0000] {processor.py:161} INFO - Started process (PID=131) to work on /opt/airflow/dags/news_pipeline_dag.py
[2026-08-26T10:16:42.858+0000] {processor.py:830} INFO - Processing file /opt/airflow/dags/news_pipeline_dag.py for tasks to queue
[2026-08-26T10:16:42.858+0000] {logging_mixin.py:188} INFO - [2026-08-26T10:16:42.858+0000] {dagbag.py:538} INFO - Filling up the DagBag from /opt/airflow/dags/news_pipeline_dag.py
[2026-08-26T10:16:43.674+0000] {logging_mixin.py:188} WARNING - /opt/airflow/project_code/data_processing/enrich_data.py:3 FutureWarning: 

All support for the `google.generativeai` package has ended. It will no longer be receiving
updates or bug fixes. Please switch to the `google.genai` package as soon as possible.
See README for more details:

https://github.com/google-gemini/deprecated-generative-ai-python/blob/main/README.md
[2026-08-26T10:16:43.679+0000] {processor.py:840} INFO - DAG(s) 'news_full_medallion_pipeline' retrieved from /opt/airflow/dags/news_pipeline_dag.py
[2026-08-26T10:16:43.703+0000] {logging_mixin.py:188} INFO - [2026-08-26T10:16:43.702+0000] {dag.py:3036} INFO - Sync 1 DAGs
[2026-08-26T10:16:43.714+0000] {logging_mixin.py:188} INFO - [2026-08-26T10:16:43.713+0000] {dag.py:3823} INFO - Setting next_dagrun for news_full_medallion_pipeline to None, run_after=None
[2026-08-26T10:16:43.731+0000] {processor.py:183} INFO - Processing /opt/airflow/dags/news_pipeline_dag.py took 0.877 seconds
[2026-08-26T10:17:13.878+0000] {processor.py:161} INFO - Started process (PID=134) to work on /opt/airflow/dags/news_pipeline_dag.py
[2026-08-26T10:17:13.879+0000] {processor.py:830} INFO - Processing file /opt/airflow/dags/news_pipeline_dag.py for tasks to queue
[2026-08-26T10:17:13.880+0000] {logging_mixin.py:188} INFO - [2026-08-26T10:17:13.880+0000] {dagbag.py:538} INFO - Filling up the DagBag from /opt/airflow/dags/news_pipeline_dag.py
[2026-08-26T10:17:14.771+0000] {logging_mixin.py:188} WARNING - /opt/airflow/project_code/data_processing/enrich_data.py:3 FutureWarning: 

All support for the `google.generativeai` package has ended. It will no longer be receiving
updates or bug fixes. Please switch to the `google.genai` package as soon as possible.
See README for more details:

https://github.com/google-gemini/deprecated-generative-ai-python/blob/main/README.md
[2026-08-26T10:17:14.776+0000] {processor.py:840} INFO - DAG(s) 'news_full_medallion_pipeline' retrieved from /opt/airflow/dags/news_pipeline_dag.py
[2026-08-26T10:17:14.794+0000] {logging_mixin.py:188} INFO - [2026-08-26T10:17:14.794+0000] {dag.py:3036} INFO - Sync 1 DAGs
[2026-08-26T10:17:14.802+0000] {logging_mixin.py:188} INFO - [2026-08-26T10:17:14.802+0000] {dag.py:3823} INFO - Setting next_dagrun for news_full_medallion_pipeline to None, run_after=None
[2026-08-26T10:17:14.814+0000] {processor.py:183} INFO - Processing /opt/airflow/dags/news_pipeline_dag.py took 0.940 seconds
[2026-08-26T10:17:44.938+0000] {processor.py:161} INFO - Started process (PID=137) to work on /opt/airflow/dags/news_pipeline_dag.py
[2026-08-26T10:17:44.939+0000] {processor.py:830} INFO - Processing file /opt/airflow/dags/news_pipeline_dag.py for tasks to queue
[2026-08-26T10:17:44.940+0000] {logging_mixin.py:188} INFO - [2026-08-26T10:17:44.940+0000] {dagbag.py:538} INFO - Filling up the DagBag from /opt/airflow/dags/news_pipeline_dag.py
[2026-08-26T10:17:45.790+0000] {logging_mixin.py:188} WARNING - /opt/airflow/project_code/data_processing/enrich_data.py:3 FutureWarning: 

All support for the `google.generativeai` package has ended. It will no longer be receiving
updates or bug fixes. Please switch to the `google.genai` package as soon as possible.
See README for more details:

https://github.com/google-gemini/deprecated-generative-ai-python/blob/main/README.md
[2026-08-26T10:17:45.795+0000] {processor.py:840} INFO - DAG(s) 'news_full_medallion_pipeline' retrieved from /opt/airflow/dags/news_pipeline_dag.py
[2026-08-26T10:17:45.818+0000] {logging_mixin.py:188} INFO - [2026-08-26T10:17:45.817+0000] {dag.py:3036} INFO - Sync 1 DAGs
[2026-08-26T10:17:45.829+0000] {logging_mixin.py:188} INFO - [2026-08-26T10:17:45.829+0000] {dag.py:3823} INFO - Setting next_dagrun for news_full_medallion_pipeline to None, run_after=None
[2026-08-26T10:17:45.849+0000] {processor.py:183} INFO - Processing /opt/airflow/dags/news_pipeline_dag.py took 0.914 seconds
[2026-08-26T10:18:15.995+0000] {processor.py:161} INFO - Started process (PID=140) to work on /opt/airflow/dags/news_pipeline_dag.py
[2026-08-26T10:18:15.995+0000] {processor.py:830} INFO - Processing file /opt/airflow/dags/news_pipeline_dag.py for tasks to queue
[2026-08-26T10:18:15.996+0000] {logging_mixin.py:188} INFO - [2026-08-26T10:18:15.996+0000] {dagbag.py:538} INFO - Filling up the DagBag from /opt/airflow/dags/news_pipeline_dag.py
[2026-08-26T10:18:16.808+0000] {logging_mixin.py:188} WARNING - /opt/airflow/project_code/data_processing/enrich_data.py:3 FutureWarning: 

All support for the `google.generativeai` package has ended. It will no longer be receiving
updates or bug fixes. Please switch to the `google.genai` package as soon as possible.
See README for more details:

https://github.com/google-gemini/deprecated-generative-ai-python/blob/main/README.md
[2026-08-26T10:18:16.815+0000] {processor.py:840} INFO - DAG(s) 'news_full_medallion_pipeline' retrieved from /opt/airflow/dags/news_pipeline_dag.py
[2026-08-26T10:18:16.849+0000] {logging_mixin.py:188} INFO - [2026-08-26T10:18:16.848+0000] {dag.py:3036} INFO - Sync 1 DAGs
[2026-08-26T10:18:16.859+0000] {logging_mixin.py:188} INFO - [2026-08-26T10:18:16.859+0000] {dag.py:3823} INFO - Setting next_dagrun for news_full_medallion_pipeline to None, run_after=None
[2026-08-26T10:18:16.872+0000] {processor.py:183} INFO - Processing /opt/airflow/dags/news_pipeline_dag.py took 0.880 seconds
[2026-08-26T10:18:46.987+0000] {processor.py:161} INFO - Started process (PID=143) to work on /opt/airflow/dags/news_pipeline_dag.py
[2026-08-26T10:18:46.988+0000] {processor.py:830} INFO - Processing file /opt/airflow/dags/news_pipeline_dag.py for tasks to queue
[2026-08-26T10:18:46.989+0000] {logging_mixin.py:188} INFO - [2026-08-26T10:18:46.989+0000] {dagbag.py:538} INFO - Filling up the DagBag from /opt/airflow/dags/news_pipeline_dag.py
[2026-08-26T10:18:47.819+0000] {logging_mixin.py:188} WARNING - /opt/airflow/project_code/data_processing/enrich_data.py:3 FutureWarning: 

All support for the `google.generativeai` package has ended. It will no longer be receiving
updates or bug fixes. Please switch to the `google.genai` package as soon as possible.
See README for more details:

https://github.com/google-gemini/deprecated-generative-ai-python/blob/main/README.md
[2026-08-26T10:18:47.823+0000] {processor.py:840} INFO - DAG(s) 'news_full_medallion_pipeline' retrieved from /opt/airflow/dags/news_pipeline_dag.py
[2026-08-26T10:18:47.842+0000] {logging_mixin.py:188} INFO - [2026-08-26T10:18:47.842+0000] {dag.py:3036} INFO - Sync 1 DAGs
[2026-08-26T10:18:47.860+0000] {logging_mixin.py:188} INFO - [2026-08-26T10:18:47.859+0000] {dag.py:3823} INFO - Setting next_dagrun for news_full_medallion_pipeline to None, run_after=None
[2026-08-26T10:18:47.872+0000] {processor.py:183} INFO - Processing /opt/airflow/dags/news_pipeline_dag.py took 0.888 seconds
[2026-08-26T10:19:17.985+0000] {processor.py:161} INFO - Started process (PID=146) to work on /opt/airflow/dags/news_pipeline_dag.py
[2026-08-26T10:19:17.986+0000] {processor.py:830} INFO - Processing file /opt/airflow/dags/news_pipeline_dag.py for tasks to queue
[2026-08-26T10:19:17.987+0000] {logging_mixin.py:188} INFO - [2026-08-26T10:19:17.986+0000] {dagbag.py:538} INFO - Filling up the DagBag from /opt/airflow/dags/news_pipeline_dag.py
[2026-08-26T10:19:18.897+0000] {logging_mixin.py:188} WARNING - /opt/airflow/project_code/data_processing/enrich_data.py:3 FutureWarning: 

All support for the `google.generativeai` package has ended. It will no longer be receiving
updates or bug fixes. Please switch to the `google.genai` package as soon as possible.
See README for more details:

https://github.com/google-gemini/deprecated-generative-ai-python/blob/main/README.md
[2026-08-26T10:19:18.901+0000] {processor.py:840} INFO - DAG(s) 'news_full_medallion_pipeline' retrieved from /opt/airflow/dags/news_pipeline_dag.py
[2026-08-26T10:19:18.920+0000] {logging_mixin.py:188} INFO - [2026-08-26T10:19:18.920+0000] {dag.py:3036} INFO - Sync 1 DAGs
[2026-08-26T10:19:18.928+0000] {logging_mixin.py:188} INFO - [2026-08-26T10:19:18.928+0000] {dag.py:3823} INFO - Setting next_dagrun for news_full_medallion_pipeline to None, run_after=None
[2026-08-26T10:19:18.956+0000] {processor.py:183} INFO - Processing /opt/airflow/dags/news_pipeline_dag.py took 0.974 seconds
[2026-08-26T10:19:49.079+0000] {processor.py:161} INFO - Started process (PID=149) to work on /opt/airflow/dags/news_pipeline_dag.py
[2026-08-26T10:19:49.079+0000] {processor.py:830} INFO - Processing file /opt/airflow/dags/news_pipeline_dag.py for tasks to queue
[2026-08-26T10:19:49.080+0000] {logging_mixin.py:188} INFO - [2026-08-26T10:19:49.080+0000] {dagbag.py:538} INFO - Filling up the DagBag from /opt/airflow/dags/news_pipeline_dag.py
[2026-08-26T10:19:49.993+0000] {logging_mixin.py:188} WARNING - /opt/airflow/project_code/data_processing/enrich_data.py:3 FutureWarning: 

All support for the `google.generativeai` package has ended. It will no longer be receiving
updates or bug fixes. Please switch to the `google.genai` package as soon as possible.
See README for more details:

https://github.com/google-gemini/deprecated-generative-ai-python/blob/main/README.md
[2026-08-26T10:19:49.998+0000] {processor.py:840} INFO - DAG(s) 'news_full_medallion_pipeline' retrieved from /opt/airflow/dags/news_pipeline_dag.py
[2026-08-26T10:19:50.016+0000] {logging_mixin.py:188} INFO - [2026-08-26T10:19:50.016+0000] {dag.py:3036} INFO - Sync 1 DAGs
[2026-08-26T10:19:50.024+0000] {logging_mixin.py:188} INFO - [2026-08-26T10:19:50.024+0000] {dag.py:3823} INFO - Setting next_dagrun for news_full_medallion_pipeline to None, run_after=None
[2026-08-26T10:19:50.036+0000] {processor.py:183} INFO - Processing /opt/airflow/dags/news_pipeline_dag.py took 0.960 seconds
[2026-08-26T10:20:20.149+0000] {processor.py:161} INFO - Started process (PID=152) to work on /opt/airflow/dags/news_pipeline_dag.py
[2026-08-26T10:20:20.150+0000] {processor.py:830} INFO - Processing file /opt/airflow/dags/news_pipeline_dag.py for tasks to queue
[2026-08-26T10:20:20.150+0000] {logging_mixin.py:188} INFO - [2026-08-26T10:20:20.150+0000] {dagbag.py:538} INFO - Filling up the DagBag from /opt/airflow/dags/news_pipeline_dag.py
[2026-08-26T10:20:20.988+0000] {logging_mixin.py:188} WARNING - /opt/airflow/project_code/data_processing/enrich_data.py:3 FutureWarning: 

All support for the `google.generativeai` package has ended. It will no longer be receiving
updates or bug fixes. Please switch to the `google.genai` package as soon as possible.
See README for more details:

https://github.com/google-gemini/deprecated-generative-ai-python/blob/main/README.md
[2026-08-26T10:20:20.993+0000] {processor.py:840} INFO - DAG(s) 'news_full_medallion_pipeline' retrieved from /opt/airflow/dags/news_pipeline_dag.py
[2026-08-26T10:20:21.011+0000] {logging_mixin.py:188} INFO - [2026-08-26T10:20:21.011+0000] {dag.py:3036} INFO - Sync 1 DAGs
[2026-08-26T10:20:21.019+0000] {logging_mixin.py:188} INFO - [2026-08-26T10:20:21.018+0000] {dag.py:3823} INFO - Setting next_dagrun for news_full_medallion_pipeline to None, run_after=None
[2026-08-26T10:20:21.031+0000] {processor.py:183} INFO - Processing /opt/airflow/dags/news_pipeline_dag.py took 0.885 seconds
[2026-08-26T10:20:51.143+0000] {processor.py:161} INFO - Started process (PID=155) to work on /opt/airflow/dags/news_pipeline_dag.py
[2026-08-26T10:20:51.144+0000] {processor.py:830} INFO - Processing file /opt/airflow/dags/news_pipeline_dag.py for tasks to queue
[2026-08-26T10:20:51.145+0000] {logging_mixin.py:188} INFO - [2026-08-26T10:20:51.144+0000] {dagbag.py:538} INFO - Filling up the DagBag from /opt/airflow/dags/news_pipeline_dag.py
[2026-08-26T10:20:51.974+0000] {logging_mixin.py:188} WARNING - /opt/airflow/project_code/data_processing/enrich_data.py:3 FutureWarning: 

All support for the `google.generativeai` package has ended. It will no longer be receiving
updates or bug fixes. Please switch to the `google.genai` package as soon as possible.
See README for more details:

https://github.com/google-gemini/deprecated-generative-ai-python/blob/main/README.md
[2026-08-26T10:20:51.982+0000] {processor.py:840} INFO - DAG(s) 'news_full_medallion_pipeline' retrieved from /opt/airflow/dags/news_pipeline_dag.py
[2026-08-26T10:20:52.010+0000] {logging_mixin.py:188} INFO - [2026-08-26T10:20:52.010+0000] {dag.py:3036} INFO - Sync 1 DAGs
[2026-08-26T10:20:52.018+0000] {logging_mixin.py:188} INFO - [2026-08-26T10:20:52.018+0000] {dag.py:3823} INFO - Setting next_dagrun for news_full_medallion_pipeline to None, run_after=None
[2026-08-26T10:20:52.032+0000] {processor.py:183} INFO - Processing /opt/airflow/dags/news_pipeline_dag.py took 0.891 seconds
[2026-08-26T10:21:22.142+0000] {processor.py:161} INFO - Started process (PID=158) to work on /opt/airflow/dags/news_pipeline_dag.py
[2026-08-26T10:21:22.143+0000] {processor.py:830} INFO - Processing file /opt/airflow/dags/news_pipeline_dag.py for tasks to queue
[2026-08-26T10:21:22.144+0000] {logging_mixin.py:188} INFO - [2026-08-26T10:21:22.143+0000] {dagbag.py:538} INFO - Filling up the DagBag from /opt/airflow/dags/news_pipeline_dag.py
[2026-08-26T10:21:22.968+0000] {logging_mixin.py:188} WARNING - /opt/airflow/project_code/data_processing/enrich_data.py:3 FutureWarning: 

All support for the `google.generativeai` package has ended. It will no longer be receiving
updates or bug fixes. Please switch to the `google.genai` package as soon as possible.
See README for more details:

https://github.com/google-gemini/deprecated-generative-ai-python/blob/main/README.md
[2026-08-26T10:21:22.973+0000] {processor.py:840} INFO - DAG(s) 'news_full_medallion_pipeline' retrieved from /opt/airflow/dags/news_pipeline_dag.py
[2026-08-26T10:21:22.991+0000] {logging_mixin.py:188} INFO - [2026-08-26T10:21:22.991+0000] {dag.py:3036} INFO - Sync 1 DAGs
[2026-08-26T10:21:23.000+0000] {logging_mixin.py:188} INFO - [2026-08-26T10:21:23.000+0000] {dag.py:3823} INFO - Setting next_dagrun for news_full_medallion_pipeline to None, run_after=None
[2026-08-26T10:21:23.012+0000] {processor.py:183} INFO - Processing /opt/airflow/dags/news_pipeline_dag.py took 0.872 seconds
[2026-08-26T10:21:53.156+0000] {processor.py:161} INFO - Started process (PID=161) to work on /opt/airflow/dags/news_pipeline_dag.py
[2026-08-26T10:21:53.159+0000] {processor.py:830} INFO - Processing file /opt/airflow/dags/news_pipeline_dag.py for tasks to queue
[2026-08-26T10:21:53.160+0000] {logging_mixin.py:188} INFO - [2026-08-26T10:21:53.160+0000] {dagbag.py:538} INFO - Filling up the DagBag from /opt/airflow/dags/news_pipeline_dag.py
[2026-08-26T10:21:53.963+0000] {logging_mixin.py:188} WARNING - /opt/airflow/project_code/data_processing/enrich_data.py:3 FutureWarning: 

All support for the `google.generativeai` package has ended. It will no longer be receiving
updates or bug fixes. Please switch to the `google.genai` package as soon as possible.
See README for more details:

https://github.com/google-gemini/deprecated-generative-ai-python/blob/main/README.md
[2026-08-26T10:21:53.969+0000] {processor.py:840} INFO - DAG(s) 'news_full_medallion_pipeline' retrieved from /opt/airflow/dags/news_pipeline_dag.py
[2026-08-26T10:21:53.987+0000] {logging_mixin.py:188} INFO - [2026-08-26T10:21:53.987+0000] {dag.py:3036} INFO - Sync 1 DAGs
[2026-08-26T10:21:53.995+0000] {logging_mixin.py:188} INFO - [2026-08-26T10:21:53.995+0000] {dag.py:3823} INFO - Setting next_dagrun for news_full_medallion_pipeline to None, run_after=None
[2026-08-26T10:21:54.007+0000] {processor.py:183} INFO - Processing /opt/airflow/dags/news_pipeline_dag.py took 0.854 seconds
[2026-08-26T10:22:24.076+0000] {processor.py:161} INFO - Started process (PID=164) to work on /opt/airflow/dags/news_pipeline_dag.py
[2026-08-26T10:22:24.077+0000] {processor.py:830} INFO - Processing file /opt/airflow/dags/news_pipeline_dag.py for tasks to queue
[2026-08-26T10:22:24.078+0000] {logging_mixin.py:188} INFO - [2026-08-26T10:22:24.077+0000] {dagbag.py:538} INFO - Filling up the DagBag from /opt/airflow/dags/news_pipeline_dag.py
[2026-08-26T10:22:24.901+0000] {logging_mixin.py:188} WARNING - /opt/airflow/project_code/data_processing/enrich_data.py:3 FutureWarning: 

All support for the `google.generativeai` package has ended. It will no longer be receiving
updates or bug fixes. Please switch to the `google.genai` package as soon as possible.
See README for more details:

https://github.com/google-gemini/deprecated-generative-ai-python/blob/main/README.md
[2026-08-26T10:22:24.906+0000] {processor.py:840} INFO - DAG(s) 'news_full_medallion_pipeline' retrieved from /opt/airflow/dags/news_pipeline_dag.py
[2026-08-26T10:22:24.924+0000] {logging_mixin.py:188} INFO - [2026-08-26T10:22:24.924+0000] {dag.py:3036} INFO - Sync 1 DAGs
[2026-08-26T10:22:24.932+0000] {logging_mixin.py:188} INFO - [2026-08-26T10:22:24.932+0000] {dag.py:3823} INFO - Setting next_dagrun for news_full_medallion_pipeline to None, run_after=None
[2026-08-26T10:22:24.944+0000] {processor.py:183} INFO - Processing /opt/airflow/dags/news_pipeline_dag.py took 0.871 seconds
[2026-08-26T10:22:55.077+0000] {processor.py:161} INFO - Started process (PID=167) to work on /opt/airflow/dags/news_pipeline_dag.py
[2026-08-26T10:22:55.078+0000] {processor.py:830} INFO - Processing file /opt/airflow/dags/news_pipeline_dag.py for tasks to queue
[2026-08-26T10:22:55.079+0000] {logging_mixin.py:188} INFO - [2026-08-26T10:22:55.078+0000] {dagbag.py:538} INFO - Filling up the DagBag from /opt/airflow/dags/news_pipeline_dag.py
[2026-08-26T10:22:55.881+0000] {logging_mixin.py:188} WARNING - /opt/airflow/project_code/data_processing/enrich_data.py:3 FutureWarning: 

All support for the `google.generativeai` package has ended. It will no longer be receiving
updates or bug fixes. Please switch to the `google.genai` package as soon as possible.
See README for more details:

https://github.com/google-gemini/deprecated-generative-ai-python/blob/main/README.md
[2026-08-26T10:22:55.886+0000] {processor.py:840} INFO - DAG(s) 'news_full_medallion_pipeline' retrieved from /opt/airflow/dags/news_pipeline_dag.py
[2026-08-26T10:22:55.904+0000] {logging_mixin.py:188} INFO - [2026-08-26T10:22:55.904+0000] {dag.py:3036} INFO - Sync 1 DAGs
[2026-08-26T10:22:55.912+0000] {logging_mixin.py:188} INFO - [2026-08-26T10:22:55.912+0000] {dag.py:3823} INFO - Setting next_dagrun for news_full_medallion_pipeline to None, run_after=None
[2026-08-26T10:22:55.924+0000] {processor.py:183} INFO - Processing /opt/airflow/dags/news_pipeline_dag.py took 0.849 seconds
[2026-08-26T10:23:26.044+0000] {processor.py:161} INFO - Started process (PID=170) to work on /opt/airflow/dags/news_pipeline_dag.py
[2026-08-26T10:23:26.045+0000] {processor.py:830} INFO - Processing file /opt/airflow/dags/news_pipeline_dag.py for tasks to queue
[2026-08-26T10:23:26.045+0000] {logging_mixin.py:188} INFO - [2026-08-26T10:23:26.045+0000] {dagbag.py:538} INFO - Filling up the DagBag from /opt/airflow/dags/news_pipeline_dag.py
[2026-08-26T10:23:26.883+0000] {logging_mixin.py:188} WARNING - /opt/airflow/project_code/data_processing/enrich_data.py:3 FutureWarning: 

All support for the `google.generativeai` package has ended. It will no longer be receiving
updates or bug fixes. Please switch to the `google.genai` package as soon as possible.
See README for more details:

https://github.com/google-gemini/deprecated-generative-ai-python/blob/main/README.md
[2026-08-26T10:23:26.890+0000] {processor.py:840} INFO - DAG(s) 'news_full_medallion_pipeline' retrieved from /opt/airflow/dags/news_pipeline_dag.py
[2026-08-26T10:23:26.919+0000] {logging_mixin.py:188} INFO - [2026-08-26T10:23:26.918+0000] {dag.py:3036} INFO - Sync 1 DAGs
[2026-08-26T10:23:26.935+0000] {logging_mixin.py:188} INFO - [2026-08-26T10:23:26.935+0000] {dag.py:3823} INFO - Setting next_dagrun for news_full_medallion_pipeline to None, run_after=None
[2026-08-26T10:23:26.975+0000] {processor.py:183} INFO - Processing /opt/airflow/dags/news_pipeline_dag.py took 0.934 seconds
[2026-08-26T10:23:57.124+0000] {processor.py:161} INFO - Started process (PID=173) to work on /opt/airflow/dags/news_pipeline_dag.py
[2026-08-26T10:23:57.126+0000] {processor.py:830} INFO - Processing file /opt/airflow/dags/news_pipeline_dag.py for tasks to queue
[2026-08-26T10:23:57.127+0000] {logging_mixin.py:188} INFO - [2026-08-26T10:23:57.127+0000] {dagbag.py:538} INFO - Filling up the DagBag from /opt/airflow/dags/news_pipeline_dag.py
[2026-08-26T10:23:58.129+0000] {logging_mixin.py:188} WARNING - /opt/airflow/project_code/data_processing/enrich_data.py:3 FutureWarning: 

All support for the `google.generativeai` package has ended. It will no longer be receiving
updates or bug fixes. Please switch to the `google.genai` package as soon as possible.
See README for more details:

https://github.com/google-gemini/deprecated-generative-ai-python/blob/main/README.md
[2026-08-26T10:23:58.135+0000] {processor.py:840} INFO - DAG(s) 'news_full_medallion_pipeline' retrieved from /opt/airflow/dags/news_pipeline_dag.py
[2026-08-26T10:23:58.153+0000] {logging_mixin.py:188} INFO - [2026-08-26T10:23:58.153+0000] {dag.py:3036} INFO - Sync 1 DAGs
[2026-08-26T10:23:58.162+0000] {logging_mixin.py:188} INFO - [2026-08-26T10:23:58.162+0000] {dag.py:3823} INFO - Setting next_dagrun for news_full_medallion_pipeline to None, run_after=None
[2026-08-26T10:23:58.174+0000] {processor.py:183} INFO - Processing /opt/airflow/dags/news_pipeline_dag.py took 1.052 seconds
[2026-08-26T10:24:28.239+0000] {processor.py:161} INFO - Started process (PID=176) to work on /opt/airflow/dags/news_pipeline_dag.py
[2026-08-26T10:24:28.240+0000] {processor.py:830} INFO - Processing file /opt/airflow/dags/news_pipeline_dag.py for tasks to queue
[2026-08-26T10:24:28.241+0000] {logging_mixin.py:188} INFO - [2026-08-26T10:24:28.241+0000] {dagbag.py:538} INFO - Filling up the DagBag from /opt/airflow/dags/news_pipeline_dag.py
[2026-08-26T10:24:29.080+0000] {logging_mixin.py:188} WARNING - /opt/airflow/project_code/data_processing/enrich_data.py:3 FutureWarning: 

All support for the `google.generativeai` package has ended. It will no longer be receiving
updates or bug fixes. Please switch to the `google.genai` package as soon as possible.
See README for more details:

https://github.com/google-gemini/deprecated-generative-ai-python/blob/main/README.md
[2026-08-26T10:24:29.085+0000] {processor.py:840} INFO - DAG(s) 'news_full_medallion_pipeline' retrieved from /opt/airflow/dags/news_pipeline_dag.py
[2026-08-26T10:24:29.104+0000] {logging_mixin.py:188} INFO - [2026-08-26T10:24:29.104+0000] {dag.py:3036} INFO - Sync 1 DAGs
[2026-08-26T10:24:29.112+0000] {logging_mixin.py:188} INFO - [2026-08-26T10:24:29.112+0000] {dag.py:3823} INFO - Setting next_dagrun for news_full_medallion_pipeline to None, run_after=None
[2026-08-26T10:24:29.124+0000] {processor.py:183} INFO - Processing /opt/airflow/dags/news_pipeline_dag.py took 0.887 seconds
[2026-08-26T10:24:59.256+0000] {processor.py:161} INFO - Started process (PID=179) to work on /opt/airflow/dags/news_pipeline_dag.py
[2026-08-26T10:24:59.256+0000] {processor.py:830} INFO - Processing file /opt/airflow/dags/news_pipeline_dag.py for tasks to queue
[2026-08-26T10:24:59.257+0000] {logging_mixin.py:188} INFO - [2026-08-26T10:24:59.257+0000] {dagbag.py:538} INFO - Filling up the DagBag from /opt/airflow/dags/news_pipeline_dag.py
[2026-08-26T10:25:00.086+0000] {logging_mixin.py:188} WARNING - /opt/airflow/project_code/data_processing/enrich_data.py:3 FutureWarning: 

All support for the `google.generativeai` package has ended. It will no longer be receiving
updates or bug fixes. Please switch to the `google.genai` package as soon as possible.
See README for more details:

https://github.com/google-gemini/deprecated-generative-ai-python/blob/main/README.md
[2026-08-26T10:25:00.091+0000] {processor.py:840} INFO - DAG(s) 'news_full_medallion_pipeline' retrieved from /opt/airflow/dags/news_pipeline_dag.py
[2026-08-26T10:25:00.110+0000] {logging_mixin.py:188} INFO - [2026-08-26T10:25:00.110+0000] {dag.py:3036} INFO - Sync 1 DAGs
[2026-08-26T10:25:00.118+0000] {logging_mixin.py:188} INFO - [2026-08-26T10:25:00.118+0000] {dag.py:3823} INFO - Setting next_dagrun for news_full_medallion_pipeline to None, run_after=None
[2026-08-26T10:25:00.130+0000] {processor.py:183} INFO - Processing /opt/airflow/dags/news_pipeline_dag.py took 0.877 seconds
[2026-08-26T10:25:30.264+0000] {processor.py:161} INFO - Started process (PID=182) to work on /opt/airflow/dags/news_pipeline_dag.py
[2026-08-26T10:25:30.265+0000] {processor.py:830} INFO - Processing file /opt/airflow/dags/news_pipeline_dag.py for tasks to queue
[2026-08-26T10:25:30.266+0000] {logging_mixin.py:188} INFO - [2026-08-26T10:25:30.265+0000] {dagbag.py:538} INFO - Filling up the DagBag from /opt/airflow/dags/news_pipeline_dag.py
[2026-08-26T10:25:31.090+0000] {logging_mixin.py:188} WARNING - /opt/airflow/project_code/data_processing/enrich_data.py:3 FutureWarning: 

All support for the `google.generativeai` package has ended. It will no longer be receiving
updates or bug fixes. Please switch to the `google.genai` package as soon as possible.
See README for more details:

https://github.com/google-gemini/deprecated-generative-ai-python/blob/main/README.md
[2026-08-26T10:25:31.094+0000] {processor.py:840} INFO - DAG(s) 'news_full_medallion_pipeline' retrieved from /opt/airflow/dags/news_pipeline_dag.py
[2026-08-26T10:25:31.113+0000] {logging_mixin.py:188} INFO - [2026-08-26T10:25:31.113+0000] {dag.py:3036} INFO - Sync 1 DAGs
[2026-08-26T10:25:31.121+0000] {logging_mixin.py:188} INFO - [2026-08-26T10:25:31.121+0000] {dag.py:3823} INFO - Setting next_dagrun for news_full_medallion_pipeline to None, run_after=None
[2026-08-26T10:25:31.133+0000] {processor.py:183} INFO - Processing /opt/airflow/dags/news_pipeline_dag.py took 0.873 seconds
[2026-08-26T10:26:01.268+0000] {processor.py:161} INFO - Started process (PID=185) to work on /opt/airflow/dags/news_pipeline_dag.py
[2026-08-26T10:26:01.269+0000] {processor.py:830} INFO - Processing file /opt/airflow/dags/news_pipeline_dag.py for tasks to queue
[2026-08-26T10:26:01.269+0000] {logging_mixin.py:188} INFO - [2026-08-26T10:26:01.269+0000] {dagbag.py:538} INFO - Filling up the DagBag from /opt/airflow/dags/news_pipeline_dag.py
[2026-08-26T10:26:02.120+0000] {logging_mixin.py:188} WARNING - /opt/airflow/project_code/data_processing/enrich_data.py:3 FutureWarning: 

All support for the `google.generativeai` package has ended. It will no longer be receiving
updates or bug fixes. Please switch to the `google.genai` package as soon as possible.
See README for more details:

https://github.com/google-gemini/deprecated-generative-ai-python/blob/main/README.md
[2026-08-26T10:26:02.125+0000] {processor.py:840} INFO - DAG(s) 'news_full_medallion_pipeline' retrieved from /opt/airflow/dags/news_pipeline_dag.py
[2026-08-26T10:26:02.143+0000] {logging_mixin.py:188} INFO - [2026-08-26T10:26:02.143+0000] {dag.py:3036} INFO - Sync 1 DAGs
[2026-08-26T10:26:02.151+0000] {logging_mixin.py:188} INFO - [2026-08-26T10:26:02.151+0000] {dag.py:3823} INFO - Setting next_dagrun for news_full_medallion_pipeline to None, run_after=None
[2026-08-26T10:26:02.163+0000] {processor.py:183} INFO - Processing /opt/airflow/dags/news_pipeline_dag.py took 0.897 seconds
[2026-08-26T10:26:32.279+0000] {processor.py:161} INFO - Started process (PID=188) to work on /opt/airflow/dags/news_pipeline_dag.py
[2026-08-26T10:26:32.280+0000] {processor.py:830} INFO - Processing file /opt/airflow/dags/news_pipeline_dag.py for tasks to queue
[2026-08-26T10:26:32.280+0000] {logging_mixin.py:188} INFO - [2026-08-26T10:26:32.280+0000] {dagbag.py:538} INFO - Filling up the DagBag from /opt/airflow/dags/news_pipeline_dag.py
[2026-08-26T10:26:33.071+0000] {logging_mixin.py:188} WARNING - /opt/airflow/project_code/data_processing/enrich_data.py:3 FutureWarning: 

All support for the `google.generativeai` package has ended. It will no longer be receiving
updates or bug fixes. Please switch to the `google.genai` package as soon as possible.
See README for more details:

https://github.com/google-gemini/deprecated-generative-ai-python/blob/main/README.md
[2026-08-26T10:26:33.075+0000] {processor.py:840} INFO - DAG(s) 'news_full_medallion_pipeline' retrieved from /opt/airflow/dags/news_pipeline_dag.py
[2026-08-26T10:26:33.094+0000] {logging_mixin.py:188} INFO - [2026-08-26T10:26:33.093+0000] {dag.py:3036} INFO - Sync 1 DAGs
[2026-08-26T10:26:33.101+0000] {logging_mixin.py:188} INFO - [2026-08-26T10:26:33.101+0000] {dag.py:3823} INFO - Setting next_dagrun for news_full_medallion_pipeline to None, run_after=None
[2026-08-26T10:26:33.114+0000] {processor.py:183} INFO - Processing /opt/airflow/dags/news_pipeline_dag.py took 0.838 seconds
[2026-08-26T10:27:03.230+0000] {processor.py:161} INFO - Started process (PID=191) to work on /opt/airflow/dags/news_pipeline_dag.py
[2026-08-26T10:27:03.231+0000] {processor.py:830} INFO - Processing file /opt/airflow/dags/news_pipeline_dag.py for tasks to queue
[2026-08-26T10:27:03.232+0000] {logging_mixin.py:188} INFO - [2026-08-26T10:27:03.231+0000] {dagbag.py:538} INFO - Filling up the DagBag from /opt/airflow/dags/news_pipeline_dag.py
[2026-08-26T10:27:04.052+0000] {logging_mixin.py:188} WARNING - /opt/airflow/project_code/data_processing/enrich_data.py:3 FutureWarning: 

All support for the `google.generativeai` package has ended. It will no longer be receiving
updates or bug fixes. Please switch to the `google.genai` package as soon as possible.
See README for more details:

https://github.com/google-gemini/deprecated-generative-ai-python/blob/main/README.md
[2026-08-26T10:27:04.057+0000] {processor.py:840} INFO - DAG(s) 'news_full_medallion_pipeline' retrieved from /opt/airflow/dags/news_pipeline_dag.py
[2026-08-26T10:27:04.076+0000] {logging_mixin.py:188} INFO - [2026-08-26T10:27:04.075+0000] {dag.py:3036} INFO - Sync 1 DAGs
[2026-08-26T10:27:04.084+0000] {logging_mixin.py:188} INFO - [2026-08-26T10:27:04.084+0000] {dag.py:3823} INFO - Setting next_dagrun for news_full_medallion_pipeline to None, run_after=None
[2026-08-26T10:27:04.096+0000] {processor.py:183} INFO - Processing /opt/airflow/dags/news_pipeline_dag.py took 0.868 seconds
[2026-08-26T10:27:34.208+0000] {processor.py:161} INFO - Started process (PID=194) to work on /opt/airflow/dags/news_pipeline_dag.py
[2026-08-26T10:27:34.209+0000] {processor.py:830} INFO - Processing file /opt/airflow/dags/news_pipeline_dag.py for tasks to queue
[2026-08-26T10:27:34.210+0000] {logging_mixin.py:188} INFO - [2026-08-26T10:27:34.209+0000] {dagbag.py:538} INFO - Filling up the DagBag from /opt/airflow/dags/news_pipeline_dag.py
[2026-08-26T10:27:35.001+0000] {logging_mixin.py:188} WARNING - /opt/airflow/project_code/data_processing/enrich_data.py:3 FutureWarning: 

All support for the `google.generativeai` package has ended. It will no longer be receiving
updates or bug fixes. Please switch to the `google.genai` package as soon as possible.
See README for more details:

https://github.com/google-gemini/deprecated-generative-ai-python/blob/main/README.md
[2026-08-26T10:27:35.008+0000] {processor.py:840} INFO - DAG(s) 'news_full_medallion_pipeline' retrieved from /opt/airflow/dags/news_pipeline_dag.py
[2026-08-26T10:27:35.031+0000] {logging_mixin.py:188} INFO - [2026-08-26T10:27:35.030+0000] {dag.py:3036} INFO - Sync 1 DAGs
[2026-08-26T10:27:35.040+0000] {logging_mixin.py:188} INFO - [2026-08-26T10:27:35.040+0000] {dag.py:3823} INFO - Setting next_dagrun for news_full_medallion_pipeline to None, run_after=None
[2026-08-26T10:27:35.052+0000] {processor.py:183} INFO - Processing /opt/airflow/dags/news_pipeline_dag.py took 0.846 seconds
[2026-08-26T10:28:05.166+0000] {processor.py:161} INFO - Started process (PID=197) to work on /opt/airflow/dags/news_pipeline_dag.py
[2026-08-26T10:28:05.167+0000] {processor.py:830} INFO - Processing file /opt/airflow/dags/news_pipeline_dag.py for tasks to queue
[2026-08-26T10:28:05.168+0000] {logging_mixin.py:188} INFO - [2026-08-26T10:28:05.168+0000] {dagbag.py:538} INFO - Filling up the DagBag from /opt/airflow/dags/news_pipeline_dag.py
[2026-08-26T10:28:05.968+0000] {logging_mixin.py:188} WARNING - /opt/airflow/project_code/data_processing/enrich_data.py:3 FutureWarning: 

All support for the `google.generativeai` package has ended. It will no longer be receiving
updates or bug fixes. Please switch to the `google.genai` package as soon as possible.
See README for more details:

https://github.com/google-gemini/deprecated-generative-ai-python/blob/main/README.md
[2026-08-26T10:28:05.972+0000] {processor.py:840} INFO - DAG(s) 'news_full_medallion_pipeline' retrieved from /opt/airflow/dags/news_pipeline_dag.py
[2026-08-26T10:28:05.991+0000] {logging_mixin.py:188} INFO - [2026-08-26T10:28:05.990+0000] {dag.py:3036} INFO - Sync 1 DAGs
[2026-08-26T10:28:05.998+0000] {logging_mixin.py:188} INFO - [2026-08-26T10:28:05.998+0000] {dag.py:3823} INFO - Setting next_dagrun for news_full_medallion_pipeline to None, run_after=None
[2026-08-26T10:28:06.010+0000] {processor.py:183} INFO - Processing /opt/airflow/dags/news_pipeline_dag.py took 0.847 seconds
[2026-08-26T10:28:36.057+0000] {processor.py:161} INFO - Started process (PID=200) to work on /opt/airflow/dags/news_pipeline_dag.py
[2026-08-26T10:28:36.057+0000] {processor.py:830} INFO - Processing file /opt/airflow/dags/news_pipeline_dag.py for tasks to queue
[2026-08-26T10:28:36.058+0000] {logging_mixin.py:188} INFO - [2026-08-26T10:28:36.058+0000] {dagbag.py:538} INFO - Filling up the DagBag from /opt/airflow/dags/news_pipeline_dag.py
[2026-08-26T10:28:36.847+0000] {logging_mixin.py:188} WARNING - /opt/airflow/project_code/data_processing/enrich_data.py:3 FutureWarning: 

All support for the `google.generativeai` package has ended. It will no longer be receiving
updates or bug fixes. Please switch to the `google.genai` package as soon as possible.
See README for more details:

https://github.com/google-gemini/deprecated-generative-ai-python/blob/main/README.md
[2026-08-26T10:28:36.852+0000] {processor.py:840} INFO - DAG(s) 'news_full_medallion_pipeline' retrieved from /opt/airflow/dags/news_pipeline_dag.py
[2026-08-26T10:28:36.871+0000] {logging_mixin.py:188} INFO - [2026-08-26T10:28:36.871+0000] {dag.py:3036} INFO - Sync 1 DAGs
[2026-08-26T10:28:36.879+0000] {logging_mixin.py:188} INFO - [2026-08-26T10:28:36.878+0000] {dag.py:3823} INFO - Setting next_dagrun for news_full_medallion_pipeline to None, run_after=None
[2026-08-26T10:28:36.891+0000] {processor.py:183} INFO - Processing /opt/airflow/dags/news_pipeline_dag.py took 0.837 seconds
[2026-08-26T10:29:07.020+0000] {processor.py:161} INFO - Started process (PID=203) to work on /opt/airflow/dags/news_pipeline_dag.py
[2026-08-26T10:29:07.021+0000] {processor.py:830} INFO - Processing file /opt/airflow/dags/news_pipeline_dag.py for tasks to queue
[2026-08-26T10:29:07.021+0000] {logging_mixin.py:188} INFO - [2026-08-26T10:29:07.021+0000] {dagbag.py:538} INFO - Filling up the DagBag from /opt/airflow/dags/news_pipeline_dag.py
[2026-08-26T10:29:07.864+0000] {logging_mixin.py:188} WARNING - /opt/airflow/project_code/data_processing/enrich_data.py:3 FutureWarning: 

All support for the `google.generativeai` package has ended. It will no longer be receiving
updates or bug fixes. Please switch to the `google.genai` package as soon as possible.
See README for more details:

https://github.com/google-gemini/deprecated-generative-ai-python/blob/main/README.md
[2026-08-26T10:29:07.868+0000] {processor.py:840} INFO - DAG(s) 'news_full_medallion_pipeline' retrieved from /opt/airflow/dags/news_pipeline_dag.py
[2026-08-26T10:29:07.888+0000] {logging_mixin.py:188} INFO - [2026-08-26T10:29:07.888+0000] {dag.py:3036} INFO - Sync 1 DAGs
[2026-08-26T10:29:07.896+0000] {logging_mixin.py:188} INFO - [2026-08-26T10:29:07.895+0000] {dag.py:3823} INFO - Setting next_dagrun for news_full_medallion_pipeline to None, run_after=None
[2026-08-26T10:29:07.908+0000] {processor.py:183} INFO - Processing /opt/airflow/dags/news_pipeline_dag.py took 0.891 seconds
[2026-08-26T10:29:38.024+0000] {processor.py:161} INFO - Started process (PID=206) to work on /opt/airflow/dags/news_pipeline_dag.py
[2026-08-26T10:29:38.025+0000] {processor.py:830} INFO - Processing file /opt/airflow/dags/news_pipeline_dag.py for tasks to queue
[2026-08-26T10:29:38.026+0000] {logging_mixin.py:188} INFO - [2026-08-26T10:29:38.026+0000] {dagbag.py:538} INFO - Filling up the DagBag from /opt/airflow/dags/news_pipeline_dag.py
[2026-08-26T10:29:38.875+0000] {logging_mixin.py:188} WARNING - /opt/airflow/project_code/data_processing/enrich_data.py:3 FutureWarning: 

All support for the `google.generativeai` package has ended. It will no longer be receiving
updates or bug fixes. Please switch to the `google.genai` package as soon as possible.
See README for more details:

https://github.com/google-gemini/deprecated-generative-ai-python/blob/main/README.md
[2026-08-26T10:29:38.879+0000] {processor.py:840} INFO - DAG(s) 'news_full_medallion_pipeline' retrieved from /opt/airflow/dags/news_pipeline_dag.py
[2026-08-26T10:29:38.898+0000] {logging_mixin.py:188} INFO - [2026-08-26T10:29:38.897+0000] {dag.py:3036} INFO - Sync 1 DAGs
[2026-08-26T10:29:38.905+0000] {logging_mixin.py:188} INFO - [2026-08-26T10:29:38.905+0000] {dag.py:3823} INFO - Setting next_dagrun for news_full_medallion_pipeline to None, run_after=None
[2026-08-26T10:29:38.918+0000] {processor.py:183} INFO - Processing /opt/airflow/dags/news_pipeline_dag.py took 0.896 seconds
[2026-08-26T15:14:02.346+0000] {processor.py:161} INFO - Started process (PID=41) to work on /opt/airflow/dags/news_pipeline_dag.py
[2026-08-26T15:14:02.415+0000] {processor.py:830} INFO - Processing file /opt/airflow/dags/news_pipeline_dag.py for tasks to queue
[2026-08-26T15:14:02.420+0000] {logging_mixin.py:188} INFO - [2026-08-26T15:14:02.419+0000] {dagbag.py:538} INFO - Filling up the DagBag from /opt/airflow/dags/news_pipeline_dag.py
[2026-08-26T15:14:02.460+0000] {logging_mixin.py:188} INFO - [2026-08-26T15:14:02.451+0000] {dagbag.py:348} ERROR - Failed to import: /opt/airflow/dags/news_pipeline_dag.py
Traceback (most recent call last):
  File "/home/airflow/.local/lib/python3.11/site-packages/airflow/models/dagbag.py", line 344, in parse
    loader.exec_module(new_module)
  File "<frozen importlib._bootstrap_external>", line 936, in exec_module
  File "<frozen importlib._bootstrap_external>", line 1074, in get_code
  File "<frozen importlib._bootstrap_external>", line 1004, in source_to_code
  File "<frozen importlib._bootstrap>", line 241, in _call_with_frames_removed
  File "/opt/airflow/dags/news_pipeline_dag.py", line 8
    .
    ^
SyntaxError: invalid syntax
[2026-08-26T15:14:02.463+0000] {processor.py:842} WARNING - No viable dags retrieved from /opt/airflow/dags/news_pipeline_dag.py
[2026-08-26T15:14:02.575+0000] {processor.py:183} INFO - Processing /opt/airflow/dags/news_pipeline_dag.py took 0.251 seconds
[2026-08-26T15:14:32.696+0000] {processor.py:161} INFO - Started process (PID=42) to work on /opt/airflow/dags/news_pipeline_dag.py
[2026-08-26T15:14:32.697+0000] {processor.py:830} INFO - Processing file /opt/airflow/dags/news_pipeline_dag.py for tasks to queue
[2026-08-26T15:14:32.698+0000] {logging_mixin.py:188} INFO - [2026-08-26T15:14:32.697+0000] {dagbag.py:538} INFO - Filling up the DagBag from /opt/airflow/dags/news_pipeline_dag.py
[2026-08-26T15:14:32.703+0000] {logging_mixin.py:188} INFO - [2026-08-26T15:14:32.701+0000] {dagbag.py:348} ERROR - Failed to import: /opt/airflow/dags/news_pipeline_dag.py
Traceback (most recent call last):
  File "/home/airflow/.local/lib/python3.11/site-packages/airflow/models/dagbag.py", line 344, in parse
    loader.exec_module(new_module)
  File "<frozen importlib._bootstrap_external>", line 936, in exec_module
  File "<frozen importlib._bootstrap_external>", line 1074, in get_code
  File "<frozen importlib._bootstrap_external>", line 1004, in source_to_code
  File "<frozen importlib._bootstrap>", line 241, in _call_with_frames_removed
  File "/opt/airflow/dags/news_pipeline_dag.py", line 8
    .
    ^
SyntaxError: invalid syntax
[2026-08-26T15:14:32.704+0000] {processor.py:842} WARNING - No viable dags retrieved from /opt/airflow/dags/news_pipeline_dag.py
[2026-08-26T15:14:32.736+0000] {processor.py:183} INFO - Processing /opt/airflow/dags/news_pipeline_dag.py took 0.045 seconds
[2026-08-26T15:15:02.872+0000] {processor.py:161} INFO - Started process (PID=43) to work on /opt/airflow/dags/news_pipeline_dag.py
[2026-08-26T15:15:02.876+0000] {processor.py:830} INFO - Processing file /opt/airflow/dags/news_pipeline_dag.py for tasks to queue
[2026-08-26T15:15:02.876+0000] {logging_mixin.py:188} INFO - [2026-08-26T15:15:02.876+0000] {dagbag.py:538} INFO - Filling up the DagBag from /opt/airflow/dags/news_pipeline_dag.py
[2026-08-26T15:15:02.881+0000] {logging_mixin.py:188} INFO - [2026-08-26T15:15:02.879+0000] {dagbag.py:348} ERROR - Failed to import: /opt/airflow/dags/news_pipeline_dag.py
Traceback (most recent call last):
  File "/home/airflow/.local/lib/python3.11/site-packages/airflow/models/dagbag.py", line 344, in parse
    loader.exec_module(new_module)
  File "<frozen importlib._bootstrap_external>", line 936, in exec_module
  File "<frozen importlib._bootstrap_external>", line 1074, in get_code
  File "<frozen importlib._bootstrap_external>", line 1004, in source_to_code
  File "<frozen importlib._bootstrap>", line 241, in _call_with_frames_removed
  File "/opt/airflow/dags/news_pipeline_dag.py", line 8
    .
    ^
SyntaxError: invalid syntax
[2026-08-26T15:15:02.883+0000] {processor.py:842} WARNING - No viable dags retrieved from /opt/airflow/dags/news_pipeline_dag.py
[2026-08-26T15:15:02.907+0000] {processor.py:183} INFO - Processing /opt/airflow/dags/news_pipeline_dag.py took 0.043 seconds
[2026-08-26T15:15:32.993+0000] {processor.py:161} INFO - Started process (PID=44) to work on /opt/airflow/dags/news_pipeline_dag.py
[2026-08-26T15:15:32.994+0000] {processor.py:830} INFO - Processing file /opt/airflow/dags/news_pipeline_dag.py for tasks to queue
[2026-08-26T15:15:32.995+0000] {logging_mixin.py:188} INFO - [2026-08-26T15:15:32.994+0000] {dagbag.py:538} INFO - Filling up the DagBag from /opt/airflow/dags/news_pipeline_dag.py
[2026-08-26T15:15:32.998+0000] {logging_mixin.py:188} INFO - [2026-08-26T15:15:32.997+0000] {dagbag.py:348} ERROR - Failed to import: /opt/airflow/dags/news_pipeline_dag.py
Traceback (most recent call last):
  File "/home/airflow/.local/lib/python3.11/site-packages/airflow/models/dagbag.py", line 344, in parse
    loader.exec_module(new_module)
  File "<frozen importlib._bootstrap_external>", line 936, in exec_module
  File "<frozen importlib._bootstrap_external>", line 1074, in get_code
  File "<frozen importlib._bootstrap_external>", line 1004, in source_to_code
  File "<frozen importlib._bootstrap>", line 241, in _call_with_frames_removed
  File "/opt/airflow/dags/news_pipeline_dag.py", line 8
    .
    ^
SyntaxError: invalid syntax
[2026-08-26T15:15:32.999+0000] {processor.py:842} WARNING - No viable dags retrieved from /opt/airflow/dags/news_pipeline_dag.py
[2026-08-26T15:15:33.016+0000] {processor.py:183} INFO - Processing /opt/airflow/dags/news_pipeline_dag.py took 0.026 seconds
[2026-08-26T15:16:03.114+0000] {processor.py:161} INFO - Started process (PID=45) to work on /opt/airflow/dags/news_pipeline_dag.py
[2026-08-26T15:16:03.114+0000] {processor.py:830} INFO - Processing file /opt/airflow/dags/news_pipeline_dag.py for tasks to queue
[2026-08-26T15:16:03.116+0000] {logging_mixin.py:188} INFO - [2026-08-26T15:16:03.116+0000] {dagbag.py:538} INFO - Filling up the DagBag from /opt/airflow/dags/news_pipeline_dag.py
[2026-08-26T15:16:03.118+0000] {logging_mixin.py:188} INFO - [2026-08-26T15:16:03.117+0000] {dagbag.py:348} ERROR - Failed to import: /opt/airflow/dags/news_pipeline_dag.py
Traceback (most recent call last):
  File "/home/airflow/.local/lib/python3.11/site-packages/airflow/models/dagbag.py", line 344, in parse
    loader.exec_module(new_module)
  File "<frozen importlib._bootstrap_external>", line 936, in exec_module
  File "<frozen importlib._bootstrap_external>", line 1074, in get_code
  File "<frozen importlib._bootstrap_external>", line 1004, in source_to_code
  File "<frozen importlib._bootstrap>", line 241, in _call_with_frames_removed
  File "/opt/airflow/dags/news_pipeline_dag.py", line 8
    .
    ^
SyntaxError: invalid syntax
[2026-08-26T15:16:03.119+0000] {processor.py:842} WARNING - No viable dags retrieved from /opt/airflow/dags/news_pipeline_dag.py
[2026-08-26T15:16:03.136+0000] {processor.py:183} INFO - Processing /opt/airflow/dags/news_pipeline_dag.py took 0.025 seconds
[2026-08-26T15:16:33.222+0000] {processor.py:161} INFO - Started process (PID=46) to work on /opt/airflow/dags/news_pipeline_dag.py
[2026-08-26T15:16:33.223+0000] {processor.py:830} INFO - Processing file /opt/airflow/dags/news_pipeline_dag.py for tasks to queue
[2026-08-26T15:16:33.223+0000] {logging_mixin.py:188} INFO - [2026-08-26T15:16:33.223+0000] {dagbag.py:538} INFO - Filling up the DagBag from /opt/airflow/dags/news_pipeline_dag.py
[2026-08-26T15:16:33.227+0000] {logging_mixin.py:188} INFO - [2026-08-26T15:16:33.226+0000] {dagbag.py:348} ERROR - Failed to import: /opt/airflow/dags/news_pipeline_dag.py
Traceback (most recent call last):
  File "/home/airflow/.local/lib/python3.11/site-packages/airflow/models/dagbag.py", line 344, in parse
    loader.exec_module(new_module)
  File "<frozen importlib._bootstrap_external>", line 936, in exec_module
  File "<frozen importlib._bootstrap_external>", line 1074, in get_code
  File "<frozen importlib._bootstrap_external>", line 1004, in source_to_code
  File "<frozen importlib._bootstrap>", line 241, in _call_with_frames_removed
  File "/opt/airflow/dags/news_pipeline_dag.py", line 8
    .
    ^
SyntaxError: invalid syntax
[2026-08-26T15:16:33.227+0000] {processor.py:842} WARNING - No viable dags retrieved from /opt/airflow/dags/news_pipeline_dag.py
[2026-08-26T15:16:33.244+0000] {processor.py:183} INFO - Processing /opt/airflow/dags/news_pipeline_dag.py took 0.026 seconds
[2026-08-26T15:17:03.340+0000] {processor.py:161} INFO - Started process (PID=47) to work on /opt/airflow/dags/news_pipeline_dag.py
[2026-08-26T15:17:03.341+0000] {processor.py:830} INFO - Processing file /opt/airflow/dags/news_pipeline_dag.py for tasks to queue
[2026-08-26T15:17:03.342+0000] {logging_mixin.py:188} INFO - [2026-08-26T15:17:03.342+0000] {dagbag.py:538} INFO - Filling up the DagBag from /opt/airflow/dags/news_pipeline_dag.py
[2026-08-26T15:17:03.345+0000] {logging_mixin.py:188} INFO - [2026-08-26T15:17:03.344+0000] {dagbag.py:348} ERROR - Failed to import: /opt/airflow/dags/news_pipeline_dag.py
Traceback (most recent call last):
  File "/home/airflow/.local/lib/python3.11/site-packages/airflow/models/dagbag.py", line 344, in parse
    loader.exec_module(new_module)
  File "<frozen importlib._bootstrap_external>", line 936, in exec_module
  File "<frozen importlib._bootstrap_external>", line 1074, in get_code
  File "<frozen importlib._bootstrap_external>", line 1004, in source_to_code
  File "<frozen importlib._bootstrap>", line 241, in _call_with_frames_removed
  File "/opt/airflow/dags/news_pipeline_dag.py", line 8
    .
    ^
SyntaxError: invalid syntax
[2026-08-26T15:17:03.346+0000] {processor.py:842} WARNING - No viable dags retrieved from /opt/airflow/dags/news_pipeline_dag.py
[2026-08-26T15:17:03.367+0000] {processor.py:183} INFO - Processing /opt/airflow/dags/news_pipeline_dag.py took 0.031 seconds
[2026-08-26T15:17:33.458+0000] {processor.py:161} INFO - Started process (PID=48) to work on /opt/airflow/dags/news_pipeline_dag.py
[2026-08-26T15:17:33.459+0000] {processor.py:830} INFO - Processing file /opt/airflow/dags/news_pipeline_dag.py for tasks to queue
[2026-08-26T15:17:33.460+0000] {logging_mixin.py:188} INFO - [2026-08-26T15:17:33.460+0000] {dagbag.py:538} INFO - Filling up the DagBag from /opt/airflow/dags/news_pipeline_dag.py
[2026-08-26T15:17:33.464+0000] {logging_mixin.py:188} INFO - [2026-08-26T15:17:33.463+0000] {dagbag.py:348} ERROR - Failed to import: /opt/airflow/dags/news_pipeline_dag.py
Traceback (most recent call last):
  File "/home/airflow/.local/lib/python3.11/site-packages/airflow/models/dagbag.py", line 344, in parse
    loader.exec_module(new_module)
  File "<frozen importlib._bootstrap_external>", line 936, in exec_module
  File "<frozen importlib._bootstrap_external>", line 1074, in get_code
  File "<frozen importlib._bootstrap_external>", line 1004, in source_to_code
  File "<frozen importlib._bootstrap>", line 241, in _call_with_frames_removed
  File "/opt/airflow/dags/news_pipeline_dag.py", line 8
    .
    ^
SyntaxError: invalid syntax
[2026-08-26T15:17:33.464+0000] {processor.py:842} WARNING - No viable dags retrieved from /opt/airflow/dags/news_pipeline_dag.py
[2026-08-26T15:17:33.487+0000] {processor.py:183} INFO - Processing /opt/airflow/dags/news_pipeline_dag.py took 0.031 seconds
[2026-08-26T15:18:03.592+0000] {processor.py:161} INFO - Started process (PID=49) to work on /opt/airflow/dags/news_pipeline_dag.py
[2026-08-26T15:18:03.593+0000] {processor.py:830} INFO - Processing file /opt/airflow/dags/news_pipeline_dag.py for tasks to queue
[2026-08-26T15:18:03.593+0000] {logging_mixin.py:188} INFO - [2026-08-26T15:18:03.593+0000] {dagbag.py:538} INFO - Filling up the DagBag from /opt/airflow/dags/news_pipeline_dag.py
[2026-08-26T15:18:03.596+0000] {logging_mixin.py:188} INFO - [2026-08-26T15:18:03.595+0000] {dagbag.py:348} ERROR - Failed to import: /opt/airflow/dags/news_pipeline_dag.py
Traceback (most recent call last):
  File "/home/airflow/.local/lib/python3.11/site-packages/airflow/models/dagbag.py", line 344, in parse
    loader.exec_module(new_module)
  File "<frozen importlib._bootstrap_external>", line 936, in exec_module
  File "<frozen importlib._bootstrap_external>", line 1074, in get_code
  File "<frozen importlib._bootstrap_external>", line 1004, in source_to_code
  File "<frozen importlib._bootstrap>", line 241, in _call_with_frames_removed
  File "/opt/airflow/dags/news_pipeline_dag.py", line 8
    .
    ^
SyntaxError: invalid syntax
[2026-08-26T15:18:03.596+0000] {processor.py:842} WARNING - No viable dags retrieved from /opt/airflow/dags/news_pipeline_dag.py
[2026-08-26T15:18:03.612+0000] {processor.py:183} INFO - Processing /opt/airflow/dags/news_pipeline_dag.py took 0.025 seconds
[2026-08-26T15:18:33.705+0000] {processor.py:161} INFO - Started process (PID=50) to work on /opt/airflow/dags/news_pipeline_dag.py
[2026-08-26T15:18:33.706+0000] {processor.py:830} INFO - Processing file /opt/airflow/dags/news_pipeline_dag.py for tasks to queue
[2026-08-26T15:18:33.707+0000] {logging_mixin.py:188} INFO - [2026-08-26T15:18:33.706+0000] {dagbag.py:538} INFO - Filling up the DagBag from /opt/airflow/dags/news_pipeline_dag.py
[2026-08-26T15:18:33.709+0000] {logging_mixin.py:188} INFO - [2026-08-26T15:18:33.708+0000] {dagbag.py:348} ERROR - Failed to import: /opt/airflow/dags/news_pipeline_dag.py
Traceback (most recent call last):
  File "/home/airflow/.local/lib/python3.11/site-packages/airflow/models/dagbag.py", line 344, in parse
    loader.exec_module(new_module)
  File "<frozen importlib._bootstrap_external>", line 936, in exec_module
  File "<frozen importlib._bootstrap_external>", line 1074, in get_code
  File "<frozen importlib._bootstrap_external>", line 1004, in source_to_code
  File "<frozen importlib._bootstrap>", line 241, in _call_with_frames_removed
  File "/opt/airflow/dags/news_pipeline_dag.py", line 8
    .
    ^
SyntaxError: invalid syntax
[2026-08-26T15:18:33.710+0000] {processor.py:842} WARNING - No viable dags retrieved from /opt/airflow/dags/news_pipeline_dag.py
[2026-08-26T15:18:33.726+0000] {processor.py:183} INFO - Processing /opt/airflow/dags/news_pipeline_dag.py took 0.025 seconds
[2026-08-26T15:19:03.827+0000] {processor.py:161} INFO - Started process (PID=51) to work on /opt/airflow/dags/news_pipeline_dag.py
[2026-08-26T15:19:03.828+0000] {processor.py:830} INFO - Processing file /opt/airflow/dags/news_pipeline_dag.py for tasks to queue
[2026-08-26T15:19:03.830+0000] {logging_mixin.py:188} INFO - [2026-08-26T15:19:03.829+0000] {dagbag.py:538} INFO - Filling up the DagBag from /opt/airflow/dags/news_pipeline_dag.py
[2026-08-26T15:19:03.835+0000] {logging_mixin.py:188} INFO - [2026-08-26T15:19:03.834+0000] {dagbag.py:348} ERROR - Failed to import: /opt/airflow/dags/news_pipeline_dag.py
Traceback (most recent call last):
  File "/home/airflow/.local/lib/python3.11/site-packages/airflow/models/dagbag.py", line 344, in parse
    loader.exec_module(new_module)
  File "<frozen importlib._bootstrap_external>", line 936, in exec_module
  File "<frozen importlib._bootstrap_external>", line 1074, in get_code
  File "<frozen importlib._bootstrap_external>", line 1004, in source_to_code
  File "<frozen importlib._bootstrap>", line 241, in _call_with_frames_removed
  File "/opt/airflow/dags/news_pipeline_dag.py", line 8
    .
    ^
SyntaxError: invalid syntax
[2026-08-26T15:19:03.836+0000] {processor.py:842} WARNING - No viable dags retrieved from /opt/airflow/dags/news_pipeline_dag.py
[2026-08-26T15:19:03.873+0000] {processor.py:183} INFO - Processing /opt/airflow/dags/news_pipeline_dag.py took 0.052 seconds
[2026-08-26T15:19:15.010+0000] {processor.py:161} INFO - Started process (PID=52) to work on /opt/airflow/dags/news_pipeline_dag.py
[2026-08-26T15:19:15.011+0000] {processor.py:830} INFO - Processing file /opt/airflow/dags/news_pipeline_dag.py for tasks to queue
[2026-08-26T15:19:15.012+0000] {logging_mixin.py:188} INFO - [2026-08-26T15:19:15.011+0000] {dagbag.py:538} INFO - Filling up the DagBag from /opt/airflow/dags/news_pipeline_dag.py
[2026-08-26T15:19:20.603+0000] {logging_mixin.py:188} WARNING - /opt/airflow/project_code/data_processing/enrich_data.py:3 FutureWarning: 

All support for the `google.generativeai` package has ended. It will no longer be receiving
updates or bug fixes. Please switch to the `google.genai` package as soon as possible.
See README for more details:

https://github.com/google-gemini/deprecated-generative-ai-python/blob/main/README.md
[2026-08-26T15:19:20.662+0000] {processor.py:840} INFO - DAG(s) 'news_full_medallion_pipeline' retrieved from /opt/airflow/dags/news_pipeline_dag.py
[2026-08-26T15:19:21.116+0000] {logging_mixin.py:188} INFO - [2026-08-26T15:19:21.116+0000] {dag.py:3036} INFO - Sync 1 DAGs
[2026-08-26T15:19:21.124+0000] {logging_mixin.py:188} INFO - [2026-08-26T15:19:21.124+0000] {dag.py:3823} INFO - Setting next_dagrun for news_full_medallion_pipeline to None, run_after=None
[2026-08-26T15:19:21.149+0000] {processor.py:183} INFO - Processing /opt/airflow/dags/news_pipeline_dag.py took 6.142 seconds
[2026-08-26T15:19:51.279+0000] {processor.py:161} INFO - Started process (PID=55) to work on /opt/airflow/dags/news_pipeline_dag.py
[2026-08-26T15:19:51.282+0000] {processor.py:830} INFO - Processing file /opt/airflow/dags/news_pipeline_dag.py for tasks to queue
[2026-08-26T15:19:51.282+0000] {logging_mixin.py:188} INFO - [2026-08-26T15:19:51.282+0000] {dagbag.py:538} INFO - Filling up the DagBag from /opt/airflow/dags/news_pipeline_dag.py
[2026-08-26T15:19:52.282+0000] {logging_mixin.py:188} WARNING - /opt/airflow/project_code/data_processing/enrich_data.py:3 FutureWarning: 

All support for the `google.generativeai` package has ended. It will no longer be receiving
updates or bug fixes. Please switch to the `google.genai` package as soon as possible.
See README for more details:

https://github.com/google-gemini/deprecated-generative-ai-python/blob/main/README.md
[2026-08-26T15:19:52.289+0000] {processor.py:840} INFO - DAG(s) 'news_full_medallion_pipeline' retrieved from /opt/airflow/dags/news_pipeline_dag.py
[2026-08-26T15:19:52.315+0000] {logging_mixin.py:188} INFO - [2026-08-26T15:19:52.315+0000] {dag.py:3036} INFO - Sync 1 DAGs
[2026-08-26T15:19:52.327+0000] {logging_mixin.py:188} INFO - [2026-08-26T15:19:52.327+0000] {dag.py:3823} INFO - Setting next_dagrun for news_full_medallion_pipeline to None, run_after=None
[2026-08-26T15:19:52.341+0000] {processor.py:183} INFO - Processing /opt/airflow/dags/news_pipeline_dag.py took 1.065 seconds
[2026-08-26T15:20:22.391+0000] {processor.py:161} INFO - Started process (PID=58) to work on /opt/airflow/dags/news_pipeline_dag.py
[2026-08-26T15:20:22.392+0000] {processor.py:830} INFO - Processing file /opt/airflow/dags/news_pipeline_dag.py for tasks to queue
[2026-08-26T15:20:22.393+0000] {logging_mixin.py:188} INFO - [2026-08-26T15:20:22.393+0000] {dagbag.py:538} INFO - Filling up the DagBag from /opt/airflow/dags/news_pipeline_dag.py
[2026-08-26T15:20:23.416+0000] {logging_mixin.py:188} WARNING - /opt/airflow/project_code/data_processing/enrich_data.py:3 FutureWarning: 

All support for the `google.generativeai` package has ended. It will no longer be receiving
updates or bug fixes. Please switch to the `google.genai` package as soon as possible.
See README for more details:

https://github.com/google-gemini/deprecated-generative-ai-python/blob/main/README.md
[2026-08-26T15:20:23.421+0000] {processor.py:840} INFO - DAG(s) 'news_full_medallion_pipeline' retrieved from /opt/airflow/dags/news_pipeline_dag.py
[2026-08-26T15:20:23.440+0000] {logging_mixin.py:188} INFO - [2026-08-26T15:20:23.440+0000] {dag.py:3036} INFO - Sync 1 DAGs
[2026-08-26T15:20:23.450+0000] {logging_mixin.py:188} INFO - [2026-08-26T15:20:23.450+0000] {dag.py:3823} INFO - Setting next_dagrun for news_full_medallion_pipeline to None, run_after=None
[2026-08-26T15:20:23.468+0000] {processor.py:183} INFO - Processing /opt/airflow/dags/news_pipeline_dag.py took 1.079 seconds
[2026-08-26T15:20:53.568+0000] {processor.py:161} INFO - Started process (PID=61) to work on /opt/airflow/dags/news_pipeline_dag.py
[2026-08-26T15:20:53.569+0000] {processor.py:830} INFO - Processing file /opt/airflow/dags/news_pipeline_dag.py for tasks to queue
[2026-08-26T15:20:53.570+0000] {logging_mixin.py:188} INFO - [2026-08-26T15:20:53.569+0000] {dagbag.py:538} INFO - Filling up the DagBag from /opt/airflow/dags/news_pipeline_dag.py
[2026-08-26T15:20:54.445+0000] {logging_mixin.py:188} WARNING - /opt/airflow/project_code/data_processing/enrich_data.py:3 FutureWarning: 

All support for the `google.generativeai` package has ended. It will no longer be receiving
updates or bug fixes. Please switch to the `google.genai` package as soon as possible.
See README for more details:

https://github.com/google-gemini/deprecated-generative-ai-python/blob/main/README.md
[2026-08-26T15:20:54.450+0000] {processor.py:840} INFO - DAG(s) 'news_full_medallion_pipeline' retrieved from /opt/airflow/dags/news_pipeline_dag.py
[2026-08-26T15:20:54.470+0000] {logging_mixin.py:188} INFO - [2026-08-26T15:20:54.470+0000] {dag.py:3036} INFO - Sync 1 DAGs
[2026-08-26T15:20:54.481+0000] {logging_mixin.py:188} INFO - [2026-08-26T15:20:54.481+0000] {dag.py:3823} INFO - Setting next_dagrun for news_full_medallion_pipeline to None, run_after=None
[2026-08-26T15:20:54.495+0000] {processor.py:183} INFO - Processing /opt/airflow/dags/news_pipeline_dag.py took 0.930 seconds
[2026-08-26T15:21:24.627+0000] {processor.py:161} INFO - Started process (PID=64) to work on /opt/airflow/dags/news_pipeline_dag.py
[2026-08-26T15:21:24.627+0000] {processor.py:830} INFO - Processing file /opt/airflow/dags/news_pipeline_dag.py for tasks to queue
[2026-08-26T15:21:24.628+0000] {logging_mixin.py:188} INFO - [2026-08-26T15:21:24.628+0000] {dagbag.py:538} INFO - Filling up the DagBag from /opt/airflow/dags/news_pipeline_dag.py
[2026-08-26T15:21:25.498+0000] {logging_mixin.py:188} WARNING - /opt/airflow/project_code/data_processing/enrich_data.py:3 FutureWarning: 

All support for the `google.generativeai` package has ended. It will no longer be receiving
updates or bug fixes. Please switch to the `google.genai` package as soon as possible.
See README for more details:

https://github.com/google-gemini/deprecated-generative-ai-python/blob/main/README.md
[2026-08-26T15:21:25.503+0000] {processor.py:840} INFO - DAG(s) 'news_full_medallion_pipeline' retrieved from /opt/airflow/dags/news_pipeline_dag.py
[2026-08-26T15:21:25.521+0000] {logging_mixin.py:188} INFO - [2026-08-26T15:21:25.521+0000] {dag.py:3036} INFO - Sync 1 DAGs
[2026-08-26T15:21:25.529+0000] {logging_mixin.py:188} INFO - [2026-08-26T15:21:25.529+0000] {dag.py:3823} INFO - Setting next_dagrun for news_full_medallion_pipeline to None, run_after=None
[2026-08-26T15:21:25.541+0000] {processor.py:183} INFO - Processing /opt/airflow/dags/news_pipeline_dag.py took 0.918 seconds
[2026-08-26T15:21:55.686+0000] {processor.py:161} INFO - Started process (PID=67) to work on /opt/airflow/dags/news_pipeline_dag.py
[2026-08-26T15:21:55.687+0000] {processor.py:830} INFO - Processing file /opt/airflow/dags/news_pipeline_dag.py for tasks to queue
[2026-08-26T15:21:55.687+0000] {logging_mixin.py:188} INFO - [2026-08-26T15:21:55.687+0000] {dagbag.py:538} INFO - Filling up the DagBag from /opt/airflow/dags/news_pipeline_dag.py
[2026-08-26T15:21:56.543+0000] {logging_mixin.py:188} WARNING - /opt/airflow/project_code/data_processing/enrich_data.py:3 FutureWarning: 

All support for the `google.generativeai` package has ended. It will no longer be receiving
updates or bug fixes. Please switch to the `google.genai` package as soon as possible.
See README for more details:

https://github.com/google-gemini/deprecated-generative-ai-python/blob/main/README.md
[2026-08-26T15:21:56.548+0000] {processor.py:840} INFO - DAG(s) 'news_full_medallion_pipeline' retrieved from /opt/airflow/dags/news_pipeline_dag.py
[2026-08-26T15:21:56.567+0000] {logging_mixin.py:188} INFO - [2026-08-26T15:21:56.566+0000] {dag.py:3036} INFO - Sync 1 DAGs
[2026-08-26T15:21:56.576+0000] {logging_mixin.py:188} INFO - [2026-08-26T15:21:56.576+0000] {dag.py:3823} INFO - Setting next_dagrun for news_full_medallion_pipeline to None, run_after=None
[2026-08-26T15:21:56.590+0000] {processor.py:183} INFO - Processing /opt/airflow/dags/news_pipeline_dag.py took 0.908 seconds
[2026-08-26T15:22:26.721+0000] {processor.py:161} INFO - Started process (PID=70) to work on /opt/airflow/dags/news_pipeline_dag.py
[2026-08-26T15:22:26.721+0000] {processor.py:830} INFO - Processing file /opt/airflow/dags/news_pipeline_dag.py for tasks to queue
[2026-08-26T15:22:26.722+0000] {logging_mixin.py:188} INFO - [2026-08-26T15:22:26.722+0000] {dagbag.py:538} INFO - Filling up the DagBag from /opt/airflow/dags/news_pipeline_dag.py
[2026-08-26T15:22:27.738+0000] {logging_mixin.py:188} WARNING - /opt/airflow/project_code/data_processing/enrich_data.py:3 FutureWarning: 

All support for the `google.generativeai` package has ended. It will no longer be receiving
updates or bug fixes. Please switch to the `google.genai` package as soon as possible.
See README for more details:

https://github.com/google-gemini/deprecated-generative-ai-python/blob/main/README.md
[2026-08-26T15:22:27.743+0000] {processor.py:840} INFO - DAG(s) 'news_full_medallion_pipeline' retrieved from /opt/airflow/dags/news_pipeline_dag.py
[2026-08-26T15:22:27.761+0000] {logging_mixin.py:188} INFO - [2026-08-26T15:22:27.761+0000] {dag.py:3036} INFO - Sync 1 DAGs
[2026-08-26T15:22:27.769+0000] {logging_mixin.py:188} INFO - [2026-08-26T15:22:27.769+0000] {dag.py:3823} INFO - Setting next_dagrun for news_full_medallion_pipeline to None, run_after=None
[2026-08-26T15:22:27.784+0000] {processor.py:183} INFO - Processing /opt/airflow/dags/news_pipeline_dag.py took 1.065 seconds
[2026-08-26T15:22:57.837+0000] {processor.py:161} INFO - Started process (PID=73) to work on /opt/airflow/dags/news_pipeline_dag.py
[2026-08-26T15:22:57.838+0000] {processor.py:830} INFO - Processing file /opt/airflow/dags/news_pipeline_dag.py for tasks to queue
[2026-08-26T15:22:57.838+0000] {logging_mixin.py:188} INFO - [2026-08-26T15:22:57.838+0000] {dagbag.py:538} INFO - Filling up the DagBag from /opt/airflow/dags/news_pipeline_dag.py
[2026-08-26T15:22:58.863+0000] {logging_mixin.py:188} WARNING - /opt/airflow/project_code/data_processing/enrich_data.py:3 FutureWarning: 

All support for the `google.generativeai` package has ended. It will no longer be receiving
updates or bug fixes. Please switch to the `google.genai` package as soon as possible.
See README for more details:

https://github.com/google-gemini/deprecated-generative-ai-python/blob/main/README.md
[2026-08-26T15:22:58.868+0000] {processor.py:840} INFO - DAG(s) 'news_full_medallion_pipeline' retrieved from /opt/airflow/dags/news_pipeline_dag.py
[2026-08-26T15:22:58.890+0000] {logging_mixin.py:188} INFO - [2026-08-26T15:22:58.890+0000] {dag.py:3036} INFO - Sync 1 DAGs
[2026-08-26T15:22:58.906+0000] {logging_mixin.py:188} INFO - [2026-08-26T15:22:58.906+0000] {dag.py:3823} INFO - Setting next_dagrun for news_full_medallion_pipeline to None, run_after=None
[2026-08-26T15:22:58.924+0000] {processor.py:183} INFO - Processing /opt/airflow/dags/news_pipeline_dag.py took 1.089 seconds
[2026-08-26T15:23:29.008+0000] {processor.py:161} INFO - Started process (PID=76) to work on /opt/airflow/dags/news_pipeline_dag.py
[2026-08-26T15:23:29.008+0000] {processor.py:830} INFO - Processing file /opt/airflow/dags/news_pipeline_dag.py for tasks to queue
[2026-08-26T15:23:29.009+0000] {logging_mixin.py:188} INFO - [2026-08-26T15:23:29.009+0000] {dagbag.py:538} INFO - Filling up the DagBag from /opt/airflow/dags/news_pipeline_dag.py
[2026-08-26T15:23:29.873+0000] {logging_mixin.py:188} WARNING - /opt/airflow/project_code/data_processing/enrich_data.py:3 FutureWarning: 

All support for the `google.generativeai` package has ended. It will no longer be receiving
updates or bug fixes. Please switch to the `google.genai` package as soon as possible.
See README for more details:

https://github.com/google-gemini/deprecated-generative-ai-python/blob/main/README.md
[2026-08-26T15:23:29.879+0000] {processor.py:840} INFO - DAG(s) 'news_full_medallion_pipeline' retrieved from /opt/airflow/dags/news_pipeline_dag.py
[2026-08-26T15:23:29.901+0000] {logging_mixin.py:188} INFO - [2026-08-26T15:23:29.900+0000] {dag.py:3036} INFO - Sync 1 DAGs
[2026-08-26T15:23:29.908+0000] {logging_mixin.py:188} INFO - [2026-08-26T15:23:29.908+0000] {dag.py:3823} INFO - Setting next_dagrun for news_full_medallion_pipeline to None, run_after=None
[2026-08-26T15:23:29.921+0000] {processor.py:183} INFO - Processing /opt/airflow/dags/news_pipeline_dag.py took 0.916 seconds
[2026-08-26T15:24:00.058+0000] {processor.py:161} INFO - Started process (PID=79) to work on /opt/airflow/dags/news_pipeline_dag.py
[2026-08-26T15:24:00.058+0000] {processor.py:830} INFO - Processing file /opt/airflow/dags/news_pipeline_dag.py for tasks to queue
[2026-08-26T15:24:00.059+0000] {logging_mixin.py:188} INFO - [2026-08-26T15:24:00.059+0000] {dagbag.py:538} INFO - Filling up the DagBag from /opt/airflow/dags/news_pipeline_dag.py
[2026-08-26T15:24:00.954+0000] {logging_mixin.py:188} WARNING - /opt/airflow/project_code/data_processing/enrich_data.py:3 FutureWarning: 

All support for the `google.generativeai` package has ended. It will no longer be receiving
updates or bug fixes. Please switch to the `google.genai` package as soon as possible.
See README for more details:

https://github.com/google-gemini/deprecated-generative-ai-python/blob/main/README.md
[2026-08-26T15:24:00.964+0000] {processor.py:840} INFO - DAG(s) 'news_full_medallion_pipeline' retrieved from /opt/airflow/dags/news_pipeline_dag.py
[2026-08-26T15:24:00.997+0000] {logging_mixin.py:188} INFO - [2026-08-26T15:24:00.997+0000] {dag.py:3036} INFO - Sync 1 DAGs
[2026-08-26T15:24:01.009+0000] {logging_mixin.py:188} INFO - [2026-08-26T15:24:01.008+0000] {dag.py:3823} INFO - Setting next_dagrun for news_full_medallion_pipeline to None, run_after=None
[2026-08-26T15:24:01.024+0000] {processor.py:183} INFO - Processing /opt/airflow/dags/news_pipeline_dag.py took 0.969 seconds
[2026-08-26T15:24:31.177+0000] {processor.py:161} INFO - Started process (PID=82) to work on /opt/airflow/dags/news_pipeline_dag.py
[2026-08-26T15:24:31.179+0000] {processor.py:830} INFO - Processing file /opt/airflow/dags/news_pipeline_dag.py for tasks to queue
[2026-08-26T15:24:31.180+0000] {logging_mixin.py:188} INFO - [2026-08-26T15:24:31.180+0000] {dagbag.py:538} INFO - Filling up the DagBag from /opt/airflow/dags/news_pipeline_dag.py
[2026-08-26T15:24:32.116+0000] {logging_mixin.py:188} WARNING - /opt/airflow/project_code/data_processing/enrich_data.py:3 FutureWarning: 

All support for the `google.generativeai` package has ended. It will no longer be receiving
updates or bug fixes. Please switch to the `google.genai` package as soon as possible.
See README for more details:

https://github.com/google-gemini/deprecated-generative-ai-python/blob/main/README.md
[2026-08-26T15:24:32.121+0000] {processor.py:840} INFO - DAG(s) 'news_full_medallion_pipeline' retrieved from /opt/airflow/dags/news_pipeline_dag.py
[2026-08-26T15:24:32.140+0000] {logging_mixin.py:188} INFO - [2026-08-26T15:24:32.140+0000] {dag.py:3036} INFO - Sync 1 DAGs
[2026-08-26T15:24:32.148+0000] {logging_mixin.py:188} INFO - [2026-08-26T15:24:32.148+0000] {dag.py:3823} INFO - Setting next_dagrun for news_full_medallion_pipeline to None, run_after=None
[2026-08-26T15:24:32.164+0000] {processor.py:183} INFO - Processing /opt/airflow/dags/news_pipeline_dag.py took 0.991 seconds
[2026-08-26T15:25:02.293+0000] {processor.py:161} INFO - Started process (PID=85) to work on /opt/airflow/dags/news_pipeline_dag.py
[2026-08-26T15:25:02.294+0000] {processor.py:830} INFO - Processing file /opt/airflow/dags/news_pipeline_dag.py for tasks to queue
[2026-08-26T15:25:02.294+0000] {logging_mixin.py:188} INFO - [2026-08-26T15:25:02.294+0000] {dagbag.py:538} INFO - Filling up the DagBag from /opt/airflow/dags/news_pipeline_dag.py
[2026-08-26T15:25:03.162+0000] {logging_mixin.py:188} WARNING - /opt/airflow/project_code/data_processing/enrich_data.py:3 FutureWarning: 

All support for the `google.generativeai` package has ended. It will no longer be receiving
updates or bug fixes. Please switch to the `google.genai` package as soon as possible.
See README for more details:

https://github.com/google-gemini/deprecated-generative-ai-python/blob/main/README.md
[2026-08-26T15:25:03.167+0000] {processor.py:840} INFO - DAG(s) 'news_full_medallion_pipeline' retrieved from /opt/airflow/dags/news_pipeline_dag.py
[2026-08-26T15:25:03.185+0000] {logging_mixin.py:188} INFO - [2026-08-26T15:25:03.185+0000] {dag.py:3036} INFO - Sync 1 DAGs
[2026-08-26T15:25:03.193+0000] {logging_mixin.py:188} INFO - [2026-08-26T15:25:03.193+0000] {dag.py:3823} INFO - Setting next_dagrun for news_full_medallion_pipeline to None, run_after=None
[2026-08-26T15:25:03.206+0000] {processor.py:183} INFO - Processing /opt/airflow/dags/news_pipeline_dag.py took 0.916 seconds
[2026-08-26T15:25:33.353+0000] {processor.py:161} INFO - Started process (PID=88) to work on /opt/airflow/dags/news_pipeline_dag.py
[2026-08-26T15:25:33.354+0000] {processor.py:830} INFO - Processing file /opt/airflow/dags/news_pipeline_dag.py for tasks to queue
[2026-08-26T15:25:33.354+0000] {logging_mixin.py:188} INFO - [2026-08-26T15:25:33.354+0000] {dagbag.py:538} INFO - Filling up the DagBag from /opt/airflow/dags/news_pipeline_dag.py
[2026-08-26T15:25:34.271+0000] {logging_mixin.py:188} WARNING - /opt/airflow/project_code/data_processing/enrich_data.py:3 FutureWarning: 

All support for the `google.generativeai` package has ended. It will no longer be receiving
updates or bug fixes. Please switch to the `google.genai` package as soon as possible.
See README for more details:

https://github.com/google-gemini/deprecated-generative-ai-python/blob/main/README.md
[2026-08-26T15:25:34.276+0000] {processor.py:840} INFO - DAG(s) 'news_full_medallion_pipeline' retrieved from /opt/airflow/dags/news_pipeline_dag.py
[2026-08-26T15:25:34.300+0000] {logging_mixin.py:188} INFO - [2026-08-26T15:25:34.300+0000] {dag.py:3036} INFO - Sync 1 DAGs
[2026-08-26T15:25:34.308+0000] {logging_mixin.py:188} INFO - [2026-08-26T15:25:34.308+0000] {dag.py:3823} INFO - Setting next_dagrun for news_full_medallion_pipeline to None, run_after=None
[2026-08-26T15:25:34.324+0000] {processor.py:183} INFO - Processing /opt/airflow/dags/news_pipeline_dag.py took 0.975 seconds
[2026-08-26T15:26:04.456+0000] {processor.py:161} INFO - Started process (PID=91) to work on /opt/airflow/dags/news_pipeline_dag.py
[2026-08-26T15:26:04.457+0000] {processor.py:830} INFO - Processing file /opt/airflow/dags/news_pipeline_dag.py for tasks to queue
[2026-08-26T15:26:04.458+0000] {logging_mixin.py:188} INFO - [2026-08-26T15:26:04.458+0000] {dagbag.py:538} INFO - Filling up the DagBag from /opt/airflow/dags/news_pipeline_dag.py
[2026-08-26T15:26:05.358+0000] {logging_mixin.py:188} WARNING - /opt/airflow/project_code/data_processing/enrich_data.py:3 FutureWarning: 

All support for the `google.generativeai` package has ended. It will no longer be receiving
updates or bug fixes. Please switch to the `google.genai` package as soon as possible.
See README for more details:

https://github.com/google-gemini/deprecated-generative-ai-python/blob/main/README.md
[2026-08-26T15:26:05.363+0000] {processor.py:840} INFO - DAG(s) 'news_full_medallion_pipeline' retrieved from /opt/airflow/dags/news_pipeline_dag.py
[2026-08-26T15:26:05.387+0000] {logging_mixin.py:188} INFO - [2026-08-26T15:26:05.387+0000] {dag.py:3036} INFO - Sync 1 DAGs
[2026-08-26T15:26:05.398+0000] {logging_mixin.py:188} INFO - [2026-08-26T15:26:05.397+0000] {dag.py:3823} INFO - Setting next_dagrun for news_full_medallion_pipeline to None, run_after=None
[2026-08-26T15:26:05.412+0000] {processor.py:183} INFO - Processing /opt/airflow/dags/news_pipeline_dag.py took 0.958 seconds
[2026-08-26T15:26:35.542+0000] {processor.py:161} INFO - Started process (PID=94) to work on /opt/airflow/dags/news_pipeline_dag.py
[2026-08-26T15:26:35.543+0000] {processor.py:830} INFO - Processing file /opt/airflow/dags/news_pipeline_dag.py for tasks to queue
[2026-08-26T15:26:35.544+0000] {logging_mixin.py:188} INFO - [2026-08-26T15:26:35.543+0000] {dagbag.py:538} INFO - Filling up the DagBag from /opt/airflow/dags/news_pipeline_dag.py
[2026-08-26T15:26:36.401+0000] {logging_mixin.py:188} WARNING - /opt/airflow/project_code/data_processing/enrich_data.py:3 FutureWarning: 

All support for the `google.generativeai` package has ended. It will no longer be receiving
updates or bug fixes. Please switch to the `google.genai` package as soon as possible.
See README for more details:

https://github.com/google-gemini/deprecated-generative-ai-python/blob/main/README.md
[2026-08-26T15:26:36.406+0000] {processor.py:840} INFO - DAG(s) 'news_full_medallion_pipeline' retrieved from /opt/airflow/dags/news_pipeline_dag.py
[2026-08-26T15:26:36.426+0000] {logging_mixin.py:188} INFO - [2026-08-26T15:26:36.426+0000] {dag.py:3036} INFO - Sync 1 DAGs
[2026-08-26T15:26:36.434+0000] {logging_mixin.py:188} INFO - [2026-08-26T15:26:36.434+0000] {dag.py:3823} INFO - Setting next_dagrun for news_full_medallion_pipeline to None, run_after=None
[2026-08-26T15:26:36.446+0000] {processor.py:183} INFO - Processing /opt/airflow/dags/news_pipeline_dag.py took 0.907 seconds
[2026-08-26T15:27:06.584+0000] {processor.py:161} INFO - Started process (PID=97) to work on /opt/airflow/dags/news_pipeline_dag.py
[2026-08-26T15:27:06.585+0000] {processor.py:830} INFO - Processing file /opt/airflow/dags/news_pipeline_dag.py for tasks to queue
[2026-08-26T15:27:06.586+0000] {logging_mixin.py:188} INFO - [2026-08-26T15:27:06.585+0000] {dagbag.py:538} INFO - Filling up the DagBag from /opt/airflow/dags/news_pipeline_dag.py
[2026-08-26T15:27:07.460+0000] {logging_mixin.py:188} WARNING - /opt/airflow/project_code/data_processing/enrich_data.py:3 FutureWarning: 

All support for the `google.generativeai` package has ended. It will no longer be receiving
updates or bug fixes. Please switch to the `google.genai` package as soon as possible.
See README for more details:

https://github.com/google-gemini/deprecated-generative-ai-python/blob/main/README.md
[2026-08-26T15:27:07.465+0000] {processor.py:840} INFO - DAG(s) 'news_full_medallion_pipeline' retrieved from /opt/airflow/dags/news_pipeline_dag.py
[2026-08-26T15:27:07.491+0000] {logging_mixin.py:188} INFO - [2026-08-26T15:27:07.490+0000] {dag.py:3036} INFO - Sync 1 DAGs
[2026-08-26T15:27:07.500+0000] {logging_mixin.py:188} INFO - [2026-08-26T15:27:07.500+0000] {dag.py:3823} INFO - Setting next_dagrun for news_full_medallion_pipeline to None, run_after=None
[2026-08-26T15:27:07.514+0000] {processor.py:183} INFO - Processing /opt/airflow/dags/news_pipeline_dag.py took 0.932 seconds
[2026-08-26T15:27:37.653+0000] {processor.py:161} INFO - Started process (PID=100) to work on /opt/airflow/dags/news_pipeline_dag.py
[2026-08-26T15:27:37.654+0000] {processor.py:830} INFO - Processing file /opt/airflow/dags/news_pipeline_dag.py for tasks to queue
[2026-08-26T15:27:37.654+0000] {logging_mixin.py:188} INFO - [2026-08-26T15:27:37.654+0000] {dagbag.py:538} INFO - Filling up the DagBag from /opt/airflow/dags/news_pipeline_dag.py
[2026-08-26T15:27:38.494+0000] {logging_mixin.py:188} WARNING - /opt/airflow/project_code/data_processing/enrich_data.py:3 FutureWarning: 

All support for the `google.generativeai` package has ended. It will no longer be receiving
updates or bug fixes. Please switch to the `google.genai` package as soon as possible.
See README for more details:

https://github.com/google-gemini/deprecated-generative-ai-python/blob/main/README.md
[2026-08-26T15:27:38.499+0000] {processor.py:840} INFO - DAG(s) 'news_full_medallion_pipeline' retrieved from /opt/airflow/dags/news_pipeline_dag.py
[2026-08-26T15:27:38.525+0000] {logging_mixin.py:188} INFO - [2026-08-26T15:27:38.525+0000] {dag.py:3036} INFO - Sync 1 DAGs
[2026-08-26T15:27:38.536+0000] {logging_mixin.py:188} INFO - [2026-08-26T15:27:38.536+0000] {dag.py:3823} INFO - Setting next_dagrun for news_full_medallion_pipeline to None, run_after=None
[2026-08-26T15:27:38.549+0000] {processor.py:183} INFO - Processing /opt/airflow/dags/news_pipeline_dag.py took 0.899 seconds
[2026-08-26T15:28:08.683+0000] {processor.py:161} INFO - Started process (PID=103) to work on /opt/airflow/dags/news_pipeline_dag.py
[2026-08-26T15:28:08.684+0000] {processor.py:830} INFO - Processing file /opt/airflow/dags/news_pipeline_dag.py for tasks to queue
[2026-08-26T15:28:08.685+0000] {logging_mixin.py:188} INFO - [2026-08-26T15:28:08.685+0000] {dagbag.py:538} INFO - Filling up the DagBag from /opt/airflow/dags/news_pipeline_dag.py
[2026-08-26T15:28:09.549+0000] {logging_mixin.py:188} WARNING - /opt/airflow/project_code/data_processing/enrich_data.py:3 FutureWarning: 

All support for the `google.generativeai` package has ended. It will no longer be receiving
updates or bug fixes. Please switch to the `google.genai` package as soon as possible.
See README for more details:

https://github.com/google-gemini/deprecated-generative-ai-python/blob/main/README.md
[2026-08-26T15:28:09.554+0000] {processor.py:840} INFO - DAG(s) 'news_full_medallion_pipeline' retrieved from /opt/airflow/dags/news_pipeline_dag.py
[2026-08-26T15:28:09.573+0000] {logging_mixin.py:188} INFO - [2026-08-26T15:28:09.573+0000] {dag.py:3036} INFO - Sync 1 DAGs
[2026-08-26T15:28:09.587+0000] {logging_mixin.py:188} INFO - [2026-08-26T15:28:09.587+0000] {dag.py:3823} INFO - Setting next_dagrun for news_full_medallion_pipeline to None, run_after=None
[2026-08-26T15:28:09.616+0000] {processor.py:183} INFO - Processing /opt/airflow/dags/news_pipeline_dag.py took 0.936 seconds
[2026-08-26T15:28:39.754+0000] {processor.py:161} INFO - Started process (PID=106) to work on /opt/airflow/dags/news_pipeline_dag.py
[2026-08-26T15:28:39.755+0000] {processor.py:830} INFO - Processing file /opt/airflow/dags/news_pipeline_dag.py for tasks to queue
[2026-08-26T15:28:39.756+0000] {logging_mixin.py:188} INFO - [2026-08-26T15:28:39.756+0000] {dagbag.py:538} INFO - Filling up the DagBag from /opt/airflow/dags/news_pipeline_dag.py
[2026-08-26T15:28:40.644+0000] {logging_mixin.py:188} WARNING - /opt/airflow/project_code/data_processing/enrich_data.py:3 FutureWarning: 

All support for the `google.generativeai` package has ended. It will no longer be receiving
updates or bug fixes. Please switch to the `google.genai` package as soon as possible.
See README for more details:

https://github.com/google-gemini/deprecated-generative-ai-python/blob/main/README.md
[2026-08-26T15:28:40.648+0000] {processor.py:840} INFO - DAG(s) 'news_full_medallion_pipeline' retrieved from /opt/airflow/dags/news_pipeline_dag.py
[2026-08-26T15:28:40.667+0000] {logging_mixin.py:188} INFO - [2026-08-26T15:28:40.667+0000] {dag.py:3036} INFO - Sync 1 DAGs
[2026-08-26T15:28:40.677+0000] {logging_mixin.py:188} INFO - [2026-08-26T15:28:40.677+0000] {dag.py:3823} INFO - Setting next_dagrun for news_full_medallion_pipeline to None, run_after=None
[2026-08-26T15:28:40.692+0000] {processor.py:183} INFO - Processing /opt/airflow/dags/news_pipeline_dag.py took 0.940 seconds
[2026-08-26T15:29:10.834+0000] {processor.py:161} INFO - Started process (PID=109) to work on /opt/airflow/dags/news_pipeline_dag.py
[2026-08-26T15:29:10.835+0000] {processor.py:830} INFO - Processing file /opt/airflow/dags/news_pipeline_dag.py for tasks to queue
[2026-08-26T15:29:10.835+0000] {logging_mixin.py:188} INFO - [2026-08-26T15:29:10.835+0000] {dagbag.py:538} INFO - Filling up the DagBag from /opt/airflow/dags/news_pipeline_dag.py
[2026-08-26T15:29:11.748+0000] {logging_mixin.py:188} WARNING - /opt/airflow/project_code/data_processing/enrich_data.py:3 FutureWarning: 

All support for the `google.generativeai` package has ended. It will no longer be receiving
updates or bug fixes. Please switch to the `google.genai` package as soon as possible.
See README for more details:

https://github.com/google-gemini/deprecated-generative-ai-python/blob/main/README.md
[2026-08-26T15:29:11.753+0000] {processor.py:840} INFO - DAG(s) 'news_full_medallion_pipeline' retrieved from /opt/airflow/dags/news_pipeline_dag.py
[2026-08-26T15:29:11.772+0000] {logging_mixin.py:188} INFO - [2026-08-26T15:29:11.772+0000] {dag.py:3036} INFO - Sync 1 DAGs
[2026-08-26T15:29:11.783+0000] {logging_mixin.py:188} INFO - [2026-08-26T15:29:11.783+0000] {dag.py:3823} INFO - Setting next_dagrun for news_full_medallion_pipeline to None, run_after=None
[2026-08-26T15:29:11.797+0000] {processor.py:183} INFO - Processing /opt/airflow/dags/news_pipeline_dag.py took 0.966 seconds
[2026-08-26T15:29:41.924+0000] {processor.py:161} INFO - Started process (PID=112) to work on /opt/airflow/dags/news_pipeline_dag.py
[2026-08-26T15:29:41.924+0000] {processor.py:830} INFO - Processing file /opt/airflow/dags/news_pipeline_dag.py for tasks to queue
[2026-08-26T15:29:41.925+0000] {logging_mixin.py:188} INFO - [2026-08-26T15:29:41.925+0000] {dagbag.py:538} INFO - Filling up the DagBag from /opt/airflow/dags/news_pipeline_dag.py
[2026-08-26T15:29:42.800+0000] {logging_mixin.py:188} WARNING - /opt/airflow/project_code/data_processing/enrich_data.py:3 FutureWarning: 

All support for the `google.generativeai` package has ended. It will no longer be receiving
updates or bug fixes. Please switch to the `google.genai` package as soon as possible.
See README for more details:

https://github.com/google-gemini/deprecated-generative-ai-python/blob/main/README.md
[2026-08-26T15:29:42.805+0000] {processor.py:840} INFO - DAG(s) 'news_full_medallion_pipeline' retrieved from /opt/airflow/dags/news_pipeline_dag.py
[2026-08-26T15:29:42.824+0000] {logging_mixin.py:188} INFO - [2026-08-26T15:29:42.824+0000] {dag.py:3036} INFO - Sync 1 DAGs
[2026-08-26T15:29:42.832+0000] {logging_mixin.py:188} INFO - [2026-08-26T15:29:42.832+0000] {dag.py:3823} INFO - Setting next_dagrun for news_full_medallion_pipeline to None, run_after=None
[2026-08-26T15:29:42.844+0000] {processor.py:183} INFO - Processing /opt/airflow/dags/news_pipeline_dag.py took 0.923 seconds
[2026-08-26T15:30:12.965+0000] {processor.py:161} INFO - Started process (PID=115) to work on /opt/airflow/dags/news_pipeline_dag.py
[2026-08-26T15:30:12.966+0000] {processor.py:830} INFO - Processing file /opt/airflow/dags/news_pipeline_dag.py for tasks to queue
[2026-08-26T15:30:12.967+0000] {logging_mixin.py:188} INFO - [2026-08-26T15:30:12.967+0000] {dagbag.py:538} INFO - Filling up the DagBag from /opt/airflow/dags/news_pipeline_dag.py
[2026-08-26T15:30:13.851+0000] {logging_mixin.py:188} WARNING - /opt/airflow/project_code/data_processing/enrich_data.py:3 FutureWarning: 

All support for the `google.generativeai` package has ended. It will no longer be receiving
updates or bug fixes. Please switch to the `google.genai` package as soon as possible.
See README for more details:

https://github.com/google-gemini/deprecated-generative-ai-python/blob/main/README.md
[2026-08-26T15:30:13.856+0000] {processor.py:840} INFO - DAG(s) 'news_full_medallion_pipeline' retrieved from /opt/airflow/dags/news_pipeline_dag.py
[2026-08-26T15:30:13.876+0000] {logging_mixin.py:188} INFO - [2026-08-26T15:30:13.876+0000] {dag.py:3036} INFO - Sync 1 DAGs
[2026-08-26T15:30:13.885+0000] {logging_mixin.py:188} INFO - [2026-08-26T15:30:13.884+0000] {dag.py:3823} INFO - Setting next_dagrun for news_full_medallion_pipeline to None, run_after=None
[2026-08-26T15:30:13.897+0000] {processor.py:183} INFO - Processing /opt/airflow/dags/news_pipeline_dag.py took 0.934 seconds
[2026-08-26T15:30:44.030+0000] {processor.py:161} INFO - Started process (PID=118) to work on /opt/airflow/dags/news_pipeline_dag.py
[2026-08-26T15:30:44.031+0000] {processor.py:830} INFO - Processing file /opt/airflow/dags/news_pipeline_dag.py for tasks to queue
[2026-08-26T15:30:44.032+0000] {logging_mixin.py:188} INFO - [2026-08-26T15:30:44.031+0000] {dagbag.py:538} INFO - Filling up the DagBag from /opt/airflow/dags/news_pipeline_dag.py
[2026-08-26T15:30:44.928+0000] {logging_mixin.py:188} WARNING - /opt/airflow/project_code/data_processing/enrich_data.py:3 FutureWarning: 

All support for the `google.generativeai` package has ended. It will no longer be receiving
updates or bug fixes. Please switch to the `google.genai` package as soon as possible.
See README for more details:

https://github.com/google-gemini/deprecated-generative-ai-python/blob/main/README.md
[2026-08-26T15:30:44.933+0000] {processor.py:840} INFO - DAG(s) 'news_full_medallion_pipeline' retrieved from /opt/airflow/dags/news_pipeline_dag.py
[2026-08-26T15:30:44.957+0000] {logging_mixin.py:188} INFO - [2026-08-26T15:30:44.957+0000] {dag.py:3036} INFO - Sync 1 DAGs
[2026-08-26T15:30:44.967+0000] {logging_mixin.py:188} INFO - [2026-08-26T15:30:44.967+0000] {dag.py:3823} INFO - Setting next_dagrun for news_full_medallion_pipeline to None, run_after=None
[2026-08-26T15:30:44.988+0000] {processor.py:183} INFO - Processing /opt/airflow/dags/news_pipeline_dag.py took 0.960 seconds
[2026-08-26T15:31:15.124+0000] {processor.py:161} INFO - Started process (PID=121) to work on /opt/airflow/dags/news_pipeline_dag.py
[2026-08-26T15:31:15.125+0000] {processor.py:830} INFO - Processing file /opt/airflow/dags/news_pipeline_dag.py for tasks to queue
[2026-08-26T15:31:15.126+0000] {logging_mixin.py:188} INFO - [2026-08-26T15:31:15.125+0000] {dagbag.py:538} INFO - Filling up the DagBag from /opt/airflow/dags/news_pipeline_dag.py
[2026-08-26T15:31:15.998+0000] {logging_mixin.py:188} WARNING - /opt/airflow/project_code/data_processing/enrich_data.py:3 FutureWarning: 

All support for the `google.generativeai` package has ended. It will no longer be receiving
updates or bug fixes. Please switch to the `google.genai` package as soon as possible.
See README for more details:

https://github.com/google-gemini/deprecated-generative-ai-python/blob/main/README.md
[2026-08-26T15:31:16.005+0000] {processor.py:840} INFO - DAG(s) 'news_full_medallion_pipeline' retrieved from /opt/airflow/dags/news_pipeline_dag.py
[2026-08-26T15:31:16.027+0000] {logging_mixin.py:188} INFO - [2026-08-26T15:31:16.027+0000] {dag.py:3036} INFO - Sync 1 DAGs
[2026-08-26T15:31:16.035+0000] {logging_mixin.py:188} INFO - [2026-08-26T15:31:16.035+0000] {dag.py:3823} INFO - Setting next_dagrun for news_full_medallion_pipeline to None, run_after=None
[2026-08-26T15:31:16.048+0000] {processor.py:183} INFO - Processing /opt/airflow/dags/news_pipeline_dag.py took 0.927 seconds
[2026-08-26T15:31:46.167+0000] {processor.py:161} INFO - Started process (PID=124) to work on /opt/airflow/dags/news_pipeline_dag.py
[2026-08-26T15:31:46.167+0000] {processor.py:830} INFO - Processing file /opt/airflow/dags/news_pipeline_dag.py for tasks to queue
[2026-08-26T15:31:46.168+0000] {logging_mixin.py:188} INFO - [2026-08-26T15:31:46.168+0000] {dagbag.py:538} INFO - Filling up the DagBag from /opt/airflow/dags/news_pipeline_dag.py
[2026-08-26T15:31:47.031+0000] {logging_mixin.py:188} WARNING - /opt/airflow/project_code/data_processing/enrich_data.py:3 FutureWarning: 

All support for the `google.generativeai` package has ended. It will no longer be receiving
updates or bug fixes. Please switch to the `google.genai` package as soon as possible.
See README for more details:

https://github.com/google-gemini/deprecated-generative-ai-python/blob/main/README.md
[2026-08-26T15:31:47.036+0000] {processor.py:840} INFO - DAG(s) 'news_full_medallion_pipeline' retrieved from /opt/airflow/dags/news_pipeline_dag.py
[2026-08-26T15:31:47.054+0000] {logging_mixin.py:188} INFO - [2026-08-26T15:31:47.054+0000] {dag.py:3036} INFO - Sync 1 DAGs
[2026-08-26T15:31:47.063+0000] {logging_mixin.py:188} INFO - [2026-08-26T15:31:47.063+0000] {dag.py:3823} INFO - Setting next_dagrun for news_full_medallion_pipeline to None, run_after=None
[2026-08-26T15:31:47.079+0000] {processor.py:183} INFO - Processing /opt/airflow/dags/news_pipeline_dag.py took 0.915 seconds
[2026-08-26T15:32:17.207+0000] {processor.py:161} INFO - Started process (PID=127) to work on /opt/airflow/dags/news_pipeline_dag.py
[2026-08-26T15:32:17.208+0000] {processor.py:830} INFO - Processing file /opt/airflow/dags/news_pipeline_dag.py for tasks to queue
[2026-08-26T15:32:17.209+0000] {logging_mixin.py:188} INFO - [2026-08-26T15:32:17.209+0000] {dagbag.py:538} INFO - Filling up the DagBag from /opt/airflow/dags/news_pipeline_dag.py
[2026-08-26T15:32:18.208+0000] {logging_mixin.py:188} WARNING - /opt/airflow/project_code/data_processing/enrich_data.py:3 FutureWarning: 

All support for the `google.generativeai` package has ended. It will no longer be receiving
updates or bug fixes. Please switch to the `google.genai` package as soon as possible.
See README for more details:

https://github.com/google-gemini/deprecated-generative-ai-python/blob/main/README.md
[2026-08-26T15:32:18.212+0000] {processor.py:840} INFO - DAG(s) 'news_full_medallion_pipeline' retrieved from /opt/airflow/dags/news_pipeline_dag.py
[2026-08-26T15:32:18.232+0000] {logging_mixin.py:188} INFO - [2026-08-26T15:32:18.231+0000] {dag.py:3036} INFO - Sync 1 DAGs
[2026-08-26T15:32:18.239+0000] {logging_mixin.py:188} INFO - [2026-08-26T15:32:18.239+0000] {dag.py:3823} INFO - Setting next_dagrun for news_full_medallion_pipeline to None, run_after=None
[2026-08-26T15:32:18.252+0000] {processor.py:183} INFO - Processing /opt/airflow/dags/news_pipeline_dag.py took 1.048 seconds
[2026-08-26T15:32:48.331+0000] {processor.py:161} INFO - Started process (PID=130) to work on /opt/airflow/dags/news_pipeline_dag.py
[2026-08-26T15:32:48.335+0000] {processor.py:830} INFO - Processing file /opt/airflow/dags/news_pipeline_dag.py for tasks to queue
[2026-08-26T15:32:48.338+0000] {logging_mixin.py:188} INFO - [2026-08-26T15:32:48.337+0000] {dagbag.py:538} INFO - Filling up the DagBag from /opt/airflow/dags/news_pipeline_dag.py
[2026-08-26T15:32:49.373+0000] {logging_mixin.py:188} WARNING - /opt/airflow/project_code/data_processing/enrich_data.py:3 FutureWarning: 

All support for the `google.generativeai` package has ended. It will no longer be receiving
updates or bug fixes. Please switch to the `google.genai` package as soon as possible.
See README for more details:

https://github.com/google-gemini/deprecated-generative-ai-python/blob/main/README.md
[2026-08-26T15:32:49.379+0000] {processor.py:840} INFO - DAG(s) 'news_full_medallion_pipeline' retrieved from /opt/airflow/dags/news_pipeline_dag.py
[2026-08-26T15:32:49.401+0000] {logging_mixin.py:188} INFO - [2026-08-26T15:32:49.401+0000] {dag.py:3036} INFO - Sync 1 DAGs
[2026-08-26T15:32:49.409+0000] {logging_mixin.py:188} INFO - [2026-08-26T15:32:49.408+0000] {dag.py:3823} INFO - Setting next_dagrun for news_full_medallion_pipeline to None, run_after=None
[2026-08-26T15:32:49.421+0000] {processor.py:183} INFO - Processing /opt/airflow/dags/news_pipeline_dag.py took 1.096 seconds
[2026-08-26T15:33:19.487+0000] {processor.py:161} INFO - Started process (PID=133) to work on /opt/airflow/dags/news_pipeline_dag.py
[2026-08-26T15:33:19.488+0000] {processor.py:830} INFO - Processing file /opt/airflow/dags/news_pipeline_dag.py for tasks to queue
[2026-08-26T15:33:19.489+0000] {logging_mixin.py:188} INFO - [2026-08-26T15:33:19.488+0000] {dagbag.py:538} INFO - Filling up the DagBag from /opt/airflow/dags/news_pipeline_dag.py
[2026-08-26T15:33:20.347+0000] {logging_mixin.py:188} WARNING - /opt/airflow/project_code/data_processing/enrich_data.py:3 FutureWarning: 

All support for the `google.generativeai` package has ended. It will no longer be receiving
updates or bug fixes. Please switch to the `google.genai` package as soon as possible.
See README for more details:

https://github.com/google-gemini/deprecated-generative-ai-python/blob/main/README.md
[2026-08-26T15:33:20.352+0000] {processor.py:840} INFO - DAG(s) 'news_full_medallion_pipeline' retrieved from /opt/airflow/dags/news_pipeline_dag.py
[2026-08-26T15:33:20.371+0000] {logging_mixin.py:188} INFO - [2026-08-26T15:33:20.371+0000] {dag.py:3036} INFO - Sync 1 DAGs
[2026-08-26T15:33:20.382+0000] {logging_mixin.py:188} INFO - [2026-08-26T15:33:20.382+0000] {dag.py:3823} INFO - Setting next_dagrun for news_full_medallion_pipeline to None, run_after=None
[2026-08-26T15:33:20.404+0000] {processor.py:183} INFO - Processing /opt/airflow/dags/news_pipeline_dag.py took 0.920 seconds
[2026-08-26T15:33:50.548+0000] {processor.py:161} INFO - Started process (PID=136) to work on /opt/airflow/dags/news_pipeline_dag.py
[2026-08-26T15:33:50.549+0000] {processor.py:830} INFO - Processing file /opt/airflow/dags/news_pipeline_dag.py for tasks to queue
[2026-08-26T15:33:50.549+0000] {logging_mixin.py:188} INFO - [2026-08-26T15:33:50.549+0000] {dagbag.py:538} INFO - Filling up the DagBag from /opt/airflow/dags/news_pipeline_dag.py
[2026-08-26T15:33:51.410+0000] {logging_mixin.py:188} WARNING - /opt/airflow/project_code/data_processing/enrich_data.py:3 FutureWarning: 

All support for the `google.generativeai` package has ended. It will no longer be receiving
updates or bug fixes. Please switch to the `google.genai` package as soon as possible.
See README for more details:

https://github.com/google-gemini/deprecated-generative-ai-python/blob/main/README.md
[2026-08-26T15:33:51.415+0000] {processor.py:840} INFO - DAG(s) 'news_full_medallion_pipeline' retrieved from /opt/airflow/dags/news_pipeline_dag.py
[2026-08-26T15:33:51.436+0000] {logging_mixin.py:188} INFO - [2026-08-26T15:33:51.436+0000] {dag.py:3036} INFO - Sync 1 DAGs
[2026-08-26T15:33:51.444+0000] {logging_mixin.py:188} INFO - [2026-08-26T15:33:51.444+0000] {dag.py:3823} INFO - Setting next_dagrun for news_full_medallion_pipeline to None, run_after=None
[2026-08-26T15:33:51.457+0000] {processor.py:183} INFO - Processing /opt/airflow/dags/news_pipeline_dag.py took 0.912 seconds
[2026-08-26T15:34:21.599+0000] {processor.py:161} INFO - Started process (PID=139) to work on /opt/airflow/dags/news_pipeline_dag.py
[2026-08-26T15:34:21.600+0000] {processor.py:830} INFO - Processing file /opt/airflow/dags/news_pipeline_dag.py for tasks to queue
[2026-08-26T15:34:21.600+0000] {logging_mixin.py:188} INFO - [2026-08-26T15:34:21.600+0000] {dagbag.py:538} INFO - Filling up the DagBag from /opt/airflow/dags/news_pipeline_dag.py
[2026-08-26T15:34:22.435+0000] {logging_mixin.py:188} WARNING - /opt/airflow/project_code/data_processing/enrich_data.py:3 FutureWarning: 

All support for the `google.generativeai` package has ended. It will no longer be receiving
updates or bug fixes. Please switch to the `google.genai` package as soon as possible.
See README for more details:

https://github.com/google-gemini/deprecated-generative-ai-python/blob/main/README.md
[2026-08-26T15:34:22.440+0000] {processor.py:840} INFO - DAG(s) 'news_full_medallion_pipeline' retrieved from /opt/airflow/dags/news_pipeline_dag.py
[2026-08-26T15:34:22.458+0000] {logging_mixin.py:188} INFO - [2026-08-26T15:34:22.458+0000] {dag.py:3036} INFO - Sync 1 DAGs
[2026-08-26T15:34:22.466+0000] {logging_mixin.py:188} INFO - [2026-08-26T15:34:22.466+0000] {dag.py:3823} INFO - Setting next_dagrun for news_full_medallion_pipeline to None, run_after=None
[2026-08-26T15:34:22.481+0000] {processor.py:183} INFO - Processing /opt/airflow/dags/news_pipeline_dag.py took 0.885 seconds
[2026-08-26T15:34:52.609+0000] {processor.py:161} INFO - Started process (PID=142) to work on /opt/airflow/dags/news_pipeline_dag.py
[2026-08-26T15:34:52.610+0000] {processor.py:830} INFO - Processing file /opt/airflow/dags/news_pipeline_dag.py for tasks to queue
[2026-08-26T15:34:52.610+0000] {logging_mixin.py:188} INFO - [2026-08-26T15:34:52.610+0000] {dagbag.py:538} INFO - Filling up the DagBag from /opt/airflow/dags/news_pipeline_dag.py
[2026-08-26T15:34:53.481+0000] {logging_mixin.py:188} WARNING - /opt/airflow/project_code/data_processing/enrich_data.py:3 FutureWarning: 

All support for the `google.generativeai` package has ended. It will no longer be receiving
updates or bug fixes. Please switch to the `google.genai` package as soon as possible.
See README for more details:

https://github.com/google-gemini/deprecated-generative-ai-python/blob/main/README.md
[2026-08-26T15:34:53.488+0000] {processor.py:840} INFO - DAG(s) 'news_full_medallion_pipeline' retrieved from /opt/airflow/dags/news_pipeline_dag.py
[2026-08-26T15:34:53.507+0000] {logging_mixin.py:188} INFO - [2026-08-26T15:34:53.506+0000] {dag.py:3036} INFO - Sync 1 DAGs
[2026-08-26T15:34:53.515+0000] {logging_mixin.py:188} INFO - [2026-08-26T15:34:53.515+0000] {dag.py:3823} INFO - Setting next_dagrun for news_full_medallion_pipeline to None, run_after=None
[2026-08-26T15:34:53.528+0000] {processor.py:183} INFO - Processing /opt/airflow/dags/news_pipeline_dag.py took 0.921 seconds
[2026-08-26T15:35:23.649+0000] {processor.py:161} INFO - Started process (PID=145) to work on /opt/airflow/dags/news_pipeline_dag.py
[2026-08-26T15:35:23.649+0000] {processor.py:830} INFO - Processing file /opt/airflow/dags/news_pipeline_dag.py for tasks to queue
[2026-08-26T15:35:23.650+0000] {logging_mixin.py:188} INFO - [2026-08-26T15:35:23.650+0000] {dagbag.py:538} INFO - Filling up the DagBag from /opt/airflow/dags/news_pipeline_dag.py
[2026-08-26T15:35:24.544+0000] {logging_mixin.py:188} WARNING - /opt/airflow/project_code/data_processing/enrich_data.py:3 FutureWarning: 

All support for the `google.generativeai` package has ended. It will no longer be receiving
updates or bug fixes. Please switch to the `google.genai` package as soon as possible.
See README for more details:

https://github.com/google-gemini/deprecated-generative-ai-python/blob/main/README.md
[2026-08-26T15:35:24.549+0000] {processor.py:840} INFO - DAG(s) 'news_full_medallion_pipeline' retrieved from /opt/airflow/dags/news_pipeline_dag.py
[2026-08-26T15:35:24.570+0000] {logging_mixin.py:188} INFO - [2026-08-26T15:35:24.570+0000] {dag.py:3036} INFO - Sync 1 DAGs
[2026-08-26T15:35:24.581+0000] {logging_mixin.py:188} INFO - [2026-08-26T15:35:24.580+0000] {dag.py:3823} INFO - Setting next_dagrun for news_full_medallion_pipeline to None, run_after=None
[2026-08-26T15:35:24.595+0000] {processor.py:183} INFO - Processing /opt/airflow/dags/news_pipeline_dag.py took 0.949 seconds
[2026-08-26T15:35:54.735+0000] {processor.py:161} INFO - Started process (PID=148) to work on /opt/airflow/dags/news_pipeline_dag.py
[2026-08-26T15:35:54.736+0000] {processor.py:830} INFO - Processing file /opt/airflow/dags/news_pipeline_dag.py for tasks to queue
[2026-08-26T15:35:54.737+0000] {logging_mixin.py:188} INFO - [2026-08-26T15:35:54.737+0000] {dagbag.py:538} INFO - Filling up the DagBag from /opt/airflow/dags/news_pipeline_dag.py
[2026-08-26T15:35:55.651+0000] {logging_mixin.py:188} WARNING - /opt/airflow/project_code/data_processing/enrich_data.py:3 FutureWarning: 

All support for the `google.generativeai` package has ended. It will no longer be receiving
updates or bug fixes. Please switch to the `google.genai` package as soon as possible.
See README for more details:

https://github.com/google-gemini/deprecated-generative-ai-python/blob/main/README.md
[2026-08-26T15:35:55.655+0000] {processor.py:840} INFO - DAG(s) 'news_full_medallion_pipeline' retrieved from /opt/airflow/dags/news_pipeline_dag.py
[2026-08-26T15:35:55.677+0000] {logging_mixin.py:188} INFO - [2026-08-26T15:35:55.677+0000] {dag.py:3036} INFO - Sync 1 DAGs
[2026-08-26T15:35:55.688+0000] {logging_mixin.py:188} INFO - [2026-08-26T15:35:55.688+0000] {dag.py:3823} INFO - Setting next_dagrun for news_full_medallion_pipeline to None, run_after=None
[2026-08-26T15:35:55.701+0000] {processor.py:183} INFO - Processing /opt/airflow/dags/news_pipeline_dag.py took 0.970 seconds
[2026-08-26T15:36:25.823+0000] {processor.py:161} INFO - Started process (PID=151) to work on /opt/airflow/dags/news_pipeline_dag.py
[2026-08-26T15:36:25.824+0000] {processor.py:830} INFO - Processing file /opt/airflow/dags/news_pipeline_dag.py for tasks to queue
[2026-08-26T15:36:25.825+0000] {logging_mixin.py:188} INFO - [2026-08-26T15:36:25.825+0000] {dagbag.py:538} INFO - Filling up the DagBag from /opt/airflow/dags/news_pipeline_dag.py
[2026-08-26T15:36:26.684+0000] {logging_mixin.py:188} WARNING - /opt/airflow/project_code/data_processing/enrich_data.py:3 FutureWarning: 

All support for the `google.generativeai` package has ended. It will no longer be receiving
updates or bug fixes. Please switch to the `google.genai` package as soon as possible.
See README for more details:

https://github.com/google-gemini/deprecated-generative-ai-python/blob/main/README.md
[2026-08-26T15:36:26.689+0000] {processor.py:840} INFO - DAG(s) 'news_full_medallion_pipeline' retrieved from /opt/airflow/dags/news_pipeline_dag.py
[2026-08-26T15:36:26.711+0000] {logging_mixin.py:188} INFO - [2026-08-26T15:36:26.711+0000] {dag.py:3036} INFO - Sync 1 DAGs
[2026-08-26T15:36:26.719+0000] {logging_mixin.py:188} INFO - [2026-08-26T15:36:26.719+0000] {dag.py:3823} INFO - Setting next_dagrun for news_full_medallion_pipeline to None, run_after=None
[2026-08-26T15:36:26.731+0000] {processor.py:183} INFO - Processing /opt/airflow/dags/news_pipeline_dag.py took 0.911 seconds
[2026-08-26T15:36:56.860+0000] {processor.py:161} INFO - Started process (PID=154) to work on /opt/airflow/dags/news_pipeline_dag.py
[2026-08-26T15:36:56.861+0000] {processor.py:830} INFO - Processing file /opt/airflow/dags/news_pipeline_dag.py for tasks to queue
[2026-08-26T15:36:56.862+0000] {logging_mixin.py:188} INFO - [2026-08-26T15:36:56.862+0000] {dagbag.py:538} INFO - Filling up the DagBag from /opt/airflow/dags/news_pipeline_dag.py
[2026-08-26T15:36:57.725+0000] {logging_mixin.py:188} WARNING - /opt/airflow/project_code/data_processing/enrich_data.py:3 FutureWarning: 

All support for the `google.generativeai` package has ended. It will no longer be receiving
updates or bug fixes. Please switch to the `google.genai` package as soon as possible.
See README for more details:

https://github.com/google-gemini/deprecated-generative-ai-python/blob/main/README.md
[2026-08-26T15:36:57.730+0000] {processor.py:840} INFO - DAG(s) 'news_full_medallion_pipeline' retrieved from /opt/airflow/dags/news_pipeline_dag.py
[2026-08-26T15:36:57.749+0000] {logging_mixin.py:188} INFO - [2026-08-26T15:36:57.748+0000] {dag.py:3036} INFO - Sync 1 DAGs
[2026-08-26T15:36:57.756+0000] {logging_mixin.py:188} INFO - [2026-08-26T15:36:57.756+0000] {dag.py:3823} INFO - Setting next_dagrun for news_full_medallion_pipeline to None, run_after=None
[2026-08-26T15:36:57.772+0000] {processor.py:183} INFO - Processing /opt/airflow/dags/news_pipeline_dag.py took 0.915 seconds
[2026-08-26T15:37:27.912+0000] {processor.py:161} INFO - Started process (PID=157) to work on /opt/airflow/dags/news_pipeline_dag.py
[2026-08-26T15:37:27.913+0000] {processor.py:830} INFO - Processing file /opt/airflow/dags/news_pipeline_dag.py for tasks to queue
[2026-08-26T15:37:27.914+0000] {logging_mixin.py:188} INFO - [2026-08-26T15:37:27.913+0000] {dagbag.py:538} INFO - Filling up the DagBag from /opt/airflow/dags/news_pipeline_dag.py
[2026-08-26T15:37:28.859+0000] {logging_mixin.py:188} WARNING - /opt/airflow/project_code/data_processing/enrich_data.py:3 FutureWarning: 

All support for the `google.generativeai` package has ended. It will no longer be receiving
updates or bug fixes. Please switch to the `google.genai` package as soon as possible.
See README for more details:

https://github.com/google-gemini/deprecated-generative-ai-python/blob/main/README.md
[2026-08-26T15:37:28.866+0000] {processor.py:840} INFO - DAG(s) 'news_full_medallion_pipeline' retrieved from /opt/airflow/dags/news_pipeline_dag.py
[2026-08-26T15:37:28.898+0000] {logging_mixin.py:188} INFO - [2026-08-26T15:37:28.897+0000] {dag.py:3036} INFO - Sync 1 DAGs
[2026-08-26T15:37:28.909+0000] {logging_mixin.py:188} INFO - [2026-08-26T15:37:28.909+0000] {dag.py:3823} INFO - Setting next_dagrun for news_full_medallion_pipeline to None, run_after=None
[2026-08-26T15:37:28.922+0000] {processor.py:183} INFO - Processing /opt/airflow/dags/news_pipeline_dag.py took 1.012 seconds
[2026-08-26T15:37:59.023+0000] {processor.py:161} INFO - Started process (PID=160) to work on /opt/airflow/dags/news_pipeline_dag.py
[2026-08-26T15:37:59.024+0000] {processor.py:830} INFO - Processing file /opt/airflow/dags/news_pipeline_dag.py for tasks to queue
[2026-08-26T15:37:59.024+0000] {logging_mixin.py:188} INFO - [2026-08-26T15:37:59.024+0000] {dagbag.py:538} INFO - Filling up the DagBag from /opt/airflow/dags/news_pipeline_dag.py
[2026-08-26T15:37:59.891+0000] {logging_mixin.py:188} WARNING - /opt/airflow/project_code/data_processing/enrich_data.py:3 FutureWarning: 

All support for the `google.generativeai` package has ended. It will no longer be receiving
updates or bug fixes. Please switch to the `google.genai` package as soon as possible.
See README for more details:

https://github.com/google-gemini/deprecated-generative-ai-python/blob/main/README.md
[2026-08-26T15:37:59.896+0000] {processor.py:840} INFO - DAG(s) 'news_full_medallion_pipeline' retrieved from /opt/airflow/dags/news_pipeline_dag.py
[2026-08-26T15:37:59.916+0000] {logging_mixin.py:188} INFO - [2026-08-26T15:37:59.916+0000] {dag.py:3036} INFO - Sync 1 DAGs
[2026-08-26T15:37:59.923+0000] {logging_mixin.py:188} INFO - [2026-08-26T15:37:59.923+0000] {dag.py:3823} INFO - Setting next_dagrun for news_full_medallion_pipeline to None, run_after=None
[2026-08-26T15:37:59.936+0000] {processor.py:183} INFO - Processing /opt/airflow/dags/news_pipeline_dag.py took 0.916 seconds
[2026-08-26T15:38:30.069+0000] {processor.py:161} INFO - Started process (PID=163) to work on /opt/airflow/dags/news_pipeline_dag.py
[2026-08-26T15:38:30.070+0000] {processor.py:830} INFO - Processing file /opt/airflow/dags/news_pipeline_dag.py for tasks to queue
[2026-08-26T15:38:30.070+0000] {logging_mixin.py:188} INFO - [2026-08-26T15:38:30.070+0000] {dagbag.py:538} INFO - Filling up the DagBag from /opt/airflow/dags/news_pipeline_dag.py
[2026-08-26T15:38:30.942+0000] {logging_mixin.py:188} WARNING - /opt/airflow/project_code/data_processing/enrich_data.py:3 FutureWarning: 

All support for the `google.generativeai` package has ended. It will no longer be receiving
updates or bug fixes. Please switch to the `google.genai` package as soon as possible.
See README for more details:

https://github.com/google-gemini/deprecated-generative-ai-python/blob/main/README.md
[2026-08-26T15:38:30.947+0000] {processor.py:840} INFO - DAG(s) 'news_full_medallion_pipeline' retrieved from /opt/airflow/dags/news_pipeline_dag.py
[2026-08-26T15:38:30.970+0000] {logging_mixin.py:188} INFO - [2026-08-26T15:38:30.970+0000] {dag.py:3036} INFO - Sync 1 DAGs
[2026-08-26T15:38:30.982+0000] {logging_mixin.py:188} INFO - [2026-08-26T15:38:30.982+0000] {dag.py:3823} INFO - Setting next_dagrun for news_full_medallion_pipeline to None, run_after=None
[2026-08-26T15:38:31.000+0000] {processor.py:183} INFO - Processing /opt/airflow/dags/news_pipeline_dag.py took 0.934 seconds
[2026-08-26T15:39:01.151+0000] {processor.py:161} INFO - Started process (PID=166) to work on /opt/airflow/dags/news_pipeline_dag.py
[2026-08-26T15:39:01.152+0000] {processor.py:830} INFO - Processing file /opt/airflow/dags/news_pipeline_dag.py for tasks to queue
[2026-08-26T15:39:01.153+0000] {logging_mixin.py:188} INFO - [2026-08-26T15:39:01.153+0000] {dagbag.py:538} INFO - Filling up the DagBag from /opt/airflow/dags/news_pipeline_dag.py
[2026-08-26T15:39:02.113+0000] {logging_mixin.py:188} WARNING - /opt/airflow/project_code/data_processing/enrich_data.py:3 FutureWarning: 

All support for the `google.generativeai` package has ended. It will no longer be receiving
updates or bug fixes. Please switch to the `google.genai` package as soon as possible.
See README for more details:

https://github.com/google-gemini/deprecated-generative-ai-python/blob/main/README.md
[2026-08-26T15:39:02.118+0000] {processor.py:840} INFO - DAG(s) 'news_full_medallion_pipeline' retrieved from /opt/airflow/dags/news_pipeline_dag.py
[2026-08-26T15:39:02.137+0000] {logging_mixin.py:188} INFO - [2026-08-26T15:39:02.137+0000] {dag.py:3036} INFO - Sync 1 DAGs
[2026-08-26T15:39:02.146+0000] {logging_mixin.py:188} INFO - [2026-08-26T15:39:02.146+0000] {dag.py:3823} INFO - Setting next_dagrun for news_full_medallion_pipeline to None, run_after=None
[2026-08-26T15:39:02.160+0000] {processor.py:183} INFO - Processing /opt/airflow/dags/news_pipeline_dag.py took 1.013 seconds
[2026-08-26T15:39:32.263+0000] {processor.py:161} INFO - Started process (PID=169) to work on /opt/airflow/dags/news_pipeline_dag.py
[2026-08-26T15:39:32.263+0000] {processor.py:830} INFO - Processing file /opt/airflow/dags/news_pipeline_dag.py for tasks to queue
[2026-08-26T15:39:32.264+0000] {logging_mixin.py:188} INFO - [2026-08-26T15:39:32.264+0000] {dagbag.py:538} INFO - Filling up the DagBag from /opt/airflow/dags/news_pipeline_dag.py
[2026-08-26T15:39:33.149+0000] {logging_mixin.py:188} WARNING - /opt/airflow/project_code/data_processing/enrich_data.py:3 FutureWarning: 

All support for the `google.generativeai` package has ended. It will no longer be receiving
updates or bug fixes. Please switch to the `google.genai` package as soon as possible.
See README for more details:

https://github.com/google-gemini/deprecated-generative-ai-python/blob/main/README.md
[2026-08-26T15:39:33.154+0000] {processor.py:840} INFO - DAG(s) 'news_full_medallion_pipeline' retrieved from /opt/airflow/dags/news_pipeline_dag.py
[2026-08-26T15:39:33.175+0000] {logging_mixin.py:188} INFO - [2026-08-26T15:39:33.174+0000] {dag.py:3036} INFO - Sync 1 DAGs
[2026-08-26T15:39:33.185+0000] {logging_mixin.py:188} INFO - [2026-08-26T15:39:33.185+0000] {dag.py:3823} INFO - Setting next_dagrun for news_full_medallion_pipeline to None, run_after=None
[2026-08-26T15:39:33.198+0000] {processor.py:183} INFO - Processing /opt/airflow/dags/news_pipeline_dag.py took 0.939 seconds
[2026-08-26T15:40:03.336+0000] {processor.py:161} INFO - Started process (PID=172) to work on /opt/airflow/dags/news_pipeline_dag.py
[2026-08-26T15:40:03.337+0000] {processor.py:830} INFO - Processing file /opt/airflow/dags/news_pipeline_dag.py for tasks to queue
[2026-08-26T15:40:03.338+0000] {logging_mixin.py:188} INFO - [2026-08-26T15:40:03.337+0000] {dagbag.py:538} INFO - Filling up the DagBag from /opt/airflow/dags/news_pipeline_dag.py
[2026-08-26T15:40:04.208+0000] {logging_mixin.py:188} WARNING - /opt/airflow/project_code/data_processing/enrich_data.py:3 FutureWarning: 

All support for the `google.generativeai` package has ended. It will no longer be receiving
updates or bug fixes. Please switch to the `google.genai` package as soon as possible.
See README for more details:

https://github.com/google-gemini/deprecated-generative-ai-python/blob/main/README.md
[2026-08-26T15:40:04.213+0000] {processor.py:840} INFO - DAG(s) 'news_full_medallion_pipeline' retrieved from /opt/airflow/dags/news_pipeline_dag.py
[2026-08-26T15:40:04.232+0000] {logging_mixin.py:188} INFO - [2026-08-26T15:40:04.232+0000] {dag.py:3036} INFO - Sync 1 DAGs
[2026-08-26T15:40:04.240+0000] {logging_mixin.py:188} INFO - [2026-08-26T15:40:04.240+0000] {dag.py:3823} INFO - Setting next_dagrun for news_full_medallion_pipeline to None, run_after=None
[2026-08-26T15:40:04.253+0000] {processor.py:183} INFO - Processing /opt/airflow/dags/news_pipeline_dag.py took 0.920 seconds
[2026-08-26T15:40:34.392+0000] {processor.py:161} INFO - Started process (PID=175) to work on /opt/airflow/dags/news_pipeline_dag.py
[2026-08-26T15:40:34.393+0000] {processor.py:830} INFO - Processing file /opt/airflow/dags/news_pipeline_dag.py for tasks to queue
[2026-08-26T15:40:34.394+0000] {logging_mixin.py:188} INFO - [2026-08-26T15:40:34.393+0000] {dagbag.py:538} INFO - Filling up the DagBag from /opt/airflow/dags/news_pipeline_dag.py
[2026-08-26T15:40:35.357+0000] {logging_mixin.py:188} WARNING - /opt/airflow/project_code/data_processing/enrich_data.py:3 FutureWarning: 

All support for the `google.generativeai` package has ended. It will no longer be receiving
updates or bug fixes. Please switch to the `google.genai` package as soon as possible.
See README for more details:

https://github.com/google-gemini/deprecated-generative-ai-python/blob/main/README.md
[2026-08-26T15:40:35.362+0000] {processor.py:840} INFO - DAG(s) 'news_full_medallion_pipeline' retrieved from /opt/airflow/dags/news_pipeline_dag.py
[2026-08-26T15:40:35.385+0000] {logging_mixin.py:188} INFO - [2026-08-26T15:40:35.385+0000] {dag.py:3036} INFO - Sync 1 DAGs
[2026-08-26T15:40:35.395+0000] {logging_mixin.py:188} INFO - [2026-08-26T15:40:35.395+0000] {dag.py:3823} INFO - Setting next_dagrun for news_full_medallion_pipeline to None, run_after=None
[2026-08-26T15:40:35.412+0000] {processor.py:183} INFO - Processing /opt/airflow/dags/news_pipeline_dag.py took 1.022 seconds
[2026-08-26T15:41:05.534+0000] {processor.py:161} INFO - Started process (PID=178) to work on /opt/airflow/dags/news_pipeline_dag.py
[2026-08-26T15:41:05.535+0000] {processor.py:830} INFO - Processing file /opt/airflow/dags/news_pipeline_dag.py for tasks to queue
[2026-08-26T15:41:05.536+0000] {logging_mixin.py:188} INFO - [2026-08-26T15:41:05.535+0000] {dagbag.py:538} INFO - Filling up the DagBag from /opt/airflow/dags/news_pipeline_dag.py
[2026-08-26T15:41:06.434+0000] {logging_mixin.py:188} WARNING - /opt/airflow/project_code/data_processing/enrich_data.py:3 FutureWarning: 

All support for the `google.generativeai` package has ended. It will no longer be receiving
updates or bug fixes. Please switch to the `google.genai` package as soon as possible.
See README for more details:

https://github.com/google-gemini/deprecated-generative-ai-python/blob/main/README.md
[2026-08-26T15:41:06.442+0000] {processor.py:840} INFO - DAG(s) 'news_full_medallion_pipeline' retrieved from /opt/airflow/dags/news_pipeline_dag.py
[2026-08-26T15:41:06.469+0000] {logging_mixin.py:188} INFO - [2026-08-26T15:41:06.468+0000] {dag.py:3036} INFO - Sync 1 DAGs
[2026-08-26T15:41:06.481+0000] {logging_mixin.py:188} INFO - [2026-08-26T15:41:06.480+0000] {dag.py:3823} INFO - Setting next_dagrun for news_full_medallion_pipeline to None, run_after=None
[2026-08-26T15:41:06.520+0000] {processor.py:183} INFO - Processing /opt/airflow/dags/news_pipeline_dag.py took 0.994 seconds
[2026-08-26T15:41:36.649+0000] {processor.py:161} INFO - Started process (PID=181) to work on /opt/airflow/dags/news_pipeline_dag.py
[2026-08-26T15:41:36.650+0000] {processor.py:830} INFO - Processing file /opt/airflow/dags/news_pipeline_dag.py for tasks to queue
[2026-08-26T15:41:36.650+0000] {logging_mixin.py:188} INFO - [2026-08-26T15:41:36.650+0000] {dagbag.py:538} INFO - Filling up the DagBag from /opt/airflow/dags/news_pipeline_dag.py
[2026-08-26T15:41:37.600+0000] {logging_mixin.py:188} WARNING - /opt/airflow/project_code/data_processing/enrich_data.py:3 FutureWarning: 

All support for the `google.generativeai` package has ended. It will no longer be receiving
updates or bug fixes. Please switch to the `google.genai` package as soon as possible.
See README for more details:

https://github.com/google-gemini/deprecated-generative-ai-python/blob/main/README.md
[2026-08-26T15:41:37.606+0000] {processor.py:840} INFO - DAG(s) 'news_full_medallion_pipeline' retrieved from /opt/airflow/dags/news_pipeline_dag.py
[2026-08-26T15:41:37.625+0000] {logging_mixin.py:188} INFO - [2026-08-26T15:41:37.625+0000] {dag.py:3036} INFO - Sync 1 DAGs
[2026-08-26T15:41:37.633+0000] {logging_mixin.py:188} INFO - [2026-08-26T15:41:37.633+0000] {dag.py:3823} INFO - Setting next_dagrun for news_full_medallion_pipeline to None, run_after=None
[2026-08-26T15:41:37.646+0000] {processor.py:183} INFO - Processing /opt/airflow/dags/news_pipeline_dag.py took 1.000 seconds
[2026-08-26T15:42:07.761+0000] {processor.py:161} INFO - Started process (PID=184) to work on /opt/airflow/dags/news_pipeline_dag.py
[2026-08-26T15:42:07.761+0000] {processor.py:830} INFO - Processing file /opt/airflow/dags/news_pipeline_dag.py for tasks to queue
[2026-08-26T15:42:07.762+0000] {logging_mixin.py:188} INFO - [2026-08-26T15:42:07.762+0000] {dagbag.py:538} INFO - Filling up the DagBag from /opt/airflow/dags/news_pipeline_dag.py
[2026-08-26T15:42:08.846+0000] {logging_mixin.py:188} WARNING - /opt/airflow/project_code/data_processing/enrich_data.py:3 FutureWarning: 

All support for the `google.generativeai` package has ended. It will no longer be receiving
updates or bug fixes. Please switch to the `google.genai` package as soon as possible.
See README for more details:

https://github.com/google-gemini/deprecated-generative-ai-python/blob/main/README.md
[2026-08-26T15:42:08.851+0000] {processor.py:840} INFO - DAG(s) 'news_full_medallion_pipeline' retrieved from /opt/airflow/dags/news_pipeline_dag.py
[2026-08-26T15:42:08.870+0000] {logging_mixin.py:188} INFO - [2026-08-26T15:42:08.870+0000] {dag.py:3036} INFO - Sync 1 DAGs
[2026-08-26T15:42:08.880+0000] {logging_mixin.py:188} INFO - [2026-08-26T15:42:08.880+0000] {dag.py:3823} INFO - Setting next_dagrun for news_full_medallion_pipeline to None, run_after=None
[2026-08-26T15:42:08.894+0000] {processor.py:183} INFO - Processing /opt/airflow/dags/news_pipeline_dag.py took 1.138 seconds
[2026-08-26T15:42:39.005+0000] {processor.py:161} INFO - Started process (PID=187) to work on /opt/airflow/dags/news_pipeline_dag.py
[2026-08-26T15:42:39.005+0000] {processor.py:830} INFO - Processing file /opt/airflow/dags/news_pipeline_dag.py for tasks to queue
[2026-08-26T15:42:39.006+0000] {logging_mixin.py:188} INFO - [2026-08-26T15:42:39.006+0000] {dagbag.py:538} INFO - Filling up the DagBag from /opt/airflow/dags/news_pipeline_dag.py
[2026-08-26T15:42:40.018+0000] {logging_mixin.py:188} WARNING - /opt/airflow/project_code/data_processing/enrich_data.py:3 FutureWarning: 

All support for the `google.generativeai` package has ended. It will no longer be receiving
updates or bug fixes. Please switch to the `google.genai` package as soon as possible.
See README for more details:

https://github.com/google-gemini/deprecated-generative-ai-python/blob/main/README.md
[2026-08-26T15:42:40.024+0000] {processor.py:840} INFO - DAG(s) 'news_full_medallion_pipeline' retrieved from /opt/airflow/dags/news_pipeline_dag.py
[2026-08-26T15:42:40.047+0000] {logging_mixin.py:188} INFO - [2026-08-26T15:42:40.046+0000] {dag.py:3036} INFO - Sync 1 DAGs
[2026-08-26T15:42:40.056+0000] {logging_mixin.py:188} INFO - [2026-08-26T15:42:40.056+0000] {dag.py:3823} INFO - Setting next_dagrun for news_full_medallion_pipeline to None, run_after=None
[2026-08-26T15:42:40.070+0000] {processor.py:183} INFO - Processing /opt/airflow/dags/news_pipeline_dag.py took 1.069 seconds
[2026-08-26T15:43:10.124+0000] {processor.py:161} INFO - Started process (PID=190) to work on /opt/airflow/dags/news_pipeline_dag.py
[2026-08-26T15:43:10.125+0000] {processor.py:830} INFO - Processing file /opt/airflow/dags/news_pipeline_dag.py for tasks to queue
[2026-08-26T15:43:10.126+0000] {logging_mixin.py:188} INFO - [2026-08-26T15:43:10.125+0000] {dagbag.py:538} INFO - Filling up the DagBag from /opt/airflow/dags/news_pipeline_dag.py
[2026-08-26T15:43:10.965+0000] {logging_mixin.py:188} WARNING - /opt/airflow/project_code/data_processing/enrich_data.py:3 FutureWarning: 

All support for the `google.generativeai` package has ended. It will no longer be receiving
updates or bug fixes. Please switch to the `google.genai` package as soon as possible.
See README for more details:

https://github.com/google-gemini/deprecated-generative-ai-python/blob/main/README.md
[2026-08-26T15:43:10.970+0000] {processor.py:840} INFO - DAG(s) 'news_full_medallion_pipeline' retrieved from /opt/airflow/dags/news_pipeline_dag.py
[2026-08-26T15:43:10.993+0000] {logging_mixin.py:188} INFO - [2026-08-26T15:43:10.992+0000] {dag.py:3036} INFO - Sync 1 DAGs
[2026-08-26T15:43:11.001+0000] {logging_mixin.py:188} INFO - [2026-08-26T15:43:11.001+0000] {dag.py:3823} INFO - Setting next_dagrun for news_full_medallion_pipeline to None, run_after=None
[2026-08-26T15:43:11.018+0000] {processor.py:183} INFO - Processing /opt/airflow/dags/news_pipeline_dag.py took 0.896 seconds
[2026-08-26T15:43:41.155+0000] {processor.py:161} INFO - Started process (PID=193) to work on /opt/airflow/dags/news_pipeline_dag.py
[2026-08-26T15:43:41.156+0000] {processor.py:830} INFO - Processing file /opt/airflow/dags/news_pipeline_dag.py for tasks to queue
[2026-08-26T15:43:41.156+0000] {logging_mixin.py:188} INFO - [2026-08-26T15:43:41.156+0000] {dagbag.py:538} INFO - Filling up the DagBag from /opt/airflow/dags/news_pipeline_dag.py
[2026-08-26T15:43:42.040+0000] {logging_mixin.py:188} WARNING - /opt/airflow/project_code/data_processing/enrich_data.py:3 FutureWarning: 

All support for the `google.generativeai` package has ended. It will no longer be receiving
updates or bug fixes. Please switch to the `google.genai` package as soon as possible.
See README for more details:

https://github.com/google-gemini/deprecated-generative-ai-python/blob/main/README.md
[2026-08-26T15:43:42.046+0000] {processor.py:840} INFO - DAG(s) 'news_full_medallion_pipeline' retrieved from /opt/airflow/dags/news_pipeline_dag.py
[2026-08-26T15:43:42.065+0000] {logging_mixin.py:188} INFO - [2026-08-26T15:43:42.065+0000] {dag.py:3036} INFO - Sync 1 DAGs
[2026-08-26T15:43:42.073+0000] {logging_mixin.py:188} INFO - [2026-08-26T15:43:42.073+0000] {dag.py:3823} INFO - Setting next_dagrun for news_full_medallion_pipeline to None, run_after=None
[2026-08-26T15:43:42.091+0000] {processor.py:183} INFO - Processing /opt/airflow/dags/news_pipeline_dag.py took 0.940 seconds
[2026-08-26T15:44:12.243+0000] {processor.py:161} INFO - Started process (PID=196) to work on /opt/airflow/dags/news_pipeline_dag.py
[2026-08-26T15:44:12.243+0000] {processor.py:830} INFO - Processing file /opt/airflow/dags/news_pipeline_dag.py for tasks to queue
[2026-08-26T15:44:12.244+0000] {logging_mixin.py:188} INFO - [2026-08-26T15:44:12.244+0000] {dagbag.py:538} INFO - Filling up the DagBag from /opt/airflow/dags/news_pipeline_dag.py
[2026-08-26T15:44:13.118+0000] {logging_mixin.py:188} WARNING - /opt/airflow/project_code/data_processing/enrich_data.py:3 FutureWarning: 

All support for the `google.generativeai` package has ended. It will no longer be receiving
updates or bug fixes. Please switch to the `google.genai` package as soon as possible.
See README for more details:

https://github.com/google-gemini/deprecated-generative-ai-python/blob/main/README.md
[2026-08-26T15:44:13.123+0000] {processor.py:840} INFO - DAG(s) 'news_full_medallion_pipeline' retrieved from /opt/airflow/dags/news_pipeline_dag.py
[2026-08-26T15:44:13.144+0000] {logging_mixin.py:188} INFO - [2026-08-26T15:44:13.144+0000] {dag.py:3036} INFO - Sync 1 DAGs
[2026-08-26T15:44:13.153+0000] {logging_mixin.py:188} INFO - [2026-08-26T15:44:13.152+0000] {dag.py:3823} INFO - Setting next_dagrun for news_full_medallion_pipeline to None, run_after=None
[2026-08-26T15:44:13.167+0000] {processor.py:183} INFO - Processing /opt/airflow/dags/news_pipeline_dag.py took 0.927 seconds
[2026-08-26T15:44:43.311+0000] {processor.py:161} INFO - Started process (PID=199) to work on /opt/airflow/dags/news_pipeline_dag.py
[2026-08-26T15:44:43.312+0000] {processor.py:830} INFO - Processing file /opt/airflow/dags/news_pipeline_dag.py for tasks to queue
[2026-08-26T15:44:43.313+0000] {logging_mixin.py:188} INFO - [2026-08-26T15:44:43.313+0000] {dagbag.py:538} INFO - Filling up the DagBag from /opt/airflow/dags/news_pipeline_dag.py
[2026-08-26T15:44:44.159+0000] {logging_mixin.py:188} WARNING - /opt/airflow/project_code/data_processing/enrich_data.py:3 FutureWarning: 

All support for the `google.generativeai` package has ended. It will no longer be receiving
updates or bug fixes. Please switch to the `google.genai` package as soon as possible.
See README for more details:

https://github.com/google-gemini/deprecated-generative-ai-python/blob/main/README.md
[2026-08-26T15:44:44.163+0000] {processor.py:840} INFO - DAG(s) 'news_full_medallion_pipeline' retrieved from /opt/airflow/dags/news_pipeline_dag.py
[2026-08-26T15:44:44.186+0000] {logging_mixin.py:188} INFO - [2026-08-26T15:44:44.185+0000] {dag.py:3036} INFO - Sync 1 DAGs
[2026-08-26T15:44:44.195+0000] {logging_mixin.py:188} INFO - [2026-08-26T15:44:44.195+0000] {dag.py:3823} INFO - Setting next_dagrun for news_full_medallion_pipeline to None, run_after=None
[2026-08-26T15:44:44.210+0000] {processor.py:183} INFO - Processing /opt/airflow/dags/news_pipeline_dag.py took 0.901 seconds
[2026-08-26T15:45:14.342+0000] {processor.py:161} INFO - Started process (PID=202) to work on /opt/airflow/dags/news_pipeline_dag.py
[2026-08-26T15:45:14.342+0000] {processor.py:830} INFO - Processing file /opt/airflow/dags/news_pipeline_dag.py for tasks to queue
[2026-08-26T15:45:14.343+0000] {logging_mixin.py:188} INFO - [2026-08-26T15:45:14.343+0000] {dagbag.py:538} INFO - Filling up the DagBag from /opt/airflow/dags/news_pipeline_dag.py
[2026-08-26T15:45:15.325+0000] {logging_mixin.py:188} WARNING - /opt/airflow/project_code/data_processing/enrich_data.py:3 FutureWarning: 

All support for the `google.generativeai` package has ended. It will no longer be receiving
updates or bug fixes. Please switch to the `google.genai` package as soon as possible.
See README for more details:

https://github.com/google-gemini/deprecated-generative-ai-python/blob/main/README.md
[2026-08-26T15:45:15.330+0000] {processor.py:840} INFO - DAG(s) 'news_full_medallion_pipeline' retrieved from /opt/airflow/dags/news_pipeline_dag.py
[2026-08-26T15:45:15.350+0000] {logging_mixin.py:188} INFO - [2026-08-26T15:45:15.350+0000] {dag.py:3036} INFO - Sync 1 DAGs
[2026-08-26T15:45:15.358+0000] {logging_mixin.py:188} INFO - [2026-08-26T15:45:15.358+0000] {dag.py:3823} INFO - Setting next_dagrun for news_full_medallion_pipeline to None, run_after=None
[2026-08-26T15:45:15.375+0000] {processor.py:183} INFO - Processing /opt/airflow/dags/news_pipeline_dag.py took 1.036 seconds
[2026-08-26T15:45:45.449+0000] {processor.py:161} INFO - Started process (PID=205) to work on /opt/airflow/dags/news_pipeline_dag.py
[2026-08-26T15:45:45.450+0000] {processor.py:830} INFO - Processing file /opt/airflow/dags/news_pipeline_dag.py for tasks to queue
[2026-08-26T15:45:45.450+0000] {logging_mixin.py:188} INFO - [2026-08-26T15:45:45.450+0000] {dagbag.py:538} INFO - Filling up the DagBag from /opt/airflow/dags/news_pipeline_dag.py
[2026-08-26T15:45:46.365+0000] {logging_mixin.py:188} WARNING - /opt/airflow/project_code/data_processing/enrich_data.py:3 FutureWarning: 

All support for the `google.generativeai` package has ended. It will no longer be receiving
updates or bug fixes. Please switch to the `google.genai` package as soon as possible.
See README for more details:

https://github.com/google-gemini/deprecated-generative-ai-python/blob/main/README.md
[2026-08-26T15:45:46.370+0000] {processor.py:840} INFO - DAG(s) 'news_full_medallion_pipeline' retrieved from /opt/airflow/dags/news_pipeline_dag.py
[2026-08-26T15:45:46.393+0000] {logging_mixin.py:188} INFO - [2026-08-26T15:45:46.393+0000] {dag.py:3036} INFO - Sync 1 DAGs
[2026-08-26T15:45:46.401+0000] {logging_mixin.py:188} INFO - [2026-08-26T15:45:46.401+0000] {dag.py:3823} INFO - Setting next_dagrun for news_full_medallion_pipeline to None, run_after=None
[2026-08-26T15:45:46.414+0000] {processor.py:183} INFO - Processing /opt/airflow/dags/news_pipeline_dag.py took 0.967 seconds
[2026-08-26T15:46:16.550+0000] {processor.py:161} INFO - Started process (PID=208) to work on /opt/airflow/dags/news_pipeline_dag.py
[2026-08-26T15:46:16.552+0000] {processor.py:830} INFO - Processing file /opt/airflow/dags/news_pipeline_dag.py for tasks to queue
[2026-08-26T15:46:16.553+0000] {logging_mixin.py:188} INFO - [2026-08-26T15:46:16.553+0000] {dagbag.py:538} INFO - Filling up the DagBag from /opt/airflow/dags/news_pipeline_dag.py
[2026-08-26T15:46:17.450+0000] {logging_mixin.py:188} WARNING - /opt/airflow/project_code/data_processing/enrich_data.py:3 FutureWarning: 

All support for the `google.generativeai` package has ended. It will no longer be receiving
updates or bug fixes. Please switch to the `google.genai` package as soon as possible.
See README for more details:

https://github.com/google-gemini/deprecated-generative-ai-python/blob/main/README.md
[2026-08-26T15:46:17.455+0000] {processor.py:840} INFO - DAG(s) 'news_full_medallion_pipeline' retrieved from /opt/airflow/dags/news_pipeline_dag.py
[2026-08-26T15:46:17.476+0000] {logging_mixin.py:188} INFO - [2026-08-26T15:46:17.476+0000] {dag.py:3036} INFO - Sync 1 DAGs
[2026-08-26T15:46:17.485+0000] {logging_mixin.py:188} INFO - [2026-08-26T15:46:17.485+0000] {dag.py:3823} INFO - Setting next_dagrun for news_full_medallion_pipeline to None, run_after=None
[2026-08-26T15:46:17.500+0000] {processor.py:183} INFO - Processing /opt/airflow/dags/news_pipeline_dag.py took 0.952 seconds
[2026-08-26T15:46:47.632+0000] {processor.py:161} INFO - Started process (PID=211) to work on /opt/airflow/dags/news_pipeline_dag.py
[2026-08-26T15:46:47.632+0000] {processor.py:830} INFO - Processing file /opt/airflow/dags/news_pipeline_dag.py for tasks to queue
[2026-08-26T15:46:47.633+0000] {logging_mixin.py:188} INFO - [2026-08-26T15:46:47.633+0000] {dagbag.py:538} INFO - Filling up the DagBag from /opt/airflow/dags/news_pipeline_dag.py
[2026-08-26T15:46:48.551+0000] {logging_mixin.py:188} WARNING - /opt/airflow/project_code/data_processing/enrich_data.py:3 FutureWarning: 

All support for the `google.generativeai` package has ended. It will no longer be receiving
updates or bug fixes. Please switch to the `google.genai` package as soon as possible.
See README for more details:

https://github.com/google-gemini/deprecated-generative-ai-python/blob/main/README.md
[2026-08-26T15:46:48.556+0000] {processor.py:840} INFO - DAG(s) 'news_full_medallion_pipeline' retrieved from /opt/airflow/dags/news_pipeline_dag.py
[2026-08-26T15:46:48.578+0000] {logging_mixin.py:188} INFO - [2026-08-26T15:46:48.578+0000] {dag.py:3036} INFO - Sync 1 DAGs
[2026-08-26T15:46:48.588+0000] {logging_mixin.py:188} INFO - [2026-08-26T15:46:48.588+0000] {dag.py:3823} INFO - Setting next_dagrun for news_full_medallion_pipeline to None, run_after=None
[2026-08-26T15:46:48.601+0000] {processor.py:183} INFO - Processing /opt/airflow/dags/news_pipeline_dag.py took 0.973 seconds
[2026-08-26T15:47:18.734+0000] {processor.py:161} INFO - Started process (PID=214) to work on /opt/airflow/dags/news_pipeline_dag.py
[2026-08-26T15:47:18.735+0000] {processor.py:830} INFO - Processing file /opt/airflow/dags/news_pipeline_dag.py for tasks to queue
[2026-08-26T15:47:18.735+0000] {logging_mixin.py:188} INFO - [2026-08-26T15:47:18.735+0000] {dagbag.py:538} INFO - Filling up the DagBag from /opt/airflow/dags/news_pipeline_dag.py
[2026-08-26T15:47:19.584+0000] {logging_mixin.py:188} WARNING - /opt/airflow/project_code/data_processing/enrich_data.py:3 FutureWarning: 

All support for the `google.generativeai` package has ended. It will no longer be receiving
updates or bug fixes. Please switch to the `google.genai` package as soon as possible.
See README for more details:

https://github.com/google-gemini/deprecated-generative-ai-python/blob/main/README.md
[2026-08-26T15:47:19.590+0000] {processor.py:840} INFO - DAG(s) 'news_full_medallion_pipeline' retrieved from /opt/airflow/dags/news_pipeline_dag.py
[2026-08-26T15:47:19.609+0000] {logging_mixin.py:188} INFO - [2026-08-26T15:47:19.608+0000] {dag.py:3036} INFO - Sync 1 DAGs
[2026-08-26T15:47:19.616+0000] {logging_mixin.py:188} INFO - [2026-08-26T15:47:19.616+0000] {dag.py:3823} INFO - Setting next_dagrun for news_full_medallion_pipeline to None, run_after=None
[2026-08-26T15:47:19.631+0000] {processor.py:183} INFO - Processing /opt/airflow/dags/news_pipeline_dag.py took 0.901 seconds
[2026-08-26T15:47:49.768+0000] {processor.py:161} INFO - Started process (PID=217) to work on /opt/airflow/dags/news_pipeline_dag.py
[2026-08-26T15:47:49.768+0000] {processor.py:830} INFO - Processing file /opt/airflow/dags/news_pipeline_dag.py for tasks to queue
[2026-08-26T15:47:49.769+0000] {logging_mixin.py:188} INFO - [2026-08-26T15:47:49.769+0000] {dagbag.py:538} INFO - Filling up the DagBag from /opt/airflow/dags/news_pipeline_dag.py
[2026-08-26T15:47:50.632+0000] {logging_mixin.py:188} WARNING - /opt/airflow/project_code/data_processing/enrich_data.py:3 FutureWarning: 

All support for the `google.generativeai` package has ended. It will no longer be receiving
updates or bug fixes. Please switch to the `google.genai` package as soon as possible.
See README for more details:

https://github.com/google-gemini/deprecated-generative-ai-python/blob/main/README.md
[2026-08-26T15:47:50.637+0000] {processor.py:840} INFO - DAG(s) 'news_full_medallion_pipeline' retrieved from /opt/airflow/dags/news_pipeline_dag.py
[2026-08-26T15:47:50.656+0000] {logging_mixin.py:188} INFO - [2026-08-26T15:47:50.656+0000] {dag.py:3036} INFO - Sync 1 DAGs
[2026-08-26T15:47:50.664+0000] {logging_mixin.py:188} INFO - [2026-08-26T15:47:50.664+0000] {dag.py:3823} INFO - Setting next_dagrun for news_full_medallion_pipeline to None, run_after=None
[2026-08-26T15:47:50.677+0000] {processor.py:183} INFO - Processing /opt/airflow/dags/news_pipeline_dag.py took 0.912 seconds
[2026-08-26T15:48:20.812+0000] {processor.py:161} INFO - Started process (PID=220) to work on /opt/airflow/dags/news_pipeline_dag.py
[2026-08-26T15:48:20.813+0000] {processor.py:830} INFO - Processing file /opt/airflow/dags/news_pipeline_dag.py for tasks to queue
[2026-08-26T15:48:20.814+0000] {logging_mixin.py:188} INFO - [2026-08-26T15:48:20.813+0000] {dagbag.py:538} INFO - Filling up the DagBag from /opt/airflow/dags/news_pipeline_dag.py
[2026-08-26T15:48:21.743+0000] {logging_mixin.py:188} WARNING - /opt/airflow/project_code/data_processing/enrich_data.py:3 FutureWarning: 

All support for the `google.generativeai` package has ended. It will no longer be receiving
updates or bug fixes. Please switch to the `google.genai` package as soon as possible.
See README for more details:

https://github.com/google-gemini/deprecated-generative-ai-python/blob/main/README.md
[2026-08-26T15:48:21.747+0000] {processor.py:840} INFO - DAG(s) 'news_full_medallion_pipeline' retrieved from /opt/airflow/dags/news_pipeline_dag.py
[2026-08-26T15:48:21.766+0000] {logging_mixin.py:188} INFO - [2026-08-26T15:48:21.766+0000] {dag.py:3036} INFO - Sync 1 DAGs
[2026-08-26T15:48:21.776+0000] {logging_mixin.py:188} INFO - [2026-08-26T15:48:21.775+0000] {dag.py:3823} INFO - Setting next_dagrun for news_full_medallion_pipeline to None, run_after=None
[2026-08-26T15:48:21.792+0000] {processor.py:183} INFO - Processing /opt/airflow/dags/news_pipeline_dag.py took 0.983 seconds
[2026-08-26T15:48:51.927+0000] {processor.py:161} INFO - Started process (PID=223) to work on /opt/airflow/dags/news_pipeline_dag.py
[2026-08-26T15:48:51.928+0000] {processor.py:830} INFO - Processing file /opt/airflow/dags/news_pipeline_dag.py for tasks to queue
[2026-08-26T15:48:51.929+0000] {logging_mixin.py:188} INFO - [2026-08-26T15:48:51.928+0000] {dagbag.py:538} INFO - Filling up the DagBag from /opt/airflow/dags/news_pipeline_dag.py
[2026-08-26T15:48:52.801+0000] {logging_mixin.py:188} WARNING - /opt/airflow/project_code/data_processing/enrich_data.py:3 FutureWarning: 

All support for the `google.generativeai` package has ended. It will no longer be receiving
updates or bug fixes. Please switch to the `google.genai` package as soon as possible.
See README for more details:

https://github.com/google-gemini/deprecated-generative-ai-python/blob/main/README.md
[2026-08-26T15:48:52.806+0000] {processor.py:840} INFO - DAG(s) 'news_full_medallion_pipeline' retrieved from /opt/airflow/dags/news_pipeline_dag.py
[2026-08-26T15:48:52.825+0000] {logging_mixin.py:188} INFO - [2026-08-26T15:48:52.825+0000] {dag.py:3036} INFO - Sync 1 DAGs
[2026-08-26T15:48:52.834+0000] {logging_mixin.py:188} INFO - [2026-08-26T15:48:52.834+0000] {dag.py:3823} INFO - Setting next_dagrun for news_full_medallion_pipeline to None, run_after=None
[2026-08-26T15:48:52.847+0000] {processor.py:183} INFO - Processing /opt/airflow/dags/news_pipeline_dag.py took 0.927 seconds
[2026-08-26T15:49:23.006+0000] {processor.py:161} INFO - Started process (PID=226) to work on /opt/airflow/dags/news_pipeline_dag.py
[2026-08-26T15:49:23.007+0000] {processor.py:830} INFO - Processing file /opt/airflow/dags/news_pipeline_dag.py for tasks to queue
[2026-08-26T15:49:23.008+0000] {logging_mixin.py:188} INFO - [2026-08-26T15:49:23.008+0000] {dagbag.py:538} INFO - Filling up the DagBag from /opt/airflow/dags/news_pipeline_dag.py
[2026-08-26T15:49:23.928+0000] {logging_mixin.py:188} WARNING - /opt/airflow/project_code/data_processing/enrich_data.py:3 FutureWarning: 

All support for the `google.generativeai` package has ended. It will no longer be receiving
updates or bug fixes. Please switch to the `google.genai` package as soon as possible.
See README for more details:

https://github.com/google-gemini/deprecated-generative-ai-python/blob/main/README.md
[2026-08-26T15:49:23.934+0000] {processor.py:840} INFO - DAG(s) 'news_full_medallion_pipeline' retrieved from /opt/airflow/dags/news_pipeline_dag.py
[2026-08-26T15:49:23.954+0000] {logging_mixin.py:188} INFO - [2026-08-26T15:49:23.954+0000] {dag.py:3036} INFO - Sync 1 DAGs
[2026-08-26T15:49:23.962+0000] {logging_mixin.py:188} INFO - [2026-08-26T15:49:23.962+0000] {dag.py:3823} INFO - Setting next_dagrun for news_full_medallion_pipeline to None, run_after=None
[2026-08-26T15:49:23.980+0000] {processor.py:183} INFO - Processing /opt/airflow/dags/news_pipeline_dag.py took 0.981 seconds
[2026-08-26T15:49:54.109+0000] {processor.py:161} INFO - Started process (PID=229) to work on /opt/airflow/dags/news_pipeline_dag.py
[2026-08-26T15:49:54.110+0000] {processor.py:830} INFO - Processing file /opt/airflow/dags/news_pipeline_dag.py for tasks to queue
[2026-08-26T15:49:54.111+0000] {logging_mixin.py:188} INFO - [2026-08-26T15:49:54.111+0000] {dagbag.py:538} INFO - Filling up the DagBag from /opt/airflow/dags/news_pipeline_dag.py
[2026-08-26T15:49:55.111+0000] {logging_mixin.py:188} WARNING - /opt/airflow/project_code/data_processing/enrich_data.py:3 FutureWarning: 

All support for the `google.generativeai` package has ended. It will no longer be receiving
updates or bug fixes. Please switch to the `google.genai` package as soon as possible.
See README for more details:

https://github.com/google-gemini/deprecated-generative-ai-python/blob/main/README.md
[2026-08-26T15:49:55.116+0000] {processor.py:840} INFO - DAG(s) 'news_full_medallion_pipeline' retrieved from /opt/airflow/dags/news_pipeline_dag.py
[2026-08-26T15:49:55.137+0000] {logging_mixin.py:188} INFO - [2026-08-26T15:49:55.136+0000] {dag.py:3036} INFO - Sync 1 DAGs
[2026-08-26T15:49:55.148+0000] {logging_mixin.py:188} INFO - [2026-08-26T15:49:55.147+0000] {dag.py:3823} INFO - Setting next_dagrun for news_full_medallion_pipeline to None, run_after=None
[2026-08-26T15:49:55.162+0000] {processor.py:183} INFO - Processing /opt/airflow/dags/news_pipeline_dag.py took 1.056 seconds
[2026-08-26T15:50:25.229+0000] {processor.py:161} INFO - Started process (PID=232) to work on /opt/airflow/dags/news_pipeline_dag.py
[2026-08-26T15:50:25.230+0000] {processor.py:830} INFO - Processing file /opt/airflow/dags/news_pipeline_dag.py for tasks to queue
[2026-08-26T15:50:25.231+0000] {logging_mixin.py:188} INFO - [2026-08-26T15:50:25.230+0000] {dagbag.py:538} INFO - Filling up the DagBag from /opt/airflow/dags/news_pipeline_dag.py
[2026-08-26T15:50:26.127+0000] {logging_mixin.py:188} WARNING - /opt/airflow/project_code/data_processing/enrich_data.py:3 FutureWarning: 

All support for the `google.generativeai` package has ended. It will no longer be receiving
updates or bug fixes. Please switch to the `google.genai` package as soon as possible.
See README for more details:

https://github.com/google-gemini/deprecated-generative-ai-python/blob/main/README.md
[2026-08-26T15:50:26.132+0000] {processor.py:840} INFO - DAG(s) 'news_full_medallion_pipeline' retrieved from /opt/airflow/dags/news_pipeline_dag.py
[2026-08-26T15:50:26.151+0000] {logging_mixin.py:188} INFO - [2026-08-26T15:50:26.150+0000] {dag.py:3036} INFO - Sync 1 DAGs
[2026-08-26T15:50:26.158+0000] {logging_mixin.py:188} INFO - [2026-08-26T15:50:26.158+0000] {dag.py:3823} INFO - Setting next_dagrun for news_full_medallion_pipeline to None, run_after=None
[2026-08-26T15:50:26.172+0000] {processor.py:183} INFO - Processing /opt/airflow/dags/news_pipeline_dag.py took 0.945 seconds
[2026-08-26T15:50:56.308+0000] {processor.py:161} INFO - Started process (PID=235) to work on /opt/airflow/dags/news_pipeline_dag.py
[2026-08-26T15:50:56.309+0000] {processor.py:830} INFO - Processing file /opt/airflow/dags/news_pipeline_dag.py for tasks to queue
[2026-08-26T15:50:56.310+0000] {logging_mixin.py:188} INFO - [2026-08-26T15:50:56.309+0000] {dagbag.py:538} INFO - Filling up the DagBag from /opt/airflow/dags/news_pipeline_dag.py
[2026-08-26T15:50:57.189+0000] {logging_mixin.py:188} WARNING - /opt/airflow/project_code/data_processing/enrich_data.py:3 FutureWarning: 

All support for the `google.generativeai` package has ended. It will no longer be receiving
updates or bug fixes. Please switch to the `google.genai` package as soon as possible.
See README for more details:

https://github.com/google-gemini/deprecated-generative-ai-python/blob/main/README.md
[2026-08-26T15:50:57.194+0000] {processor.py:840} INFO - DAG(s) 'news_full_medallion_pipeline' retrieved from /opt/airflow/dags/news_pipeline_dag.py
[2026-08-26T15:50:57.212+0000] {logging_mixin.py:188} INFO - [2026-08-26T15:50:57.212+0000] {dag.py:3036} INFO - Sync 1 DAGs
[2026-08-26T15:50:57.220+0000] {logging_mixin.py:188} INFO - [2026-08-26T15:50:57.220+0000] {dag.py:3823} INFO - Setting next_dagrun for news_full_medallion_pipeline to None, run_after=None
[2026-08-26T15:50:57.233+0000] {processor.py:183} INFO - Processing /opt/airflow/dags/news_pipeline_dag.py took 0.928 seconds
[2026-08-26T15:51:27.384+0000] {processor.py:161} INFO - Started process (PID=238) to work on /opt/airflow/dags/news_pipeline_dag.py
[2026-08-26T15:51:27.386+0000] {processor.py:830} INFO - Processing file /opt/airflow/dags/news_pipeline_dag.py for tasks to queue
[2026-08-26T15:51:27.387+0000] {logging_mixin.py:188} INFO - [2026-08-26T15:51:27.386+0000] {dagbag.py:538} INFO - Filling up the DagBag from /opt/airflow/dags/news_pipeline_dag.py
[2026-08-26T15:51:28.300+0000] {logging_mixin.py:188} WARNING - /opt/airflow/project_code/data_processing/enrich_data.py:3 FutureWarning: 

All support for the `google.generativeai` package has ended. It will no longer be receiving
updates or bug fixes. Please switch to the `google.genai` package as soon as possible.
See README for more details:

https://github.com/google-gemini/deprecated-generative-ai-python/blob/main/README.md
[2026-08-26T15:51:28.307+0000] {processor.py:840} INFO - DAG(s) 'news_full_medallion_pipeline' retrieved from /opt/airflow/dags/news_pipeline_dag.py
[2026-08-26T15:51:28.338+0000] {logging_mixin.py:188} INFO - [2026-08-26T15:51:28.338+0000] {dag.py:3036} INFO - Sync 1 DAGs
[2026-08-26T15:51:28.358+0000] {logging_mixin.py:188} INFO - [2026-08-26T15:51:28.358+0000] {dag.py:3823} INFO - Setting next_dagrun for news_full_medallion_pipeline to None, run_after=None
[2026-08-26T15:51:28.395+0000] {processor.py:183} INFO - Processing /opt/airflow/dags/news_pipeline_dag.py took 1.014 seconds
[2026-08-26T15:51:58.495+0000] {processor.py:161} INFO - Started process (PID=241) to work on /opt/airflow/dags/news_pipeline_dag.py
[2026-08-26T15:51:58.496+0000] {processor.py:830} INFO - Processing file /opt/airflow/dags/news_pipeline_dag.py for tasks to queue
[2026-08-26T15:51:58.497+0000] {logging_mixin.py:188} INFO - [2026-08-26T15:51:58.497+0000] {dagbag.py:538} INFO - Filling up the DagBag from /opt/airflow/dags/news_pipeline_dag.py
[2026-08-26T15:51:59.492+0000] {logging_mixin.py:188} WARNING - /opt/airflow/project_code/data_processing/enrich_data.py:3 FutureWarning: 

All support for the `google.generativeai` package has ended. It will no longer be receiving
updates or bug fixes. Please switch to the `google.genai` package as soon as possible.
See README for more details:

https://github.com/google-gemini/deprecated-generative-ai-python/blob/main/README.md
[2026-08-26T15:51:59.497+0000] {processor.py:840} INFO - DAG(s) 'news_full_medallion_pipeline' retrieved from /opt/airflow/dags/news_pipeline_dag.py
[2026-08-26T15:51:59.517+0000] {logging_mixin.py:188} INFO - [2026-08-26T15:51:59.517+0000] {dag.py:3036} INFO - Sync 1 DAGs
[2026-08-26T15:51:59.525+0000] {logging_mixin.py:188} INFO - [2026-08-26T15:51:59.525+0000] {dag.py:3823} INFO - Setting next_dagrun for news_full_medallion_pipeline to None, run_after=None
[2026-08-26T15:51:59.538+0000] {processor.py:183} INFO - Processing /opt/airflow/dags/news_pipeline_dag.py took 1.045 seconds
[2026-08-26T15:52:29.626+0000] {processor.py:161} INFO - Started process (PID=244) to work on /opt/airflow/dags/news_pipeline_dag.py
[2026-08-26T15:52:29.627+0000] {processor.py:830} INFO - Processing file /opt/airflow/dags/news_pipeline_dag.py for tasks to queue
[2026-08-26T15:52:29.628+0000] {logging_mixin.py:188} INFO - [2026-08-26T15:52:29.628+0000] {dagbag.py:538} INFO - Filling up the DagBag from /opt/airflow/dags/news_pipeline_dag.py
[2026-08-26T15:52:30.532+0000] {logging_mixin.py:188} WARNING - /opt/airflow/project_code/data_processing/enrich_data.py:3 FutureWarning: 

All support for the `google.generativeai` package has ended. It will no longer be receiving
updates or bug fixes. Please switch to the `google.genai` package as soon as possible.
See README for more details:

https://github.com/google-gemini/deprecated-generative-ai-python/blob/main/README.md
[2026-08-26T15:52:30.537+0000] {processor.py:840} INFO - DAG(s) 'news_full_medallion_pipeline' retrieved from /opt/airflow/dags/news_pipeline_dag.py
[2026-08-26T15:52:30.556+0000] {logging_mixin.py:188} INFO - [2026-08-26T15:52:30.556+0000] {dag.py:3036} INFO - Sync 1 DAGs
[2026-08-26T15:52:30.564+0000] {logging_mixin.py:188} INFO - [2026-08-26T15:52:30.564+0000] {dag.py:3823} INFO - Setting next_dagrun for news_full_medallion_pipeline to None, run_after=None
[2026-08-26T15:52:30.577+0000] {processor.py:183} INFO - Processing /opt/airflow/dags/news_pipeline_dag.py took 0.954 seconds
[2026-08-26T15:53:00.714+0000] {processor.py:161} INFO - Started process (PID=247) to work on /opt/airflow/dags/news_pipeline_dag.py
[2026-08-26T15:53:00.714+0000] {processor.py:830} INFO - Processing file /opt/airflow/dags/news_pipeline_dag.py for tasks to queue
[2026-08-26T15:53:00.715+0000] {logging_mixin.py:188} INFO - [2026-08-26T15:53:00.715+0000] {dagbag.py:538} INFO - Filling up the DagBag from /opt/airflow/dags/news_pipeline_dag.py
[2026-08-26T15:53:01.571+0000] {logging_mixin.py:188} WARNING - /opt/airflow/project_code/data_processing/enrich_data.py:3 FutureWarning: 

All support for the `google.generativeai` package has ended. It will no longer be receiving
updates or bug fixes. Please switch to the `google.genai` package as soon as possible.
See README for more details:

https://github.com/google-gemini/deprecated-generative-ai-python/blob/main/README.md
[2026-08-26T15:53:01.577+0000] {processor.py:840} INFO - DAG(s) 'news_full_medallion_pipeline' retrieved from /opt/airflow/dags/news_pipeline_dag.py
[2026-08-26T15:53:01.601+0000] {logging_mixin.py:188} INFO - [2026-08-26T15:53:01.600+0000] {dag.py:3036} INFO - Sync 1 DAGs
[2026-08-26T15:53:01.611+0000] {logging_mixin.py:188} INFO - [2026-08-26T15:53:01.610+0000] {dag.py:3823} INFO - Setting next_dagrun for news_full_medallion_pipeline to None, run_after=None
[2026-08-26T15:53:01.632+0000] {processor.py:183} INFO - Processing /opt/airflow/dags/news_pipeline_dag.py took 0.921 seconds
[2026-08-26T15:53:31.775+0000] {processor.py:161} INFO - Started process (PID=250) to work on /opt/airflow/dags/news_pipeline_dag.py
[2026-08-26T15:53:31.776+0000] {processor.py:830} INFO - Processing file /opt/airflow/dags/news_pipeline_dag.py for tasks to queue
[2026-08-26T15:53:31.776+0000] {logging_mixin.py:188} INFO - [2026-08-26T15:53:31.776+0000] {dagbag.py:538} INFO - Filling up the DagBag from /opt/airflow/dags/news_pipeline_dag.py
[2026-08-26T15:53:32.688+0000] {logging_mixin.py:188} WARNING - /opt/airflow/project_code/data_processing/enrich_data.py:3 FutureWarning: 

All support for the `google.generativeai` package has ended. It will no longer be receiving
updates or bug fixes. Please switch to the `google.genai` package as soon as possible.
See README for more details:

https://github.com/google-gemini/deprecated-generative-ai-python/blob/main/README.md
[2026-08-26T15:53:32.693+0000] {processor.py:840} INFO - DAG(s) 'news_full_medallion_pipeline' retrieved from /opt/airflow/dags/news_pipeline_dag.py
[2026-08-26T15:53:32.712+0000] {logging_mixin.py:188} INFO - [2026-08-26T15:53:32.712+0000] {dag.py:3036} INFO - Sync 1 DAGs
[2026-08-26T15:53:32.720+0000] {logging_mixin.py:188} INFO - [2026-08-26T15:53:32.720+0000] {dag.py:3823} INFO - Setting next_dagrun for news_full_medallion_pipeline to None, run_after=None
[2026-08-26T15:53:32.732+0000] {processor.py:183} INFO - Processing /opt/airflow/dags/news_pipeline_dag.py took 0.961 seconds
[2026-08-26T15:54:02.863+0000] {processor.py:161} INFO - Started process (PID=253) to work on /opt/airflow/dags/news_pipeline_dag.py
[2026-08-26T15:54:02.864+0000] {processor.py:830} INFO - Processing file /opt/airflow/dags/news_pipeline_dag.py for tasks to queue
[2026-08-26T15:54:02.865+0000] {logging_mixin.py:188} INFO - [2026-08-26T15:54:02.864+0000] {dagbag.py:538} INFO - Filling up the DagBag from /opt/airflow/dags/news_pipeline_dag.py
[2026-08-26T15:54:03.756+0000] {logging_mixin.py:188} WARNING - /opt/airflow/project_code/data_processing/enrich_data.py:3 FutureWarning: 

All support for the `google.generativeai` package has ended. It will no longer be receiving
updates or bug fixes. Please switch to the `google.genai` package as soon as possible.
See README for more details:

https://github.com/google-gemini/deprecated-generative-ai-python/blob/main/README.md
[2026-08-26T15:54:03.761+0000] {processor.py:840} INFO - DAG(s) 'news_full_medallion_pipeline' retrieved from /opt/airflow/dags/news_pipeline_dag.py
[2026-08-26T15:54:03.784+0000] {logging_mixin.py:188} INFO - [2026-08-26T15:54:03.784+0000] {dag.py:3036} INFO - Sync 1 DAGs
[2026-08-26T15:54:03.792+0000] {logging_mixin.py:188} INFO - [2026-08-26T15:54:03.792+0000] {dag.py:3823} INFO - Setting next_dagrun for news_full_medallion_pipeline to None, run_after=None
[2026-08-26T15:54:03.806+0000] {processor.py:183} INFO - Processing /opt/airflow/dags/news_pipeline_dag.py took 0.947 seconds
[2026-08-26T15:54:33.949+0000] {processor.py:161} INFO - Started process (PID=256) to work on /opt/airflow/dags/news_pipeline_dag.py
[2026-08-26T15:54:33.950+0000] {processor.py:830} INFO - Processing file /opt/airflow/dags/news_pipeline_dag.py for tasks to queue
[2026-08-26T15:54:33.951+0000] {logging_mixin.py:188} INFO - [2026-08-26T15:54:33.950+0000] {dagbag.py:538} INFO - Filling up the DagBag from /opt/airflow/dags/news_pipeline_dag.py
[2026-08-26T15:54:34.790+0000] {logging_mixin.py:188} WARNING - /opt/airflow/project_code/data_processing/enrich_data.py:3 FutureWarning: 

All support for the `google.generativeai` package has ended. It will no longer be receiving
updates or bug fixes. Please switch to the `google.genai` package as soon as possible.
See README for more details:

https://github.com/google-gemini/deprecated-generative-ai-python/blob/main/README.md
[2026-08-26T15:54:34.796+0000] {processor.py:840} INFO - DAG(s) 'news_full_medallion_pipeline' retrieved from /opt/airflow/dags/news_pipeline_dag.py
[2026-08-26T15:54:34.825+0000] {logging_mixin.py:188} INFO - [2026-08-26T15:54:34.824+0000] {dag.py:3036} INFO - Sync 1 DAGs
[2026-08-26T15:54:34.838+0000] {logging_mixin.py:188} INFO - [2026-08-26T15:54:34.838+0000] {dag.py:3823} INFO - Setting next_dagrun for news_full_medallion_pipeline to None, run_after=None
[2026-08-26T15:54:34.854+0000] {processor.py:183} INFO - Processing /opt/airflow/dags/news_pipeline_dag.py took 0.908 seconds
[2026-08-26T15:55:04.999+0000] {processor.py:161} INFO - Started process (PID=259) to work on /opt/airflow/dags/news_pipeline_dag.py
[2026-08-26T15:55:05.000+0000] {processor.py:830} INFO - Processing file /opt/airflow/dags/news_pipeline_dag.py for tasks to queue
[2026-08-26T15:55:05.001+0000] {logging_mixin.py:188} INFO - [2026-08-26T15:55:05.001+0000] {dagbag.py:538} INFO - Filling up the DagBag from /opt/airflow/dags/news_pipeline_dag.py
[2026-08-26T15:55:05.908+0000] {logging_mixin.py:188} WARNING - /opt/airflow/project_code/data_processing/enrich_data.py:3 FutureWarning: 

All support for the `google.generativeai` package has ended. It will no longer be receiving
updates or bug fixes. Please switch to the `google.genai` package as soon as possible.
See README for more details:

https://github.com/google-gemini/deprecated-generative-ai-python/blob/main/README.md
[2026-08-26T15:55:05.912+0000] {processor.py:840} INFO - DAG(s) 'news_full_medallion_pipeline' retrieved from /opt/airflow/dags/news_pipeline_dag.py
[2026-08-26T15:55:05.932+0000] {logging_mixin.py:188} INFO - [2026-08-26T15:55:05.931+0000] {dag.py:3036} INFO - Sync 1 DAGs
[2026-08-26T15:55:05.939+0000] {logging_mixin.py:188} INFO - [2026-08-26T15:55:05.939+0000] {dag.py:3823} INFO - Setting next_dagrun for news_full_medallion_pipeline to None, run_after=None
[2026-08-26T15:55:05.952+0000] {processor.py:183} INFO - Processing /opt/airflow/dags/news_pipeline_dag.py took 0.955 seconds
[2026-08-26T15:55:36.095+0000] {processor.py:161} INFO - Started process (PID=262) to work on /opt/airflow/dags/news_pipeline_dag.py
[2026-08-26T15:55:36.096+0000] {processor.py:830} INFO - Processing file /opt/airflow/dags/news_pipeline_dag.py for tasks to queue
[2026-08-26T15:55:36.097+0000] {logging_mixin.py:188} INFO - [2026-08-26T15:55:36.096+0000] {dagbag.py:538} INFO - Filling up the DagBag from /opt/airflow/dags/news_pipeline_dag.py
[2026-08-26T15:55:36.971+0000] {logging_mixin.py:188} WARNING - /opt/airflow/project_code/data_processing/enrich_data.py:3 FutureWarning: 

All support for the `google.generativeai` package has ended. It will no longer be receiving
updates or bug fixes. Please switch to the `google.genai` package as soon as possible.
See README for more details:

https://github.com/google-gemini/deprecated-generative-ai-python/blob/main/README.md
[2026-08-26T15:55:36.978+0000] {processor.py:840} INFO - DAG(s) 'news_full_medallion_pipeline' retrieved from /opt/airflow/dags/news_pipeline_dag.py
[2026-08-26T15:55:37.003+0000] {logging_mixin.py:188} INFO - [2026-08-26T15:55:37.002+0000] {dag.py:3036} INFO - Sync 1 DAGs
[2026-08-26T15:55:37.012+0000] {logging_mixin.py:188} INFO - [2026-08-26T15:55:37.012+0000] {dag.py:3823} INFO - Setting next_dagrun for news_full_medallion_pipeline to None, run_after=None
[2026-08-26T15:55:37.027+0000] {processor.py:183} INFO - Processing /opt/airflow/dags/news_pipeline_dag.py took 0.935 seconds
[2026-08-26T15:56:07.162+0000] {processor.py:161} INFO - Started process (PID=265) to work on /opt/airflow/dags/news_pipeline_dag.py
[2026-08-26T15:56:07.163+0000] {processor.py:830} INFO - Processing file /opt/airflow/dags/news_pipeline_dag.py for tasks to queue
[2026-08-26T15:56:07.164+0000] {logging_mixin.py:188} INFO - [2026-08-26T15:56:07.163+0000] {dagbag.py:538} INFO - Filling up the DagBag from /opt/airflow/dags/news_pipeline_dag.py
[2026-08-26T15:56:08.072+0000] {logging_mixin.py:188} WARNING - /opt/airflow/project_code/data_processing/enrich_data.py:3 FutureWarning: 

All support for the `google.generativeai` package has ended. It will no longer be receiving
updates or bug fixes. Please switch to the `google.genai` package as soon as possible.
See README for more details:

https://github.com/google-gemini/deprecated-generative-ai-python/blob/main/README.md
[2026-08-26T15:56:08.079+0000] {processor.py:840} INFO - DAG(s) 'news_full_medallion_pipeline' retrieved from /opt/airflow/dags/news_pipeline_dag.py
[2026-08-26T15:56:08.100+0000] {logging_mixin.py:188} INFO - [2026-08-26T15:56:08.100+0000] {dag.py:3036} INFO - Sync 1 DAGs
[2026-08-26T15:56:08.108+0000] {logging_mixin.py:188} INFO - [2026-08-26T15:56:08.108+0000] {dag.py:3823} INFO - Setting next_dagrun for news_full_medallion_pipeline to None, run_after=None
[2026-08-26T15:56:08.121+0000] {processor.py:183} INFO - Processing /opt/airflow/dags/news_pipeline_dag.py took 0.962 seconds
[2026-08-26T15:56:38.253+0000] {processor.py:161} INFO - Started process (PID=268) to work on /opt/airflow/dags/news_pipeline_dag.py
[2026-08-26T15:56:38.254+0000] {processor.py:830} INFO - Processing file /opt/airflow/dags/news_pipeline_dag.py for tasks to queue
[2026-08-26T15:56:38.255+0000] {logging_mixin.py:188} INFO - [2026-08-26T15:56:38.254+0000] {dagbag.py:538} INFO - Filling up the DagBag from /opt/airflow/dags/news_pipeline_dag.py
[2026-08-26T15:56:39.138+0000] {logging_mixin.py:188} WARNING - /opt/airflow/project_code/data_processing/enrich_data.py:3 FutureWarning: 

All support for the `google.generativeai` package has ended. It will no longer be receiving
updates or bug fixes. Please switch to the `google.genai` package as soon as possible.
See README for more details:

https://github.com/google-gemini/deprecated-generative-ai-python/blob/main/README.md
[2026-08-26T15:56:39.145+0000] {processor.py:840} INFO - DAG(s) 'news_full_medallion_pipeline' retrieved from /opt/airflow/dags/news_pipeline_dag.py
[2026-08-26T15:56:39.171+0000] {logging_mixin.py:188} INFO - [2026-08-26T15:56:39.171+0000] {dag.py:3036} INFO - Sync 1 DAGs
[2026-08-26T15:56:39.182+0000] {logging_mixin.py:188} INFO - [2026-08-26T15:56:39.181+0000] {dag.py:3823} INFO - Setting next_dagrun for news_full_medallion_pipeline to None, run_after=None
[2026-08-26T15:56:39.196+0000] {processor.py:183} INFO - Processing /opt/airflow/dags/news_pipeline_dag.py took 0.946 seconds
[2026-08-26T15:57:09.349+0000] {processor.py:161} INFO - Started process (PID=271) to work on /opt/airflow/dags/news_pipeline_dag.py
[2026-08-26T15:57:09.350+0000] {processor.py:830} INFO - Processing file /opt/airflow/dags/news_pipeline_dag.py for tasks to queue
[2026-08-26T15:57:09.351+0000] {logging_mixin.py:188} INFO - [2026-08-26T15:57:09.351+0000] {dagbag.py:538} INFO - Filling up the DagBag from /opt/airflow/dags/news_pipeline_dag.py
[2026-08-26T15:57:10.245+0000] {logging_mixin.py:188} WARNING - /opt/airflow/project_code/data_processing/enrich_data.py:3 FutureWarning: 

All support for the `google.generativeai` package has ended. It will no longer be receiving
updates or bug fixes. Please switch to the `google.genai` package as soon as possible.
See README for more details:

https://github.com/google-gemini/deprecated-generative-ai-python/blob/main/README.md
[2026-08-26T15:57:10.250+0000] {processor.py:840} INFO - DAG(s) 'news_full_medallion_pipeline' retrieved from /opt/airflow/dags/news_pipeline_dag.py
[2026-08-26T15:57:10.269+0000] {logging_mixin.py:188} INFO - [2026-08-26T15:57:10.269+0000] {dag.py:3036} INFO - Sync 1 DAGs
[2026-08-26T15:57:10.280+0000] {logging_mixin.py:188} INFO - [2026-08-26T15:57:10.280+0000] {dag.py:3823} INFO - Setting next_dagrun for news_full_medallion_pipeline to None, run_after=None
[2026-08-26T15:57:10.295+0000] {processor.py:183} INFO - Processing /opt/airflow/dags/news_pipeline_dag.py took 0.953 seconds
[2026-08-26T15:57:40.428+0000] {processor.py:161} INFO - Started process (PID=274) to work on /opt/airflow/dags/news_pipeline_dag.py
[2026-08-26T15:57:40.429+0000] {processor.py:830} INFO - Processing file /opt/airflow/dags/news_pipeline_dag.py for tasks to queue
[2026-08-26T15:57:40.430+0000] {logging_mixin.py:188} INFO - [2026-08-26T15:57:40.430+0000] {dagbag.py:538} INFO - Filling up the DagBag from /opt/airflow/dags/news_pipeline_dag.py
[2026-08-26T15:57:41.317+0000] {logging_mixin.py:188} WARNING - /opt/airflow/project_code/data_processing/enrich_data.py:3 FutureWarning: 

All support for the `google.generativeai` package has ended. It will no longer be receiving
updates or bug fixes. Please switch to the `google.genai` package as soon as possible.
See README for more details:

https://github.com/google-gemini/deprecated-generative-ai-python/blob/main/README.md
[2026-08-26T15:57:41.322+0000] {processor.py:840} INFO - DAG(s) 'news_full_medallion_pipeline' retrieved from /opt/airflow/dags/news_pipeline_dag.py
[2026-08-26T15:57:41.341+0000] {logging_mixin.py:188} INFO - [2026-08-26T15:57:41.340+0000] {dag.py:3036} INFO - Sync 1 DAGs
[2026-08-26T15:57:41.348+0000] {logging_mixin.py:188} INFO - [2026-08-26T15:57:41.348+0000] {dag.py:3823} INFO - Setting next_dagrun for news_full_medallion_pipeline to None, run_after=None
[2026-08-26T15:57:41.360+0000] {processor.py:183} INFO - Processing /opt/airflow/dags/news_pipeline_dag.py took 0.935 seconds
[2026-08-26T15:58:11.504+0000] {processor.py:161} INFO - Started process (PID=277) to work on /opt/airflow/dags/news_pipeline_dag.py
[2026-08-26T15:58:11.504+0000] {processor.py:830} INFO - Processing file /opt/airflow/dags/news_pipeline_dag.py for tasks to queue
[2026-08-26T15:58:11.505+0000] {logging_mixin.py:188} INFO - [2026-08-26T15:58:11.505+0000] {dagbag.py:538} INFO - Filling up the DagBag from /opt/airflow/dags/news_pipeline_dag.py
[2026-08-26T15:58:12.455+0000] {logging_mixin.py:188} WARNING - /opt/airflow/project_code/data_processing/enrich_data.py:3 FutureWarning: 

All support for the `google.generativeai` package has ended. It will no longer be receiving
updates or bug fixes. Please switch to the `google.genai` package as soon as possible.
See README for more details:

https://github.com/google-gemini/deprecated-generative-ai-python/blob/main/README.md
[2026-08-26T15:58:12.461+0000] {processor.py:840} INFO - DAG(s) 'news_full_medallion_pipeline' retrieved from /opt/airflow/dags/news_pipeline_dag.py
[2026-08-26T15:58:12.484+0000] {logging_mixin.py:188} INFO - [2026-08-26T15:58:12.483+0000] {dag.py:3036} INFO - Sync 1 DAGs
[2026-08-26T15:58:12.493+0000] {logging_mixin.py:188} INFO - [2026-08-26T15:58:12.493+0000] {dag.py:3823} INFO - Setting next_dagrun for news_full_medallion_pipeline to None, run_after=None
[2026-08-26T15:58:12.508+0000] {processor.py:183} INFO - Processing /opt/airflow/dags/news_pipeline_dag.py took 1.007 seconds
[2026-08-26T15:58:42.622+0000] {processor.py:161} INFO - Started process (PID=280) to work on /opt/airflow/dags/news_pipeline_dag.py
[2026-08-26T15:58:42.622+0000] {processor.py:830} INFO - Processing file /opt/airflow/dags/news_pipeline_dag.py for tasks to queue
[2026-08-26T15:58:42.623+0000] {logging_mixin.py:188} INFO - [2026-08-26T15:58:42.623+0000] {dagbag.py:538} INFO - Filling up the DagBag from /opt/airflow/dags/news_pipeline_dag.py
[2026-08-26T15:58:43.491+0000] {logging_mixin.py:188} WARNING - /opt/airflow/project_code/data_processing/enrich_data.py:3 FutureWarning: 

All support for the `google.generativeai` package has ended. It will no longer be receiving
updates or bug fixes. Please switch to the `google.genai` package as soon as possible.
See README for more details:

https://github.com/google-gemini/deprecated-generative-ai-python/blob/main/README.md
[2026-08-26T15:58:43.496+0000] {processor.py:840} INFO - DAG(s) 'news_full_medallion_pipeline' retrieved from /opt/airflow/dags/news_pipeline_dag.py
[2026-08-26T15:58:43.515+0000] {logging_mixin.py:188} INFO - [2026-08-26T15:58:43.515+0000] {dag.py:3036} INFO - Sync 1 DAGs
[2026-08-26T15:58:43.523+0000] {logging_mixin.py:188} INFO - [2026-08-26T15:58:43.523+0000] {dag.py:3823} INFO - Setting next_dagrun for news_full_medallion_pipeline to None, run_after=None
[2026-08-26T15:58:43.535+0000] {processor.py:183} INFO - Processing /opt/airflow/dags/news_pipeline_dag.py took 0.917 seconds
[2026-08-26T15:59:13.674+0000] {processor.py:161} INFO - Started process (PID=283) to work on /opt/airflow/dags/news_pipeline_dag.py
[2026-08-26T15:59:13.675+0000] {processor.py:830} INFO - Processing file /opt/airflow/dags/news_pipeline_dag.py for tasks to queue
[2026-08-26T15:59:13.676+0000] {logging_mixin.py:188} INFO - [2026-08-26T15:59:13.676+0000] {dagbag.py:538} INFO - Filling up the DagBag from /opt/airflow/dags/news_pipeline_dag.py
[2026-08-26T15:59:14.608+0000] {logging_mixin.py:188} WARNING - /opt/airflow/project_code/data_processing/enrich_data.py:3 FutureWarning: 

All support for the `google.generativeai` package has ended. It will no longer be receiving
updates or bug fixes. Please switch to the `google.genai` package as soon as possible.
See README for more details:

https://github.com/google-gemini/deprecated-generative-ai-python/blob/main/README.md
[2026-08-26T15:59:14.613+0000] {processor.py:840} INFO - DAG(s) 'news_full_medallion_pipeline' retrieved from /opt/airflow/dags/news_pipeline_dag.py
[2026-08-26T15:59:14.631+0000] {logging_mixin.py:188} INFO - [2026-08-26T15:59:14.631+0000] {dag.py:3036} INFO - Sync 1 DAGs
[2026-08-26T15:59:14.639+0000] {logging_mixin.py:188} INFO - [2026-08-26T15:59:14.639+0000] {dag.py:3823} INFO - Setting next_dagrun for news_full_medallion_pipeline to None, run_after=None
[2026-08-26T15:59:14.651+0000] {processor.py:183} INFO - Processing /opt/airflow/dags/news_pipeline_dag.py took 0.981 seconds
[2026-08-26T15:59:44.785+0000] {processor.py:161} INFO - Started process (PID=286) to work on /opt/airflow/dags/news_pipeline_dag.py
[2026-08-26T15:59:44.786+0000] {processor.py:830} INFO - Processing file /opt/airflow/dags/news_pipeline_dag.py for tasks to queue
[2026-08-26T15:59:44.787+0000] {logging_mixin.py:188} INFO - [2026-08-26T15:59:44.787+0000] {dagbag.py:538} INFO - Filling up the DagBag from /opt/airflow/dags/news_pipeline_dag.py
[2026-08-26T15:59:45.648+0000] {logging_mixin.py:188} WARNING - /opt/airflow/project_code/data_processing/enrich_data.py:3 FutureWarning: 

All support for the `google.generativeai` package has ended. It will no longer be receiving
updates or bug fixes. Please switch to the `google.genai` package as soon as possible.
See README for more details:

https://github.com/google-gemini/deprecated-generative-ai-python/blob/main/README.md
[2026-08-26T15:59:45.653+0000] {processor.py:840} INFO - DAG(s) 'news_full_medallion_pipeline' retrieved from /opt/airflow/dags/news_pipeline_dag.py
[2026-08-26T15:59:45.672+0000] {logging_mixin.py:188} INFO - [2026-08-26T15:59:45.671+0000] {dag.py:3036} INFO - Sync 1 DAGs
[2026-08-26T15:59:45.681+0000] {logging_mixin.py:188} INFO - [2026-08-26T15:59:45.681+0000] {dag.py:3823} INFO - Setting next_dagrun for news_full_medallion_pipeline to None, run_after=None
[2026-08-26T15:59:45.696+0000] {processor.py:183} INFO - Processing /opt/airflow/dags/news_pipeline_dag.py took 0.914 seconds
[2026-08-26T16:00:15.834+0000] {processor.py:161} INFO - Started process (PID=289) to work on /opt/airflow/dags/news_pipeline_dag.py
[2026-08-26T16:00:15.835+0000] {processor.py:830} INFO - Processing file /opt/airflow/dags/news_pipeline_dag.py for tasks to queue
[2026-08-26T16:00:15.836+0000] {logging_mixin.py:188} INFO - [2026-08-26T16:00:15.835+0000] {dagbag.py:538} INFO - Filling up the DagBag from /opt/airflow/dags/news_pipeline_dag.py
[2026-08-26T16:00:16.719+0000] {logging_mixin.py:188} WARNING - /opt/airflow/project_code/data_processing/enrich_data.py:3 FutureWarning: 

All support for the `google.generativeai` package has ended. It will no longer be receiving
updates or bug fixes. Please switch to the `google.genai` package as soon as possible.
See README for more details:

https://github.com/google-gemini/deprecated-generative-ai-python/blob/main/README.md
[2026-08-26T16:00:16.726+0000] {processor.py:840} INFO - DAG(s) 'news_full_medallion_pipeline' retrieved from /opt/airflow/dags/news_pipeline_dag.py
[2026-08-26T16:00:16.746+0000] {logging_mixin.py:188} INFO - [2026-08-26T16:00:16.746+0000] {dag.py:3036} INFO - Sync 1 DAGs
[2026-08-26T16:00:16.754+0000] {logging_mixin.py:188} INFO - [2026-08-26T16:00:16.754+0000] {dag.py:3823} INFO - Setting next_dagrun for news_full_medallion_pipeline to None, run_after=None
[2026-08-26T16:00:16.766+0000] {processor.py:183} INFO - Processing /opt/airflow/dags/news_pipeline_dag.py took 0.934 seconds
[2026-08-26T16:00:46.907+0000] {processor.py:161} INFO - Started process (PID=292) to work on /opt/airflow/dags/news_pipeline_dag.py
[2026-08-26T16:00:46.908+0000] {processor.py:830} INFO - Processing file /opt/airflow/dags/news_pipeline_dag.py for tasks to queue
[2026-08-26T16:00:46.909+0000] {logging_mixin.py:188} INFO - [2026-08-26T16:00:46.909+0000] {dagbag.py:538} INFO - Filling up the DagBag from /opt/airflow/dags/news_pipeline_dag.py
[2026-08-26T16:00:47.785+0000] {logging_mixin.py:188} WARNING - /opt/airflow/project_code/data_processing/enrich_data.py:3 FutureWarning: 

All support for the `google.generativeai` package has ended. It will no longer be receiving
updates or bug fixes. Please switch to the `google.genai` package as soon as possible.
See README for more details:

https://github.com/google-gemini/deprecated-generative-ai-python/blob/main/README.md
[2026-08-26T16:00:47.790+0000] {processor.py:840} INFO - DAG(s) 'news_full_medallion_pipeline' retrieved from /opt/airflow/dags/news_pipeline_dag.py
[2026-08-26T16:00:47.812+0000] {logging_mixin.py:188} INFO - [2026-08-26T16:00:47.812+0000] {dag.py:3036} INFO - Sync 1 DAGs
[2026-08-26T16:00:47.820+0000] {logging_mixin.py:188} INFO - [2026-08-26T16:00:47.820+0000] {dag.py:3823} INFO - Setting next_dagrun for news_full_medallion_pipeline to None, run_after=None
[2026-08-26T16:00:47.833+0000] {processor.py:183} INFO - Processing /opt/airflow/dags/news_pipeline_dag.py took 0.928 seconds
[2026-08-26T16:01:17.985+0000] {processor.py:161} INFO - Started process (PID=295) to work on /opt/airflow/dags/news_pipeline_dag.py
[2026-08-26T16:01:17.986+0000] {processor.py:830} INFO - Processing file /opt/airflow/dags/news_pipeline_dag.py for tasks to queue
[2026-08-26T16:01:17.987+0000] {logging_mixin.py:188} INFO - [2026-08-26T16:01:17.987+0000] {dagbag.py:538} INFO - Filling up the DagBag from /opt/airflow/dags/news_pipeline_dag.py
[2026-08-26T16:01:18.954+0000] {logging_mixin.py:188} WARNING - /opt/airflow/project_code/data_processing/enrich_data.py:3 FutureWarning: 

All support for the `google.generativeai` package has ended. It will no longer be receiving
updates or bug fixes. Please switch to the `google.genai` package as soon as possible.
See README for more details:

https://github.com/google-gemini/deprecated-generative-ai-python/blob/main/README.md
[2026-08-26T16:01:18.961+0000] {processor.py:840} INFO - DAG(s) 'news_full_medallion_pipeline' retrieved from /opt/airflow/dags/news_pipeline_dag.py
[2026-08-26T16:01:19.005+0000] {logging_mixin.py:188} INFO - [2026-08-26T16:01:19.004+0000] {dag.py:3036} INFO - Sync 1 DAGs
[2026-08-26T16:01:19.022+0000] {logging_mixin.py:188} INFO - [2026-08-26T16:01:19.022+0000] {dag.py:3823} INFO - Setting next_dagrun for news_full_medallion_pipeline to None, run_after=None
[2026-08-26T16:01:19.042+0000] {processor.py:183} INFO - Processing /opt/airflow/dags/news_pipeline_dag.py took 1.060 seconds
[2026-08-26T16:01:49.149+0000] {processor.py:161} INFO - Started process (PID=298) to work on /opt/airflow/dags/news_pipeline_dag.py
[2026-08-26T16:01:49.150+0000] {processor.py:830} INFO - Processing file /opt/airflow/dags/news_pipeline_dag.py for tasks to queue
[2026-08-26T16:01:49.150+0000] {logging_mixin.py:188} INFO - [2026-08-26T16:01:49.150+0000] {dagbag.py:538} INFO - Filling up the DagBag from /opt/airflow/dags/news_pipeline_dag.py
[2026-08-26T16:01:50.246+0000] {logging_mixin.py:188} WARNING - /opt/airflow/project_code/data_processing/enrich_data.py:3 FutureWarning: 

All support for the `google.generativeai` package has ended. It will no longer be receiving
updates or bug fixes. Please switch to the `google.genai` package as soon as possible.
See README for more details:

https://github.com/google-gemini/deprecated-generative-ai-python/blob/main/README.md
[2026-08-26T16:01:50.250+0000] {processor.py:840} INFO - DAG(s) 'news_full_medallion_pipeline' retrieved from /opt/airflow/dags/news_pipeline_dag.py
[2026-08-26T16:01:50.272+0000] {logging_mixin.py:188} INFO - [2026-08-26T16:01:50.272+0000] {dag.py:3036} INFO - Sync 1 DAGs
[2026-08-26T16:01:50.283+0000] {logging_mixin.py:188} INFO - [2026-08-26T16:01:50.283+0000] {dag.py:3823} INFO - Setting next_dagrun for news_full_medallion_pipeline to None, run_after=None
[2026-08-26T16:01:50.297+0000] {processor.py:183} INFO - Processing /opt/airflow/dags/news_pipeline_dag.py took 1.151 seconds
[2026-08-26T16:02:20.414+0000] {processor.py:161} INFO - Started process (PID=301) to work on /opt/airflow/dags/news_pipeline_dag.py
[2026-08-26T16:02:20.415+0000] {processor.py:830} INFO - Processing file /opt/airflow/dags/news_pipeline_dag.py for tasks to queue
[2026-08-26T16:02:20.416+0000] {logging_mixin.py:188} INFO - [2026-08-26T16:02:20.416+0000] {dagbag.py:538} INFO - Filling up the DagBag from /opt/airflow/dags/news_pipeline_dag.py
[2026-08-26T16:02:21.257+0000] {logging_mixin.py:188} WARNING - /opt/airflow/project_code/data_processing/enrich_data.py:3 FutureWarning: 

All support for the `google.generativeai` package has ended. It will no longer be receiving
updates or bug fixes. Please switch to the `google.genai` package as soon as possible.
See README for more details:

https://github.com/google-gemini/deprecated-generative-ai-python/blob/main/README.md
[2026-08-26T16:02:21.263+0000] {processor.py:840} INFO - DAG(s) 'news_full_medallion_pipeline' retrieved from /opt/airflow/dags/news_pipeline_dag.py
[2026-08-26T16:02:21.287+0000] {logging_mixin.py:188} INFO - [2026-08-26T16:02:21.286+0000] {dag.py:3036} INFO - Sync 1 DAGs
[2026-08-26T16:02:21.295+0000] {logging_mixin.py:188} INFO - [2026-08-26T16:02:21.295+0000] {dag.py:3823} INFO - Setting next_dagrun for news_full_medallion_pipeline to None, run_after=None
[2026-08-26T16:02:21.314+0000] {processor.py:183} INFO - Processing /opt/airflow/dags/news_pipeline_dag.py took 0.904 seconds
[2026-08-26T16:02:51.379+0000] {processor.py:161} INFO - Started process (PID=304) to work on /opt/airflow/dags/news_pipeline_dag.py
[2026-08-26T16:02:51.380+0000] {processor.py:830} INFO - Processing file /opt/airflow/dags/news_pipeline_dag.py for tasks to queue
[2026-08-26T16:02:51.381+0000] {logging_mixin.py:188} INFO - [2026-08-26T16:02:51.381+0000] {dagbag.py:538} INFO - Filling up the DagBag from /opt/airflow/dags/news_pipeline_dag.py
[2026-08-26T16:02:52.242+0000] {logging_mixin.py:188} WARNING - /opt/airflow/project_code/data_processing/enrich_data.py:3 FutureWarning: 

All support for the `google.generativeai` package has ended. It will no longer be receiving
updates or bug fixes. Please switch to the `google.genai` package as soon as possible.
See README for more details:

https://github.com/google-gemini/deprecated-generative-ai-python/blob/main/README.md
[2026-08-26T16:02:52.246+0000] {processor.py:840} INFO - DAG(s) 'news_full_medallion_pipeline' retrieved from /opt/airflow/dags/news_pipeline_dag.py
[2026-08-26T16:02:52.265+0000] {logging_mixin.py:188} INFO - [2026-08-26T16:02:52.265+0000] {dag.py:3036} INFO - Sync 1 DAGs
[2026-08-26T16:02:52.279+0000] {logging_mixin.py:188} INFO - [2026-08-26T16:02:52.279+0000] {dag.py:3823} INFO - Setting next_dagrun for news_full_medallion_pipeline to None, run_after=None
[2026-08-26T16:02:52.298+0000] {processor.py:183} INFO - Processing /opt/airflow/dags/news_pipeline_dag.py took 0.922 seconds
[2026-08-26T16:03:22.456+0000] {processor.py:161} INFO - Started process (PID=307) to work on /opt/airflow/dags/news_pipeline_dag.py
[2026-08-26T16:03:22.457+0000] {processor.py:830} INFO - Processing file /opt/airflow/dags/news_pipeline_dag.py for tasks to queue
[2026-08-26T16:03:22.458+0000] {logging_mixin.py:188} INFO - [2026-08-26T16:03:22.457+0000] {dagbag.py:538} INFO - Filling up the DagBag from /opt/airflow/dags/news_pipeline_dag.py
[2026-08-26T16:03:23.375+0000] {logging_mixin.py:188} WARNING - /opt/airflow/project_code/data_processing/enrich_data.py:3 FutureWarning: 

All support for the `google.generativeai` package has ended. It will no longer be receiving
updates or bug fixes. Please switch to the `google.genai` package as soon as possible.
See README for more details:

https://github.com/google-gemini/deprecated-generative-ai-python/blob/main/README.md
[2026-08-26T16:03:23.382+0000] {processor.py:840} INFO - DAG(s) 'news_full_medallion_pipeline' retrieved from /opt/airflow/dags/news_pipeline_dag.py
[2026-08-26T16:03:23.403+0000] {logging_mixin.py:188} INFO - [2026-08-26T16:03:23.403+0000] {dag.py:3036} INFO - Sync 1 DAGs
[2026-08-26T16:03:23.411+0000] {logging_mixin.py:188} INFO - [2026-08-26T16:03:23.411+0000] {dag.py:3823} INFO - Setting next_dagrun for news_full_medallion_pipeline to None, run_after=None
[2026-08-26T16:03:23.424+0000] {processor.py:183} INFO - Processing /opt/airflow/dags/news_pipeline_dag.py took 0.970 seconds
[2026-08-26T16:03:53.561+0000] {processor.py:161} INFO - Started process (PID=310) to work on /opt/airflow/dags/news_pipeline_dag.py
[2026-08-26T16:03:53.562+0000] {processor.py:830} INFO - Processing file /opt/airflow/dags/news_pipeline_dag.py for tasks to queue
[2026-08-26T16:03:53.562+0000] {logging_mixin.py:188} INFO - [2026-08-26T16:03:53.562+0000] {dagbag.py:538} INFO - Filling up the DagBag from /opt/airflow/dags/news_pipeline_dag.py
[2026-08-26T16:03:54.417+0000] {logging_mixin.py:188} WARNING - /opt/airflow/project_code/data_processing/enrich_data.py:3 FutureWarning: 

All support for the `google.generativeai` package has ended. It will no longer be receiving
updates or bug fixes. Please switch to the `google.genai` package as soon as possible.
See README for more details:

https://github.com/google-gemini/deprecated-generative-ai-python/blob/main/README.md
[2026-08-26T16:03:54.422+0000] {processor.py:840} INFO - DAG(s) 'news_full_medallion_pipeline' retrieved from /opt/airflow/dags/news_pipeline_dag.py
[2026-08-26T16:03:54.441+0000] {logging_mixin.py:188} INFO - [2026-08-26T16:03:54.440+0000] {dag.py:3036} INFO - Sync 1 DAGs
[2026-08-26T16:03:54.448+0000] {logging_mixin.py:188} INFO - [2026-08-26T16:03:54.448+0000] {dag.py:3823} INFO - Setting next_dagrun for news_full_medallion_pipeline to None, run_after=None
[2026-08-26T16:03:54.460+0000] {processor.py:183} INFO - Processing /opt/airflow/dags/news_pipeline_dag.py took 0.902 seconds
[2026-08-26T16:04:24.610+0000] {processor.py:161} INFO - Started process (PID=313) to work on /opt/airflow/dags/news_pipeline_dag.py
[2026-08-26T16:04:24.610+0000] {processor.py:830} INFO - Processing file /opt/airflow/dags/news_pipeline_dag.py for tasks to queue
[2026-08-26T16:04:24.611+0000] {logging_mixin.py:188} INFO - [2026-08-26T16:04:24.611+0000] {dagbag.py:538} INFO - Filling up the DagBag from /opt/airflow/dags/news_pipeline_dag.py
[2026-08-26T16:04:25.491+0000] {logging_mixin.py:188} WARNING - /opt/airflow/project_code/data_processing/enrich_data.py:3 FutureWarning: 

All support for the `google.generativeai` package has ended. It will no longer be receiving
updates or bug fixes. Please switch to the `google.genai` package as soon as possible.
See README for more details:

https://github.com/google-gemini/deprecated-generative-ai-python/blob/main/README.md
[2026-08-26T16:04:25.496+0000] {processor.py:840} INFO - DAG(s) 'news_full_medallion_pipeline' retrieved from /opt/airflow/dags/news_pipeline_dag.py
[2026-08-26T16:04:25.514+0000] {logging_mixin.py:188} INFO - [2026-08-26T16:04:25.514+0000] {dag.py:3036} INFO - Sync 1 DAGs
[2026-08-26T16:04:25.526+0000] {logging_mixin.py:188} INFO - [2026-08-26T16:04:25.526+0000] {dag.py:3823} INFO - Setting next_dagrun for news_full_medallion_pipeline to None, run_after=None
[2026-08-26T16:04:25.547+0000] {processor.py:183} INFO - Processing /opt/airflow/dags/news_pipeline_dag.py took 0.941 seconds
[2026-08-26T16:04:55.708+0000] {processor.py:161} INFO - Started process (PID=316) to work on /opt/airflow/dags/news_pipeline_dag.py
[2026-08-26T16:04:55.709+0000] {processor.py:830} INFO - Processing file /opt/airflow/dags/news_pipeline_dag.py for tasks to queue
[2026-08-26T16:04:55.710+0000] {logging_mixin.py:188} INFO - [2026-08-26T16:04:55.710+0000] {dagbag.py:538} INFO - Filling up the DagBag from /opt/airflow/dags/news_pipeline_dag.py
[2026-08-26T16:04:56.573+0000] {logging_mixin.py:188} WARNING - /opt/airflow/project_code/data_processing/enrich_data.py:3 FutureWarning: 

All support for the `google.generativeai` package has ended. It will no longer be receiving
updates or bug fixes. Please switch to the `google.genai` package as soon as possible.
See README for more details:

https://github.com/google-gemini/deprecated-generative-ai-python/blob/main/README.md
[2026-08-26T16:04:56.579+0000] {processor.py:840} INFO - DAG(s) 'news_full_medallion_pipeline' retrieved from /opt/airflow/dags/news_pipeline_dag.py
[2026-08-26T16:04:56.601+0000] {logging_mixin.py:188} INFO - [2026-08-26T16:04:56.600+0000] {dag.py:3036} INFO - Sync 1 DAGs
[2026-08-26T16:04:56.609+0000] {logging_mixin.py:188} INFO - [2026-08-26T16:04:56.608+0000] {dag.py:3823} INFO - Setting next_dagrun for news_full_medallion_pipeline to None, run_after=None
[2026-08-26T16:04:56.622+0000] {processor.py:183} INFO - Processing /opt/airflow/dags/news_pipeline_dag.py took 0.916 seconds
[2026-08-26T16:05:26.759+0000] {processor.py:161} INFO - Started process (PID=319) to work on /opt/airflow/dags/news_pipeline_dag.py
[2026-08-26T16:05:26.760+0000] {processor.py:830} INFO - Processing file /opt/airflow/dags/news_pipeline_dag.py for tasks to queue
[2026-08-26T16:05:26.760+0000] {logging_mixin.py:188} INFO - [2026-08-26T16:05:26.760+0000] {dagbag.py:538} INFO - Filling up the DagBag from /opt/airflow/dags/news_pipeline_dag.py
[2026-08-26T16:05:27.658+0000] {logging_mixin.py:188} WARNING - /opt/airflow/project_code/data_processing/enrich_data.py:3 FutureWarning: 

All support for the `google.generativeai` package has ended. It will no longer be receiving
updates or bug fixes. Please switch to the `google.genai` package as soon as possible.
See README for more details:

https://github.com/google-gemini/deprecated-generative-ai-python/blob/main/README.md
[2026-08-26T16:05:27.663+0000] {processor.py:840} INFO - DAG(s) 'news_full_medallion_pipeline' retrieved from /opt/airflow/dags/news_pipeline_dag.py
[2026-08-26T16:05:27.687+0000] {logging_mixin.py:188} INFO - [2026-08-26T16:05:27.687+0000] {dag.py:3036} INFO - Sync 1 DAGs
[2026-08-26T16:05:27.697+0000] {logging_mixin.py:188} INFO - [2026-08-26T16:05:27.697+0000] {dag.py:3823} INFO - Setting next_dagrun for news_full_medallion_pipeline to None, run_after=None
[2026-08-26T16:05:27.710+0000] {processor.py:183} INFO - Processing /opt/airflow/dags/news_pipeline_dag.py took 0.954 seconds
[2026-08-26T16:05:57.837+0000] {processor.py:161} INFO - Started process (PID=322) to work on /opt/airflow/dags/news_pipeline_dag.py
[2026-08-26T16:05:57.838+0000] {processor.py:830} INFO - Processing file /opt/airflow/dags/news_pipeline_dag.py for tasks to queue
[2026-08-26T16:05:57.838+0000] {logging_mixin.py:188} INFO - [2026-08-26T16:05:57.838+0000] {dagbag.py:538} INFO - Filling up the DagBag from /opt/airflow/dags/news_pipeline_dag.py
[2026-08-26T16:05:58.707+0000] {logging_mixin.py:188} WARNING - /opt/airflow/project_code/data_processing/enrich_data.py:3 FutureWarning: 

All support for the `google.generativeai` package has ended. It will no longer be receiving
updates or bug fixes. Please switch to the `google.genai` package as soon as possible.
See README for more details:

https://github.com/google-gemini/deprecated-generative-ai-python/blob/main/README.md
[2026-08-26T16:05:58.711+0000] {processor.py:840} INFO - DAG(s) 'news_full_medallion_pipeline' retrieved from /opt/airflow/dags/news_pipeline_dag.py
[2026-08-26T16:05:58.731+0000] {logging_mixin.py:188} INFO - [2026-08-26T16:05:58.731+0000] {dag.py:3036} INFO - Sync 1 DAGs
[2026-08-26T16:05:58.739+0000] {logging_mixin.py:188} INFO - [2026-08-26T16:05:58.739+0000] {dag.py:3823} INFO - Setting next_dagrun for news_full_medallion_pipeline to None, run_after=None
[2026-08-26T16:05:58.757+0000] {processor.py:183} INFO - Processing /opt/airflow/dags/news_pipeline_dag.py took 0.923 seconds
[2026-08-26T16:06:28.907+0000] {processor.py:161} INFO - Started process (PID=325) to work on /opt/airflow/dags/news_pipeline_dag.py
[2026-08-26T16:06:28.908+0000] {processor.py:830} INFO - Processing file /opt/airflow/dags/news_pipeline_dag.py for tasks to queue
[2026-08-26T16:06:28.909+0000] {logging_mixin.py:188} INFO - [2026-08-26T16:06:28.908+0000] {dagbag.py:538} INFO - Filling up the DagBag from /opt/airflow/dags/news_pipeline_dag.py
[2026-08-26T16:06:29.841+0000] {logging_mixin.py:188} WARNING - /opt/airflow/project_code/data_processing/enrich_data.py:3 FutureWarning: 

All support for the `google.generativeai` package has ended. It will no longer be receiving
updates or bug fixes. Please switch to the `google.genai` package as soon as possible.
See README for more details:

https://github.com/google-gemini/deprecated-generative-ai-python/blob/main/README.md
[2026-08-26T16:06:29.846+0000] {processor.py:840} INFO - DAG(s) 'news_full_medallion_pipeline' retrieved from /opt/airflow/dags/news_pipeline_dag.py
[2026-08-26T16:06:29.865+0000] {logging_mixin.py:188} INFO - [2026-08-26T16:06:29.865+0000] {dag.py:3036} INFO - Sync 1 DAGs
[2026-08-26T16:06:29.878+0000] {logging_mixin.py:188} INFO - [2026-08-26T16:06:29.878+0000] {dag.py:3823} INFO - Setting next_dagrun for news_full_medallion_pipeline to None, run_after=None
[2026-08-26T16:06:29.896+0000] {processor.py:183} INFO - Processing /opt/airflow/dags/news_pipeline_dag.py took 0.992 seconds
[2026-08-26T16:07:00.012+0000] {processor.py:161} INFO - Started process (PID=328) to work on /opt/airflow/dags/news_pipeline_dag.py
[2026-08-26T16:07:00.013+0000] {processor.py:830} INFO - Processing file /opt/airflow/dags/news_pipeline_dag.py for tasks to queue
[2026-08-26T16:07:00.014+0000] {logging_mixin.py:188} INFO - [2026-08-26T16:07:00.013+0000] {dagbag.py:538} INFO - Filling up the DagBag from /opt/airflow/dags/news_pipeline_dag.py
[2026-08-26T16:07:00.920+0000] {logging_mixin.py:188} WARNING - /opt/airflow/project_code/data_processing/enrich_data.py:3 FutureWarning: 

All support for the `google.generativeai` package has ended. It will no longer be receiving
updates or bug fixes. Please switch to the `google.genai` package as soon as possible.
See README for more details:

https://github.com/google-gemini/deprecated-generative-ai-python/blob/main/README.md
[2026-08-26T16:07:00.926+0000] {processor.py:840} INFO - DAG(s) 'news_full_medallion_pipeline' retrieved from /opt/airflow/dags/news_pipeline_dag.py
[2026-08-26T16:07:00.945+0000] {logging_mixin.py:188} INFO - [2026-08-26T16:07:00.944+0000] {dag.py:3036} INFO - Sync 1 DAGs
[2026-08-26T16:07:00.952+0000] {logging_mixin.py:188} INFO - [2026-08-26T16:07:00.952+0000] {dag.py:3823} INFO - Setting next_dagrun for news_full_medallion_pipeline to None, run_after=None
[2026-08-26T16:07:00.965+0000] {processor.py:183} INFO - Processing /opt/airflow/dags/news_pipeline_dag.py took 0.956 seconds
[2026-08-26T16:07:31.099+0000] {processor.py:161} INFO - Started process (PID=331) to work on /opt/airflow/dags/news_pipeline_dag.py
[2026-08-26T16:07:31.100+0000] {processor.py:830} INFO - Processing file /opt/airflow/dags/news_pipeline_dag.py for tasks to queue
[2026-08-26T16:07:31.101+0000] {logging_mixin.py:188} INFO - [2026-08-26T16:07:31.100+0000] {dagbag.py:538} INFO - Filling up the DagBag from /opt/airflow/dags/news_pipeline_dag.py
[2026-08-26T16:07:32.013+0000] {logging_mixin.py:188} WARNING - /opt/airflow/project_code/data_processing/enrich_data.py:3 FutureWarning: 

All support for the `google.generativeai` package has ended. It will no longer be receiving
updates or bug fixes. Please switch to the `google.genai` package as soon as possible.
See README for more details:

https://github.com/google-gemini/deprecated-generative-ai-python/blob/main/README.md
[2026-08-26T16:07:32.022+0000] {processor.py:840} INFO - DAG(s) 'news_full_medallion_pipeline' retrieved from /opt/airflow/dags/news_pipeline_dag.py
[2026-08-26T16:07:32.040+0000] {logging_mixin.py:188} INFO - [2026-08-26T16:07:32.040+0000] {dag.py:3036} INFO - Sync 1 DAGs
[2026-08-26T16:07:32.048+0000] {logging_mixin.py:188} INFO - [2026-08-26T16:07:32.048+0000] {dag.py:3823} INFO - Setting next_dagrun for news_full_medallion_pipeline to None, run_after=None
[2026-08-26T16:07:32.060+0000] {processor.py:183} INFO - Processing /opt/airflow/dags/news_pipeline_dag.py took 0.964 seconds
[2026-08-26T16:08:02.201+0000] {processor.py:161} INFO - Started process (PID=334) to work on /opt/airflow/dags/news_pipeline_dag.py
[2026-08-26T16:08:02.202+0000] {processor.py:830} INFO - Processing file /opt/airflow/dags/news_pipeline_dag.py for tasks to queue
[2026-08-26T16:08:02.202+0000] {logging_mixin.py:188} INFO - [2026-08-26T16:08:02.202+0000] {dagbag.py:538} INFO - Filling up the DagBag from /opt/airflow/dags/news_pipeline_dag.py
[2026-08-26T16:08:03.099+0000] {logging_mixin.py:188} WARNING - /opt/airflow/project_code/data_processing/enrich_data.py:3 FutureWarning: 

All support for the `google.generativeai` package has ended. It will no longer be receiving
updates or bug fixes. Please switch to the `google.genai` package as soon as possible.
See README for more details:

https://github.com/google-gemini/deprecated-generative-ai-python/blob/main/README.md
[2026-08-26T16:08:03.103+0000] {processor.py:840} INFO - DAG(s) 'news_full_medallion_pipeline' retrieved from /opt/airflow/dags/news_pipeline_dag.py
[2026-08-26T16:08:03.122+0000] {logging_mixin.py:188} INFO - [2026-08-26T16:08:03.122+0000] {dag.py:3036} INFO - Sync 1 DAGs
[2026-08-26T16:08:03.130+0000] {logging_mixin.py:188} INFO - [2026-08-26T16:08:03.130+0000] {dag.py:3823} INFO - Setting next_dagrun for news_full_medallion_pipeline to None, run_after=None
[2026-08-26T16:08:03.143+0000] {processor.py:183} INFO - Processing /opt/airflow/dags/news_pipeline_dag.py took 0.945 seconds
